<?xml version = '1.0' encoding = 'UTF-8'?>
<!DOCTYPE version SYSTEM "../../lib/pkp/dtd/rtVersion.dtd">
<!--
  * Art_Architecture.xml
  *
  * Copyright (c) 2013-2016 Simon Fraser University Library
  * Copyright (c) 2003-2016 John Willinsky
  * Distributed under the GNU GPL v2. For full terms see the file docs/COPYING.
  *
  * Reading Tools version: Art & Architecture (fa_IR)
  *
  -->
<version locale="fa_IR" id="Art_Architecture" >
  <version_title>هنر و معماری</version_title>
  <version_description>The Reading Tools can help readers of this study consult a wide range of related resources that can provide a context for interpreting, situating and evaluating the study.</version_description>
  <context>
    <context_title>کار نویسندگان</context_title>
    <context_abbrev>کارهای دیگر</context_abbrev>
    <context_description>سایر کارهای نویسنده را از طریق موتور جستجوی او آ آی مشخص میکند.</context_description>
    <author_terms/>
    <search>
      <search_title>گوگل اسکولار</search_title>
      <search_description>به کمک گوگل اسکولار میتوان به جستجوی مقالات منجمله مقالات کارشناسی شده - تزها - کتب - چکیده ها و گزارشات پرداخت. محتوای این قسمت را طیفی از ناشران و مؤلفین تشکیل میدهند که با گوگل ارتباط دارند مانند: انجمن ماشین های محاسب - IEEE - سرویس آزاد سند یاب OCLC و غیره. نتایج این جستجو معمولا بصورت آنالیز مدل ارجاع - نسخه های مختلف سند و محل های نگهداری است.</search_description>
      <url>http://scholar.google.com</url>
      <search_url>http://scholar.google.com/scholar?ie=UTF-8&amp;oe=UTF-8&amp;hl=eng&amp;as_sauthors={$formKeywords}</search_url>
    </search>
    <search>
      <search_title>OAIster (بانک های آرشیو پژوهشی رایگان)</search_title>
      <search_description>OAIster پروژه ای است از کتابخانه الکترونیکی دانشگاه میشیگان که با میتوان انواع مختلفی از مجموعه های وب مربوط به مؤسسات مختلف را جستجو کرد. این مؤسسات حاصل منابع الککترونیکی خود را در دسترس میگذارند که از طریق پروژه مذکور در سرویس بازیابی OAIster قرار میگیرد.</search_description>
      <url>http://oaister.umdl.umich.edu/</url>
      <search_url>http://oaister.umdl.umich.edu/cgi/b/bib/bib-idx?type=boolean&amp;size=10&amp;c=oaister&amp;q1=&amp;rgn1=entire+record&amp;op2=and&amp;q2=&amp;rgn2=entire+record&amp;op3=And&amp;q3=&amp;rgn3=title&amp;op4=And&amp;rgn4=author&amp;op5=And&amp;q5=&amp;rgn5=subject&amp;op6=And&amp;rgn6=norm&amp;q6=all+types&amp;sort=author%2Fcreator&amp;submit2=search&amp;q4={$formKeywords}</search_url>
    </search>
    <search>
      <search_title>استخراج کننده آرشیو رایگان مربوط به پروژه دانش عمومی</search_title>
      <search_description>استخراج کننده آرشیو رایگان پروژه دانش عمومی یک سیستم اندکس کننده متاداده رایگان است که توسط پروژه دانش عمومی در جهت افزایش دستیابی به منابع پژوهشی ایجاد شده است. با این ابزار میتوانید اندکس قابل جستجوئی از متاداده مطابق با استاندارد راهنمای آرشیو آزاد مانند سایت هاسی که او ج اس را نسب کرده اند ایجاد کنید.</search_description>
      <url>http://pkp.sfu.ca/harvester/</url>
      <search_url>http://pkp.sfu.ca/harvester/search.php?limit=author&amp;query={$formKeywords}</search_url>
    </search>
    <search>
      <search_title>SPIRO (کتابخانه اسلاید معماری دانشگاه کالیفرنیا - برکلی)</search_title>
      <search_description>بکمک SPIRO (بازیابی آنلاین تصاویر - عکس و اسلاید) میتوان به تصاوی و اطلاعات توصیفی آنها در مورد بیش از ۲۰٪ مجموعه ۲۰۰۰۰۰ اسلایدی کتابخانه دست یافت.</search_description>
      <url>http://www.mip.berkeley.edu/query_forms/browse_spiro_form.html</url>
      <search_url>http://www.mip.berkeley.edu/cgi-bin/browse_spiro_new/tmp?db_handle=browse_spiro&amp;object=&amp;place=&amp;aat_term=&amp;aat_term2=&amp;source=&amp;image_id=&amp;kw=&amp;from_date=&amp;period=any&amp;result_type=thumbnail_with_descr&amp;name={$formKeywords}</search_url>
    </search>
    <search>
      <search_title>GreatBuildings.com</search_title>
      <search_description>اسناد معماری بیش از هزار بنای مهم دنیا یا تاریخی وصدها معمار - همرا با مدل های سه بعدی فوتو و ترسیم های معماری - نظرات - بیوگرافی و لینکهای مربوطه برای طراحان معروف و انواع ساختمانها.</search_description>
      <url>http://www.greatbuildings.com/search.html</url>
      <search_url>http://www.greatbuildings.com/cgi-bin/gbc-search.cgi?search=architect&amp;architect={$formKeywords}</search_url>
    </search>
    <search>
      <search_title>Intute: هنر و هومانیته</search_title>
      <search_description>هنر و هومانیته سرویسی آزاد برای دستیابی به بهترین منابع وب در مورد آموزش و تحقیق است که توسط متخصصین محتلف مورد بررسی قرار گرفته است. بیش از ۱۸۰۰۰ منبع وب در آنجا لیست شده و برایگان در دسترس است.</search_description>
      <url>http://www.intute.ac.uk/artsandhumanities/ejournals.html</url>
      <search_url>http://www.intute.ac.uk/artsandhumanities/cgi-bin/search.pl?submit.x=0&amp;submit.y=0&amp;submit=Go&amp;limit=0&amp;subject=artsandhumanities&amp;term1={$formKeywords}</search_url>
    </search>
  </context>
  <context>
    <context_title>واژه مورد جستجو</context_title>
    <context_abbrev>واژه های مورد جستجو</context_abbrev>
    <context_description>بر روی لقت مورد نظر دوبار کلیک کنید تا در پنجره تعریف لغات در جعبه متن مربوطه وارد شود. میتوانید کلمه مورد نشر را مستقیما در جعبه متن مذکور تایپ کنید. سپس از دکمه ها مختلف جستجو برای یافتن تعریف لغت استفاده کنید. این منابع بخاطر ارتباطشان و همچنین رایگان بودنشان انتخاب شده اند.</context_description>
    <define_terms/>
    <search>
      <search_title>گوگل</search_title>
      <search_description>جستجو برای تعریف لغت از طریق موتور جستجوی گوگل</search_description>
      <url>http://www.google.com/</url>
      <search_url>http://www.google.com/search?hl=en&amp;q=define%3A{$formKeywords}</search_url>
    </search>
    <search>
      <search_title>دائره المعارف کلمبیا</search_title>
      <search_description>دائره المعارف کلمبیا با بیش از ۵۱۰۰۰ لغت همراه با ۸۰۰۰۰ لینک کمک شایانی برای خوانندگان است.</search_description>
      <url>http://www.bartleby.com/65/</url>
      <search_url>http://www.bartleby.com/cgi-bin/texis/webinator/65search?search_type=full&amp;query={$formKeywords}</search_url>
    </search>
    <search>
      <search_title>WordWeb Online</search_title>
      <search_description>ورد وب یک لغت نامه آنلاین با بیش از ۲۸۰۰۰۰ واژه و عبارت است. بصورت نرم افزار تحت ویندوز نیز وجود دارد.
ورد وب کاملا املای آمریکائی, انگلستانی, آسترالیائی, کانادائی و آسیائی را حمایت میکند.</search_description>
      <url>http://www.wordwebonline.com/</url>
      <search_url>http://www.wordwebonline.com/search.pl?w={$formKeywords}</search_url>
    </search>
    <search>
      <search_title>Merriam-Webster Online</search_title>
      <search_description>لغت نامه ای بر اساس وبستر چاپ دهم ۱۹۹۳ است که سالانه بروز رسانی میشود. بیش از ۱۶۰۰۰۰ لغت دارد. برای هر لغت تعریف, تلفظ, کاربرد, عملکردهای گرامری, و اتیمولوژی مختصری ارائه میدهد. شامل یک تزاروس نیز میشود. در صورت املای اشتباه کلمه موارد صحیح پیشنهادی را نشان میدهد. سیستم جستجوی لغت نامه نشانگر همانی جستجو (*, ؟) و حذف انتهای راست را نیز حمایت میکند. راهنمای جامعی برای تلفظ و فایل های صوتی برای تلفظ بسیاری کلمات دارد.</search_description>
      <url>http://www.merriam-webster.com/</url>
      <search_url>http://www.merriam-webster.com/cgi-bin/dictionary?book=Dictionary&amp;va={$formKeywords}</search_url>
    </search>
    <search>
      <search_title>OneLook Dictionaries</search_title>
      <search_description>وان لوک یک لغت نامه واسطه ای است. یک لعت یا علامت اختصاری را وارد میکنید, سپس وان لوک اندکس ۵,۲۹۲,۳۶۳ لغتی خود را در ۹۳۴ لعت نامه جستجو میکند.</search_description>
      <url>http://www.onelook.com/index.html</url>
      <search_url>http://www.onelook.com/?ls=a&amp;w={$formKeywords}</search_url>
    </search>
    <search>
      <search_title>ویکی پدیا: دائره المعارف آزاد</search_title>
      <search_description>ویکی پدیا دائره المعارفی رایگان است که توسط تمام مردم در سرتاسر دنیا ویرایش میشود. سایت بصورت ویکی ویکی است که به معنای ویرایش هرچیز توسط هر کس میباشد. بدون نظارت دبیران کیفیت مطالب شدیدا نوسان میکند ولی ارزش جستجو را دارد. نسخه انگلیسی آن صدها هزار مقوله دارد. نسخه های اسپانیائی, فرانسوی, و اسپرانتو و سایر زبانها نیز دارد.</search_description>
      <url>http://en.wikipedia.org/wiki/Main_Page</url>
      <search_url>http://en.wikipedia.org/wiki/Special:Search?go=Go&amp;fulltext=Search&amp;search={$formKeywords}</search_url>
    </search>
    <search>
      <search_title>Infoplease.com</search_title>
      <search_description>این سایت حاوی اطلاعات گاه شماری شامل بانک بیوگرافی, دیکشنری, اطلس, مقالات دائره المعارف کولومبیاآنسیکلوپدیا میباشد. میتوانید این مجموعه ها را بصورت دسته جمعه یا منفرد جستجو کنید و یا گاهشمار را مرور کنید. هر هفته سرگذت های جالبی حاوی طیفی از اخبار همراه با لینک به محتوای مربوطه در گاهشمار ارائه میشود.</search_description>
      <url>http://www.infoplease.com</url>
      <search_url>http://www.infoplease.com/search?fr=iptn&amp;in=all&amp;x=0&amp;y=0&amp;query={$formKeywords}</search_url>
    </search>
  </context>
  <context>
    <context_title>مطالعات مشابه</context_title>
    <context_abbrev>مطالعات مشابه</context_abbrev>
    <context_description>دستیابی به مطالعات مشابه از طریق ایجاد یک لینک فعال با بانکهای رایکان همرا با چکیده و یا تمام متن مغاله</context_description>
    <search>
      <search_title>SPIRO (کتابخانه اسلاید معماری دانشگاه کالیفرنیا - برکلی)</search_title>
      <search_description>بکمک SPIRO (بازیابی آنلاین تصاویر - عکس و اسلاید) میتوان به تصاوی و اطلاعات توصیفی آنها در مورد بیش از ۲۰٪ مجموعه ۲۰۰۰۰۰ اسلایدی کتابخانه دست یافت.</search_description>
      <url>http://www.mip.berkeley.edu/query_forms/browse_spiro_form.html</url>
      <search_url>http://www.mip.berkeley.edu/cgi-bin/browse_spiro_new/tmp?db_handle=browse_spiro&amp;object=&amp;place=&amp;aat_term=&amp;aat_term2=&amp;source=&amp;image_id=&amp;from_date=&amp;period=any&amp;result_type=thumbnail_with_descr&amp;name=&amp;kw={$formKeywords}</search_url>
    </search>
    <search>
      <search_title>Intute: هنر و هومانیته</search_title>
      <search_description>هنر و هومانیته سرویسی آزاد برای دستیابی به بهترین منابع وب در مورد آموزش و تحقیق است که توسط متخصصین محتلف مورد بررسی قرار گرفته است. بیش از ۱۸۰۰۰ منبع وب در آنجا لیست شده و برایگان در دسترس است.</search_description>
      <url>http://www.intute.ac.uk/artsandhumanities/ejournals.html</url>
      <search_url>http://www.intute.ac.uk/artsandhumanities/cgi-bin/search.pl?submit.x=0&amp;submit.y=0&amp;submit=Go&amp;limit=0&amp;subject=artsandhumanities&amp;term1={$formKeywords}</search_url>
    </search>
    <search>
      <search_title>GreatBuildings.com</search_title>
      <search_description>اسناد معماری بیش از هزار بنای مهم دنیا یا تاریخی وصدها معمار - همرا با مدل های سه بعدی فوتو و ترسیم های معماری - نظرات - بیوگرافی و لینکهای مربوطه برای طراحان معروف و انواع ساختمانها.</search_description>
      <url>http://www.greatbuildings.com/search.html</url>
      <search_url>http://www.greatbuildings.com/cgi-bin/gbc-search.cgi?search=building&amp;building={$formKeywords}</search_url>
    </search>
  </context>
  <context>
    <context_title>سیاست دولت</context_title>
    <context_abbrev>Gov Policy</context_abbrev>
    <context_description>منابع مختلف دولتی را چک میکند</context_description>
    <search>
      <search_title>دسترسی به اطلاعات دولتی استرالیا</search_title>
      <search_description>اطلاعات دولتی جامعی در مورد استرالیا</search_description>
      <url>http://www.fed.gov.au</url>
      <search_url>http://govsearch.australia.gov.au/search/search.cgi?collection=gov&amp;form=au&amp;query=&amp;query_phrase=&amp;query_or=&amp;query_not=&amp;meta_f_sand=&amp;scope=&amp;fscope=512&amp;num_ranks=20&amp;chksummary=chksummary&amp;query_and={$formKeywords}</search_url>
    </search>
    <search>
      <search_title>دولت کانادا</search_title>
      <search_description>جستجو در اطلاعات تمام بخشهای دولتی و استانها و نواحی. در آن یک لینک به آژانسها و بخشهای دولتی وجود دارد که شامل اندکس الفبائی میشود.</search_description>
      <url>http://www.canada.gc.ca/main_e.html</url>
      <search_url>http://search-recherche.gc.ca/cgi-bin/query?mss=canada%2Fen%2Fsimple&amp;pg=q&amp;enc=iso88591&amp;site=main&amp;bridge=&amp;stt=&amp;lowercaseq=&amp;what=web&amp;user=searchintranet&amp;browser=N6E&amp;kl=XX&amp;op=a&amp;q={$formKeywords}</search_url>
    </search>
    <search>
      <search_title>Directgov</search_title>
      <search_description>دیرکت گاو یک سرویس دولتی است که دستیابی به آخرین و جامعترین اطلاعات عمومی بر روی وب و تلویزیون فراهم میکند. از همان ساختار تعریف شده توسط گاو تاک بریتانیا استفاده میکند.</search_description>
      <url>http://www.direct.gov.uk</url>
      <search_url>http://www.direct.gov.uk/AdvancedSearch/SearchResults/fs/en?NP=1&amp;PO1=C&amp;PI1=W&amp;PF1=A&amp;PG=1&amp;RP=20&amp;SC=__dgov_site&amp;Z=1&amp;PT1={$formKeywords}</search_url>
    </search>
    <search>
      <search_title>Info4local.gov.uk</search_title>
      <search_description>اطلاعاتی برای دولت های محلی از دولت مرکزی. اطلاعاتی در مورد دولت مرکزی در اختیار سازمانهای محلی میگذارد. حاوی اطلاعات جامعی در مورد بکار بستن دولت الکترونیک نیز میباشد.</search_description>
      <url>http://www.info4local.gov.uk</url>
      <search_url>http://www.info4local.gov.uk/?view=Search+results&amp;subjects=all&amp;departmentsIds=0&amp;informationTypesIds=all&amp;query={$formKeywords}</search_url>
    </search>
    <search>
      <search_title>پورتال دولتی نیوزلند</search_title>
      <search_description>پورتال دولتی نیوزلند اطلاعات سازمانهای دولتی را ارائه میدهد.</search_description>
      <url>http://www.govt.nz</url>
      <search_url>http://www.govt.nz/search?type=spider&amp;t=spider&amp;q={$formKeywords}</search_url>
    </search>
    <search>
      <search_title>Europa</search_title>
      <search_description>اطلاعات جاری درمورد کشورهای عضو اتحادیه اروپا, شامل اطلاعات آماری, سیاست ها, اخبار, مستندات دولتی, متون حقوقی, و دیگر انتشارات است.</search_description>
      <url>http://europa.eu.int/index_en.htm</url>
      <search_url>http://europa.eu.int/geninfo/query/resultaction.jsp?page=1</search_url>
      <search_post>Collection=EuropaFull&amp;ResultTemplate=/result_en.jsp&amp;ResultCount=25&amp;qtype=simple&amp;ResultMaxDocs=200&amp;DefaultLG=en&amp;QueryText={$formKeywords}</search_post>
    </search>
    <search>
      <search_title>شبکه جهانی اطلاعات قانونی (GLIN)</search_title>
      <search_description>شبکه جهانی اطلاعات قانونی (GLIN) بانی است از قوانین, مقررات, تصمیمات قضائی, و دیگر منابع قانونی تکمیلی که توسط آژانسهای دولتی و سازمانهای بین المللی عرضه شده است.</search_description>
      <url>http://www.glin.gov</url>
      <search_url>http://www.glin.gov/search.do?refineQuery=&amp;offset=0&amp;refineQueryType=&amp;fromSearch=true&amp;queryType=ALL&amp;searchBtn=Search&amp;includeAllFields=on&amp;searchAll=on&amp;sumLanguage=any&amp;pubLanguage=any&amp;pubJurisdiction=any&amp;publicationJurisdictionExclude=false&amp;searchPublicationDate=true&amp;dateFromDay=01&amp;dateFromMonth=01&amp;dateFromYear=&amp;dateToDay=01&amp;dateToMonth=01&amp;dateToYear=&amp;subjTerm=&amp;subjTermConjunction%5B0%5D=AND&amp;subjTerm=&amp;subjTermConjunction%5B1%5D=AND&amp;subjTerm=&amp;subjTermConjunction%5B2%5D=AND&amp;subjTerm=&amp;subjTermConjunction%5B3%5D=AND&amp;subjTerm=&amp;searchOrder=default&amp;hitsPerPage=10&amp;showSummary=on&amp;queryString={$formKeywords}</search_url>
    </search>
  </context>
  <context>
    <context_title>جستجوی کتاب</context_title>
    <context_abbrev>جستجوی کتاب</context_abbrev>
    <context_description>منابع مربوط به کتاب</context_description>
    <search>
      <search_title>گوگل پرینت</search_title>
      <search_description>گوگل یک کار تیمی همرا با دانشگاهای میشیگان, هاروارد, استانفورد, آکسفورد و کتابخانه عمومی نیویورک برای الکترونیکی کردن کتابهای موجود در آنها و در دسترس عموم قرار دادن آنها را از طریق سرویس موسوم به گوگلپرینت شروع کرده است. گوگل پرینت یک سرویس اسکن گسترده است که ملیونها جلد کتب چاپی را به صورت الکترونیک وارد بانک گوگل میکند. بر روی عنوان کتاب کلیک کنید و صفحه ای از کتاب که واژه مورد جستجوی شما را دارد را مشاهده کنید.</search_description>
      <url>http://print.google.com</url>
      <search_url>http://print.google.com/print?q={$formKeywords}</search_url>
    </search>
    <search>
      <search_title>صفحه کتب آنلاین</search_title>
      <search_description>صفحه کتب آنلاین که در دانشگاه پنسیلوانیا توسط John Mark Ockerbloom ایجاد شده است نقطه شروع خوبی برای یافتن تمام متن کتب بر روی اینترنت میباشد. بیش از ۲۰,۰۰۰ کتاب به زبان انگلیسی در سایت های مختلف آن وجود دارد. جستجو بر حسب نویسنده یا عنوان مقدور است. میتوان بر اساس شماره ثبت کتابخانه کنگره آمریکا کتب را مرور کرد. کتب جدید بطور مرتب اضافه میشوند و در صفحه جداگانه ای لیست میگردند.</search_description>
      <url>http://digital.library.upenn.edu/books/</url>
      <search_url>http://onlinebooks.library.upenn.edu/webbin/book/search?tmode=words&amp;title={$formKeywords}</search_url>
    </search>
    <search>
      <search_title>کتاب آنلاین</search_title>
      <search_description>مجموعه بیش از ۳۲,۹۳۵ عنوان قابل جستجو بر اساس موضوع, نویسنده, یا عنوان. البته تمام عناوین رایگان نیست.</search_description>
      <url>http://www.books-on-line.com/</url>
      <search_url>http://www.books-on-line.com/bol/KeyWordSearch.cfm?RowCount=50&amp;Searchquery={$formKeywords}</search_url>
    </search>
    <search>
      <search_title>کتابخانه جهانی</search_title>
      <search_description>کتابخانه جهانی بسیار متنوع است. بیش از ۱۰۰,۰۰۰ کتاب الکترونیکی (بسیاری از آن ار پروژه گوتنبرگ) در آن وجود دارد. در نظر دارد که تا پایان ۲۰۰۵ یک ملیون کتاب الکترونیکی را داشته باشد.</search_description>
      <url>http://tera-3.ul.cs.cmu.edu/</url>
      <search_url>http://tera-3.ul.cs.cmu.edu/cgi-bin/DBscripts/advsearch_db.cgi?perPage=25&amp;listStart=0&amp;author1=&amp;subject1=Any&amp;year1=&amp;year2=&amp;language1=Any&amp;scentre=Any&amp;search=Search&amp;title1={$formKeywords}</search_url>
    </search>
  </context>
  <context>
    <context_title>رساله ها</context_title>
    <context_abbrev>رساله ها</context_abbrev>
    <context_description>مجموعه ای از مواد آموزشی فارغ التحصیلان را ارائه میدهد که توسط سازمانهای مختلفی در دنیا عرضه شده است.</context_description>
    <search>
      <search_title>کتابخانه دیژیتال شبکه ای پایان نامه ها و رساله های یونیون کاتالوگ</search_title>
      <search_description>این یونیون کاتالوگ به عنوان منبائی از مواد آموزشی فارغ التحصیلان توسط سازمانهای بسیاری ارائی شده است. این پروژه همکاری مشترکی بین NDLTD وVTLS میباشد. امید میرود این پروژه بتواند در دسترس بودن مواد آموزشی و پژوهشی دانشجوئی را افزایش دهد.</search_description>
      <url>http://zippo.vtls.com/cgi-bin/ndltd/chameleon</url>
      <search_url>http://zippo.vtls.com/cgi-bin/ndltd/chameleon?sessionid=2006051219043826835&amp;skin=ndltd&amp;submittheform=Search&amp;usersrch=1&amp;beginsrch=1&amp;elementcount=3&amp;function=INITREQ&amp;search=SCAN&amp;lng=en&amp;pos=1&amp;conf=.%2Fchameleon.conf&amp;u1=4&amp;host=localhost%2B3668%2BDEFAULT&amp;t1={$formKeywords}</search_url>
    </search>
    <search>
      <search_title>بانک رساله های دکترای خارجی CRL</search_title>
      <search_description>بانک اطلاعاتی در دست ساختمان مرکز تحقیقات کتابخانه ای (CRL) برای رساله هائی است که در خارج از آمریکا و کانادا منتشر شده اند. در حال حاضر ۱۵,۰۰۰ مورد از ۷۵۰,۰۰۰ به داخل بانک اطلاعاتی وارد شده است. بر حسب نویسنده, مؤسسه, عنوان, سال, عنوان ترجمه شده, کلیدواژه های موضوعی, زبان, و کشور قابل جستجو میباشد. راهنمای امانت بین کتابخانه ای نیز در آن موجود میباشد.</search_description>
      <url>http://www.crl.edu/default.asp</url>
      <search_url>http://www.crl.edu/DBSearch/catalogSearchNew.asp?sort=R&amp;req_type=X&amp;search={$formKeywords}</search_url>
    </search>
    <search>
      <search_title>جستجوی Scirus ETD</search_title>
      <search_description>سرویس جستجوئی است ک توسط Scirus تهیه شده است و بر مبنای داده های استخراج شده از یونیون آرشیو مربوط به OCLC میباشد.</search_description>
      <url>http://www.ndltd.org/info/description.en.html</url>
      <search_url>http://www.scirus.com/srsapp/search?rep=ndl&amp;q={$formKeywords}</search_url>
    </search>
    <search>
      <search_title>Dissertation.com</search_title>
      <search_description>ناشر آکادمیک تزهای فوق لیسانس و دکتری و PhD میباشد. هزاران چکیده رساله را در بانک اطلاعاتی رساله ها جستحو میکد.</search_description>
      <url>http://dissertation.com/</url>
      <search_url>http://dissertation.com/browse.php?criteria=all&amp;submit.x=23&amp;submit.y=5&amp;keyword={$formKeywords}</search_url>
    </search>
  </context>
  <context>
    <context_title>پورتالهای مربوطه</context_title>
    <context_abbrev>پورتالهای مربوطه</context_abbrev>
    <context_description>راه ورودی به وب سایت های دیگر ارائه میکند.</context_description>
    <search>
      <search_title>گذر راه هنر, طراحی, معماری و رسانه ها (ADAM)</search_title>
      <search_description>ADAM به منظور ایجاد گذرراهی برای اطلاعات در زمینه هنر, طراحی, معمارب, هنرهای کاربردی, رسانه, تئوری, مطالعات موزه. تاسیس شده است. یکی از کتابخانه های الکترونیکی مهم برای دستیابی به منابع شبکه (ANR) است و بودجه خودرا از JISC دریافت میکند.</search_description>
      <url>http://www.adam.ac.uk/index.html</url>
      <search_url>http://www.adam.ac.uk/ixbin/hixserv?_IXDB_=adam&amp;%7BUPPER%7D%24%3Fany%3A+IX_MODE+rel%3D1+%28%24any%29+INDEX+res_keywords=.&amp;%24+with+res_pub=.&amp;%24sort+@descending+%24%24relevance=.&amp;%24%3F%21x%3A%28%28collection+or+item%29+in+res_granularity%29=.&amp;_IXSPFX_=s&amp;submit-button=SUMMARY&amp;%24%3Dany%3D%24={$formKeywords}</search_url>
    </search>
    <search>
      <search_title>اکروپلیس. نت</search_title>
      <search_description>قدیمی ترین منبع در زمینه معماری در اینترنت می باشد که در برگیرنده ی طراحان داخلی, معماران یا تزيین کنندگان, استخدام, وب سایتهای آزاد, سهام های آزاد و موتور جستجو می باشد
</search_description>
      <url>http://www.akropolis.net/</url>
      <search_url>http://www.akropolis.net/search/index.ahtml?referredby=home&amp;action=SEARCH&amp;words={$formKeywords}</search_url>
    </search>
  </context>
  <context>
    <context_title>دیتا بیسیز (پایگاه داده ها)</context_title>
    <context_abbrev>دیتا بیسیز (پایگاه داده ها)</context_abbrev>
    <context_description>آرت اند آرکیتکچر دیتا بیسیز (پایگاه داده های هنر و معماری)</context_description>
    <search>
      <search_title>آرت سایکلوپیدیا دات کام (دایرة المعارف هنر)</search_title>
      <search_description>این سایت نمایه ای جامع از همه ی آنچه را که هر هنرمند در صدها سایت موزه ای ارا‌ئه کرده, بایگانی عکس ها و دیگر منابع آنلاین, گردآوری کرده است. این سایت با پوشش بزرگترین و بهترین سایت های اطراف شروع بکار کرده است و لینکهایی از بهترین و مشهورترین هنرمندان را دارد که شامل ۱۸۰۰ سایت هنری می باشد و بیش از۶۰۰۰۰ لینک به حدود ۱۵۰۰۰۰ کار هنری از ۸۱۰۰ هنرمند مشهور را ارائه می دهد.
</search_description>
      <url>http://www.artcyclopedia.com/</url>
      <search_url>http://www.artcyclopedia.com/scripts/tsearch.pl?type=2&amp;t={$formKeywords}</search_url>
    </search>
    <search>
      <search_title>یونین لیست آو آرتیستز نیمز (فهرستی منسجم از نام هنرمندان)</search_title>
      <search_description>در برگیرنده ی اطلاعاتی در زمینه ی زندگی نامه ی هنرمندان و معماران می باشد و اسامی, تخلص و تنوع زبانی آنان را شامل می شود. </search_description>
      <url>http://www.getty.edu/research/tools/vocabulary/ulan/</url>
      <search_url>http://www.getty.edu/vow/ULANServlet?nation=&amp;english=Y&amp;role=&amp;page=1&amp;find={$formKeywords}</search_url>
    </search>
  </context>
  <context>
    <context_title>آنلاین فریومز (آنلاین عمومی)</context_title>
    <context_abbrev>آنلاین فریومز (آنلاین عمومی)</context_abbrev>
    <context_description>محل های آنلاین را انتخاب کنید ، دسترسی آزاد و عمومی متن مطالعات تحقیقاتی روی سایت شما قرار می گیرد.</context_description>
    <search>
      <search_title>لیس زد تی </search_title>
      <search_description>لیس زد تی که با تاپیکا هاست می شود یک سرویس آزاد است که به شما اجازه می دهد فهرست ایمیل ها را پیدا کنید، مدیریت کنید و در گروههای بحث در علوم زیستی شرکت کنید </search_description>
      <url>http://www.liszt.com/dir/?cid=30</url>
      <search_url>http://www.liszt.com/search/?search_type=cat&amp;query={$formKeywords}</search_url>
    </search>
    <search>
      <search_title>ام ایند: میتینگ ایندکس (نمایه ی جلسات)</search_title>
      <search_description>از این سرویس برای مشخص کردن و محلی کردن سازمان دهنده ها و حامیان برای کنفرانس ها، سمینارها، ملاقات ها، نشست ها، و همایش ها ( در آینده و گذشته) استفاده می شود.</search_description>
      <url>http://www.interdok.com/</url>
      <search_url>http://www.google.com/search?q=site%3Ainterdok.com/mind/+{$formKeywords}</search_url>
    </search>
  </context>
  <context>
    <context_title>پی-پر-ری ویو (مشاهدهی هزینه بر)</context_title>
    <context_abbrev>پی-پر-ری ویو (مشاهدهی هزینه بر)</context_abbrev>
    <context_description>مشاهده هزینه بر برای آن دسته افرادی است که دسترسی مستقیم به مقالات مجلات الکترونیک را از طریق اشتراک ندارد. این نوع سرویس دهی به مشتریان این امکان را می دهد تا دسترسی مستقیم به یک مقاله را با پرداخت  کارت اعتباری با استفاده از مکانیزم پرداخت ایمن آر اس سی سریعا کارت آنان عتبار مجدد پیدا می کندو مشتریان می توانند به فایل های مقالات مورد نیاز خود برای یک دوره 30 روزه دسترسی پیدا کنند . </context_description>
    <search>
      <search_title>اینجنتا</search_title>
      <search_description>اینجنتا دسترسی به متن کامل مقالات را محدود می سازد. اگرچه دسترسی به متن کامل هزینه بر می باشد، اما این سایت را می توان به عنوان نمایه به صورت رایگان استفاده کرد.</search_description>
      <url>http://www.ingenta.com/</url>
      <search_url>http://www.ingenta.com/isis/searching/Search/ingenta?database=1&amp;title={$formKeywords}</search_url>
    </search>
    <search>
      <search_title>ابرری</search_title>
      <search_description>محققان مستقلی که دسترسی آزاد به پایگاه های اطلاعاتی ابرری را ندارند از طریق کتابخانه هایشان می توانند همین حالا یک حساب شخصی با حداقل 5 دلار باز کنند. ابرری دیسکاور علوم آکادمیک چند گانه را به طور منسجم و واحد درمی آورد و دسترسی به بیش از 20000 عنوان معتبر را که در برگیرنده متن کامل، صفحه موسیقی، گزارشات و دیگر اسناد معتبر ار بیش از 175 ناشر راهنما مانند مجله دانشگاه کمبریج، رندم هوس،آی ان سی و شرکت های مک گرو هیل را میسر می سازد.</search_description>
      <url>http://www.ebrary.com/corp/content.htm</url>
      <search_url>http://shop.ebrary.com/Top?layout=search&amp;frm=smp.x&amp;sch=%A0%A0%A0%A0%A0Search%A0%A0%A0%A0%A0&amp;p00={$formKeywords}</search_url>
    </search>
    <search>
      <search_title>کوازتیا</search_title>
      <search_description>کوازتیا دسترسی به بیش از 47000 کتاب، 375000 مجله، و مقالات روزنامه ای را فراهم می کند. هر صفحه را جستجو کنید همه کتابها و مقالات به طور کامل و تمام در دسترس می باشند-. میزان اشتراک از 19.05 در هر ماه تا 119.95 به طور سالانه متغیر می باشد.</search_description>
      <url>http://www.questia.com</url>
      <search_url>http://www.questia.com/SM.qst?act=search&amp;keywordsSearchType=1000&amp;mediaType=book&amp;mediaType=journal&amp;mediaType=magazine&amp;mediaType=newspaper&amp;mediaType=encyclopedia&amp;mediaType=startpage&amp;keywords={$formKeywords}</search_url>
    </search>
    <search>
      <search_title>ویلی اینتر ساینس پی-پر-ویو سرویس: سرویس پرداخت با هر بار مشاهده</search_title>
      <search_description>ویلی اینتر ساینس: سرویس پرداخت با هر بار مشاهده ، دسترسی  ثابت و کامل به متن مجموعه ای وسیع از مقالات مجلات یا فصل های موجود در یک کتاب را که روی ویلی اینترساینس موجود می باشد بدون نیاز به اشتراک فراهم می کند. این سرویس به هر فرد اجازه می دهد تا دسترسی به مقالات مجزای مجله یا فصول کتاب را بطور مستقیم با استفاده از یک کارت اعتباری پیدا کند. دسترسی تا 24 ساعت بطور مداوم وجود دارد.</search_description>
      <url>http://www3.interscience.wiley.com/aboutus/ppv-articleselect.html</url>
      <search_url>http://www3.interscience.wiley.com/search/allsearch</search_url>
      <search_post>allContentSearchForm=&amp;mode=quicksearch&amp;WISindexid1=WISall&amp;WISsearch1={$formKeywords}</search_post>
    </search>
  </context>
  <context>
    <context_title>تیچینگ فایلز (فایل های آموزشی)</context_title>
    <context_abbrev>تیچینگ فایلز (فایل های آموزشی)</context_abbrev>
    <context_description>برای معلمان دسترسی سریع و آسان به ابزار یادگیری و مواد آموزشی مربوط به دروس را که در این پایگاه داده ها یافت می شود, فراهم می سازد و می تواند به تدریس و مواد آموزشی آنان در هر زمینه کمک کند.</context_description>
    <search>
      <search_title>آرت سیج</search_title>
      <search_description>آرت سیج مکان آموزش هنرهای مختلف را در مرکز دوره ی آموزشی از طریق استفاده ی خلاق و مناسب از تکنولوژی حمایت می کند. آرت سیج به معلمان کمک می کند تا هم در زمینه ی هنر, هم در مورد آن و هم از طریق آن آموزش دهند.</search_description>
      <url>http://artsedge.kennedy-center.org/</url>
      <search_url>http://artsedge.kennedy-center.org/search/search_perform.cfm?advanced=false&amp;contentTypes=&amp;artsSubjects=&amp;x=31&amp;y=9&amp;keywords={$formKeywords}</search_url>
    </search>
    <search>
      <search_title>آرتزادنت (شبکه ی آموزش هنر)</search_title>
      <search_description>آرتزادنت, سرویسی است آنلاین که توسط موسسه ی گتی اجیوکیشن تو آرتز توسعه یافته و نیازهای انجمن آموزش هنر k-2 را تامین می کند. این سرویس توجه زیادی روی کمک به معلمان هنر, معلمان دروس عمومی که از هنر در دوره ی آموزشی یشان استفاده می کنند, معلمان موزه و دانشگاه, دارد.</search_description>
      <url>http://www.getty.edu/artsednet/home.html</url>
      <search_url>http://www.google.com/search?hl=en&amp;btnG=Search&amp;q=site%3Awww.getty.edu%2Feducation%2F+{$formKeywords}</search_url>
    </search>
  </context>
  <context>
    <context_title>ای جورنالز (مجلات الکترونیک)</context_title>
    <context_abbrev>ای جورنالز (مجلات الکترونیک)</context_abbrev>
    <context_description>الکترونیک جورنالز </context_description>
    <search>
      <search_title>آرتز جورنال ( مجله هنر)</search_title>
      <search_description>آرتز جورنال (مجله هنر), روز-هفته نامه ای(هر روز هفته) است از بعضی از بهترین هنرها و روزنامه نگاری های فرهنگی.هر روز آرتز جورنال از میان بیش از ۱۰۰ روزنامه, مجله و انتشارات انگلیسی زبان که در مورد هنر و فرهنگ می نویسند, جستجو می کند. لینکهای مستقیم به مهمترین و جالبترین داستانها در صفحات اخبار هر روز-هفته نامه ی آرتز جورنال وجود دارد. داستانهایی از سایت هایی که هزینه ای برای آنان نباید پرداخت شود در مقابل سایت هایی که مشاهده کنندگان برای دیدن باید ثبت نام کنند, به جز نیویورک تایمز.</search_description>
      <url>http://www.artsjournal.com/</url>
      <search_url>http://www.google.com/custom?domains=artsjournal.com&amp;sitesearch=artsjournal.com&amp;sa=GoogleSearch&amp;cof=LW:240;L:http://www.artsjournal.com/img/logo.gif;LH:52;AH:left;S:http://www.artsjournal.com;AWFID:edabed9eb3afda60;&amp;q={$formKeywords}</search_url>
    </search>
    <search>
      <search_title>ایستتیکز آن-لاین (هنر های زیبا روی-خط)</search_title>
      <search_description>در ایستتیکز آن-لاین (هنر های زیبا روی-خط), می توانید مقالاتی در مورد هنرهای زیبا, فلسفه ی هنر, تئوری هنر و نقد هنر و همچنین اطلاعاتی در مورد وقایع مربوط به هنر در سرتاسر دنیا پیدا کنید, همچنین می توانید به دیگر منابع مربوط به هنر و زیبایی که در برگیرنده ی لیست مباحثه ایمیل ایستتکیز-ال بر روی اینترنت است, لینک شوید.</search_description>
      <url>http://www.aesthetics-online.org/</url>
      <search_url>http://www.aesthetics-online.org/tech/search.cgi?context=Site&amp;terms={$formKeywords}</search_url>
    </search>
    <search>
      <search_title>آرکیترونیک</search_title>
      <search_description>آرکیترونیک مجله ای است دانشگاهی و داوری شده که به کشف دامنه های جدید در مورد رابطه معماری از طریق رسانه های دیجیتال و در دسترس می پردازد. این مجله محلی است هم برای ارائه و هم کارشناسی تحقیق در قالب مجله و محلی برای تشویق در ارائه ی نظرات و ایده ها.</search_description>
      <url>http://architronic.saed.kent.edu/</url>
      <search_url>http://www.google.com/search?q=site:architronic.saed.kent.edu+</search_url>
    </search>
  </context>
  <context>
    <context_title>مدیا ریپرتز (گزارش های زسانه ها)</context_title>
    <context_abbrev>مدیا ریپرتز (گزارش های زسانه ها)</context_abbrev>
    <context_description>فورا جستجویی بر اساس موضوع مقاله آغاز می شود و استفاده کنندگان به مقالات موجود یا بایگانی شده در آن زمینه از روزنامه های راهنما در سر تا سر جهان مرتبط می شوند.</context_description>
    <search>
      <search_title>گوگل نیوز (اخبار گوگل)</search_title>
      <search_description>گزارش های خبری را با استفاده از ماشین جستجوی معروف اخبار گوگل (گوگل نیوز) جستجو کنید.</search_description>
      <url>http://news.google.com/</url>
      <search_url>http://news.google.com/news?hl=en&amp;q={$formKeywords}</search_url>
    </search>
    <search>
      <search_title>گلوب اند میل (جهان و پست)</search_title>
      <search_description>جهان و پست، تورنتو (هفت روز اخیر)</search_description>
      <url>http://www.globeandmail.com/</url>
      <search_url>http://www.globeandmail.com/servlet/HTMLTemplate/search?tf=tgam/search/tgam/SearchResults.html&amp;cf=tgam/search/tgam/SearchResults.cfg&amp;current_row=1&amp;start_row=1&amp;num_rows=10&amp;keywords={$formKeywords}</search_url>
    </search>
    <search>
      <search_title>پیپلز دیلی (روزانه مردم)</search_title>
      <search_description>پیپلز دیلی، چین (ژانویه 1999)</search_description>
      <url>http://english.peopledaily.com.cn/</url>
      <search_url>http://search.people.com.cn/was40/people/GB/english_index.jsp?type=1&amp;channel=&amp;Content=&amp;searchword={$formKeywords}</search_url>
    </search>
    <search>
      <search_title>میل اند گاردین نیوزپیپر</search_title>
      <search_description>میل اند گاردین نیوز پیپر, آفریقای جنوبی (۱۹۹۴)</search_description>
      <url>http://www.mg.co.za/</url>
      <search_url>http://www.mg.co.za/mg_search_results.aspx?PrintEdition=PrintEdition&amp;DailyNews=DailyNews&amp;SearchSection=&amp;StartDay=&amp;StartMonth=&amp;StartYear=&amp;EndDay=&amp;EndMonth=&amp;EndYear=&amp;keywords={$formKeywords}</search_url>
    </search>
    <search>
      <search_title>نشنال پابلیک ریدیو (رادیوی ملی و عمومی)</search_title>
      <search_description>نشنال پابلیک ریدیو (رادیوی ملی و عمومی), ایالات متحده (بدون محدودیت)</search_description>
      <url>http://www.npr.org/archives/</url>
      <search_url>http://www.npr.org/search.php?text={$formKeywords}</search_url>
    </search>
    <search>
      <search_title>نیویورک تایمز</search_title>
      <search_description>نیویورک تایمز, نیویورک (هفت روز اخیر)</search_description>
      <url>http://www.nytimes.com/</url>
      <search_url>http://query.nytimes.com/search/query?date=past30days&amp;submit.x=11&amp;submit.y=12&amp;query={$formKeywords}</search_url>
    </search>
    <search>
      <search_title>جپن تایمز آنلاین </search_title>
      <search_description>جپن تایمز آنلاین, ژاپن ( ژانویه ۱۹۹۹)</search_description>
      <url>http://www.japantimes.co.jp/</url>
      <search_url>http://www.google.co.jp/custom?domains=japantimes.co.jp&amp;client=pub-4223870936880387&amp;forid=1&amp;ie=Shift_JIS&amp;oe=Shift_JIS&amp;term1=&amp;cof=GALT%3A%23008000%3BGL%3A1%3BDIV%3A%23336699%3BVLC%3A663399%3BAH%3Acenter%3BBGC%3AFFFFFF%3BLBGC%3AFFFFFF%3BALC%3A0000FF%3BLC%3A0000FF%3BT%3A000000%3BGFNT%3A0000FF%3BGIMP%3A0000FF%3BLH%3A60%3BLW%3A200%3BL%3Ahttp%3A%2F%2Fwww.japantimes.co.jp%2Fimages%2Fheader_title.gif%3BS%3Ahttp%3A%2F%2Fwww.japantimes.co.jp%2F%3BFORID%3A1%3B&amp;hl=ja&amp;advancesearch=&amp;q={$formKeywords}</search_url>
    </search>
    <search>
      <search_title>مسکو تایمز</search_title>
      <search_description>مسکو تایمز, روسیه (۱۹۹۴)</search_description>
      <url>http://www.moscowtimes.ru/doc/Search.html</url>
      <search_url>http://www.moscowtimes.ru/cgi-bin/search?config=&amp;exclude=&amp;method=and&amp;format=long&amp;sort=score&amp;matchesperpage=10&amp;words={$formKeywords}</search_url>
    </search>
    <search>
      <search_title>واشنگتن پست</search_title>
      <search_description>واشنگتن پست, واشنگتن, دی سی (دو هفته اخیر)</search_description>
      <url>http://www.washingtonpost.com/</url>
      <search_url>http://www.washingtonpost.com/cgi-bin/search99.pl?searchsection=news&amp;searchdatabase=news&amp;x=11&amp;y=8&amp;searchtext={$formKeywords}</search_url>
    </search>
    <search>
      <search_title>نیوز دیرکتری</search_title>
      <search_description>نیوز دیرکتری (راهنمای خبری) یک راهنمای جامع و قابل جستجو برای رسانه های جهانی آنلاین و انگلیسی زبان است.در حال حاضر بیش از 8000 روزنامه، مجله و بیش از 1000 گوینده تلویزیونی آمریکایی در آن فهرست شده اند</search_description>
      <url>http://www.newsdirectory.com/</url>
      <search_url>http://www.newsdirectory.com/hbSearch.php</search_url>
      <search_post>s={$formKeywords}&amp; submit=Go</search_post>
    </search>
    <search>
      <search_title>آرک نیو نو</search_title>
      <search_description>خبرنامه ی آرک نیو نو (آ ان ان) که در فوریه ۲۰۰۲ آغاز به کار کرده است, روزانه برای مشترکین ارسال می شود--بدون هزینه-- از طریق ایمیل در ساعت ۹:۳۰ صبح (به وقت نیویورک). آ ان ان مستقیما و سریع به تازه ترین اخبار و رویدادهای گلچین شده از منابع مختلف در گوشه و کنار دنیالینک می شود.</search_description>
      <url>http://www.archnewsnow.com/</url>
      <search_url>http://www.archnewsnow.com/cgi-local/search.pl?Required={$formKeywords}</search_url>
    </search>
  </context>
  <context>
    <context_title>وب سرچ (جستجوی شبکه)</context_title>
    <context_abbrev>وب سرچ (جستجوی شبکه)</context_abbrev>
    <context_description>یک واژه ی جستجو را برای منابع اینترنت وارد کن تا از طریق ماشین های جستجو به نتیجه برسید</context_description>
    <search>
      <search_title>گوگل</search_title>
      <search_description>با استفاده از ماشین معروف جستجوی گوگل،تعاریف را جستجو کنید</search_description>
      <url>http://www.google.com/</url>
      <search_url>http://www.google.com/search?q={$formKeywords}</search_url>
    </search>
    <search>
      <search_title>گوگل اسکولار</search_title>
      <search_description>گوگل اسکولار امکان جستجو های خاص را در زمینه ادبیات پژوهشی شامل  مقالات کارشناسی شده ، پایان نامه ها، کتب،پیش پرینت ها، چکیده ها و گزارش های فنی فراهم می سازد.محتوای این حیطه شامل تعدادی از ناشران و تدوین کنند گان است که گوگل توسط آنها سازمان یافته است.برای مثال انجمن محاسبه ی ماشین ها، آی ای ای ای سرویس جایگزین کتابخانه جهانی با دسترسی آزاد  و ... .نتایج مشخص شده ورژن های متفاوتی از شاخه ها، تحلیل گفته ها و مکان کتابخانه را (فقط کتاب های موجود) را نشان می دهد.</search_description>
      <url>http://scholar.google.com</url>
      <search_url>http://scholar.google.com/scholar?ie=UTF-8&amp;oe=UTF-8&amp;hl=en&amp;q={$formKeywords}</search_url>
    </search>
    <search>
      <search_title>کلاستی  کلاسترینگ اینجین</search_title>
      <search_description>این ابزار جستجو از ویویزمو نتایج تصادفی را از بین جستجوهای انتخاب شده ارائه می دهد. با متا سرچ کل شبکه را  جستجو کنید یا با استفاده از عناوین، اخبار، شایعات، تصاویر یا تولیدات را ازبیز ریت یا ای بوی جستجو کنید.</search_description>
      <url>http://clusty.com/about</url>
      <search_url>http://clusty.com/search?query={$formKeywords}</search_url>
    </search>
    <search>
      <search_title>ویویزمو</search_title>
      <search_description>تکنولوژی تصادفی و جایزه بر ویویزمو که توسط دانشمندان واحد جستجوی کارنج میلون توسعه یافته در حال باز کردن ارزش اطلاعات ذخیره شده در 500 شرکت، وب سایتهای عالی، ناشران معتبر و آژانس های دولتی با دسته بندی کردن نتایج جستجو برای سفارشات معنی دار است،تا به پیشرفتی در زمینه شکافتن اطلاعات و دستیابی به اطلاعات مربوطه برسد.</search_description>
      <url>http://vivisimo.com</url>
      <search_url>http://vivisimo.com/search?tb=homepage&amp;v%3Asources=Web&amp;query={$formKeywords}</search_url>
    </search>
  </context>
</version>
