<?xml version = '1.0' encoding = 'UTF-8'?>
<!DOCTYPE version SYSTEM "../../lib/pkp/dtd/rtVersion.dtd">
<!--
  * Astrophysics.xml
  *
  * Copyright (c) 2013-2016 Simon Fraser University Library
  * Copyright (c) 2003-2016 John Willinsky
  * Distributed under the GNU GPL v2. For full terms see the file docs/COPYING.
  *
  * Reading Tools version: Astrophysics (fa_IR)
  *
  -->
<version locale="fa_IR" id="Astrophysics" >
  <version_title>فیزیک نجومی</version_title>
  <version_description>ابزار خواندن می تواند برای خوانندگان این مطالعه در زمینه منابع موجود راهنمایی وسیعی ارائه دهد که این راهنمایی می تواند تفسیر، قرار گرفتن و ارزیابی کردن در زمینه آن مطالعه را فراهم آورد.</version_description>
  <context>
    <context_title>وظیفه نویسنده</context_title>
    <context_abbrev>وظایف دیگر</context_abbrev>
    <context_description>با استفاده از ماشین های او ای آی دیگر وظایف را برای  نویسنده( ها) ی مقاله مشخص کند</context_description>
    <author_terms/>
    <search>
      <search_title>گوگل اسکولار</search_title>
      <search_description>گوگل اسکولار امکان جستجو های خاص را د ر زمینه ادبیات پژوهشی شامل  مقالات کارشناسی شده ، پایان نامه ها، کتب،،پیش پرینت ها، چکیده ها و گزارش های فنی فراهم می سازد.محتوای این حیطه شامل تعدادی از ناشران و تدوین کنند گان است که گوگل توسط آنها نسازمان یافته است.برای مثال انجمن محاسبه ی ماشین ها،آی ای ای ای, سرویس جایگزین کتابخانه جهانی با دسترسی آزاد  و ... .نتیایج مشخص شده ورژن های متفاوتی از شاخه ها، تحلیل گفته ها و مکان کتابخانه را (فقط کتاب های موجود) را نشان می دهد.</search_description>
      <url>http://scholar.google.com</url>
      <search_url>http://scholar.google.com/scholar?ie=UTF-8&amp;oe=UTF-8&amp;hl=eng&amp;as_sauthors={$formKeywords}</search_url>
    </search>
    <search>
      <search_title>اینتیوت: علم, مهندسی و فن آوری</search_title>
      <search_description>اینتیوت سرویسی است آزاد و آنلاین که برای شما دسترسی به بهترین منابع شبکه را برای آموزش و تحقیق میسر می سازد. این سرویس توسط شبکه ای از متخصصین موضوعی ارزیابی و انتخاب شده است.</search_description>
      <url>http://www.intute.ac.uk/sciences/</url>
      <search_url>http://www.intute.ac.uk/sciences/cgi-bin/search.pl?submit.x=0&amp;submit.y=0&amp;submit=Go&amp;limit=0&amp;subject=sciences&amp;term1={$formKeywords}</search_url>
    </search>
    <search>
      <search_title>اویستر: آرشیوهای باز جستجوی پایگاههای اطلاعاتی</search_title>
      <search_description>اویستر پروژه ای است از سرویس های کتابخانه دیجیتال دانشگاه میشیگان، که می تواند جستجویی وسیع از انواع مجموعه ها از موسسات بیشمار را فرهم آورد.این موسسات از منابع دیجیتال خود  ثبتی ایجاد می کنند که که در دسترس است و تیم پروژه آنها را برای خدمات اوالستر جمع آوری و تدوین کرده است.</search_description>
      <url>http://oaister.umdl.umich.edu/</url>
      <search_url>http://oaister.umdl.umich.edu/cgi/b/bib/bib-idx?type=boolean&amp;size=10&amp;c=oaister&amp;q1=&amp;rgn1=entire+record&amp;op2=and&amp;q2=&amp;rgn2=entire+record&amp;op3=And&amp;q3=&amp;rgn3=title&amp;op4=And&amp;rgn4=author&amp;op5=And&amp;q5=&amp;rgn5=subject&amp;op6=And&amp;rgn6=norm&amp;q6=all+types&amp;sort=author%2Fcreator&amp;submit2=search&amp;q4={$formKeywords}</search_url>
    </search>
    <search>
      <search_title>دی او ای اینفورمیشن بریج (پل اطلاعاتی دی او ای)</search_title>
      <search_description>اینفورمیشن بریج (این پل اطلاعاتی) منبعی آزاد برای دسترسی به متن کامل و فهرستهای ثبت شده از تحقیقات و گزارشات پیشرفته در دی او ای (گروه انرژی) در زمینه فیزیک، شیمی، مواد، بیولوژی، علوم زیستی، فن آوری انرژی، مهندسی، علم کامپیوتر و اطلاعات، انرژی قابل تجدید و موضوعات دیگر فراهم می آورد.</search_description>
      <url>http://www.osti.gov/bridge/index.jsp</url>
      <search_url>http://www.osti.gov/bridge/basicsearch.jsp?act=Search&amp;formname=basicsearch.jsp&amp;review=1&amp;SortBy=RELV&amp;SortOrder=DESC&amp;querytype=search&amp;searchFor={$formKeywords}</search_url>
    </search>
    <search>
      <search_title>پابلیک نالج پراجکت اپن آرشیوز هاروستر (پروژه آگاهی عمومی از آرشیوهای باز هاروستر)</search_title>
      <search_description>پی کی پی اپن آرشیوز هاروستر یک سیستم نمایه سازی آزاد از متا دیتا ها می باشد که با پروژه ی آگاهی عمومی از طریق کوشش های انجام شده توسط فدرال گسترش یافته تا دسترسی به جستجو را وسیع تر و بهتر سازد. </search_description>
      <url>http://pkp.sfu.ca/harvester/</url>
      <search_url>http://pkp.sfu.ca/harvester/search.php?limit=author&amp;query={$formKeywords}</search_url>
    </search>
    <search>
      <search_title>استرولینکز (لینکهای نجومی)</search_title>
      <search_description>استرولینکز برای شما لینکهایی را فراهم می کند که شما را به میزان وسیعی از داده ها و اطلاعات نجومی راهنمایی می کند. </search_description>
      <url>http://www.astro.univie.ac.at/</url>
      <search_url>http://www.google.com/search?q=site%3Aastro.univie.ac.at+{$formKeywords}</search_url>
    </search>
    <search>
      <search_title>منابع علم نجوم از اس تی اس سی ال(STScl)</search_title>
      <search_description>منابع اینترنتی نجومی توسط موسسه علم تلسکوپ فضایی </search_description>
      <url>http://www.stsci.edu/science/net-resources.html</url>
      <search_url>http://www.stsci.edu/resources/WebSearch?uq=&amp;notq=&amp;command=Submit&amp;query={$formKeywords}</search_url>
    </search>
    <search>
      <search_title>سیستم داده فیزیک نجومی</search_title>
      <search_description>سیستم داده فیزیک نجومی در برگیرنده ی صدها چکیده از انتشارات, کنفرانس ها, نشستها, همایش ها و گزارشات داخلی ناسا می باشد و دسترسی آزاد و غیر محدود به تصاویر اسکن شده ی مجلات, کنفرانس های در پیش رو و کتابها در زمینه نجوم و فیزیک نجومی را فراهم می کند.</search_description>
      <url>http://adsabs.harvard.edu/abstract_service.html</url>
      <search_url>http://adsabs.harvard.edu/cgi-bin/nph-abs_connect?db_key=AST&amp;sim_query=YES&amp;aut_xct=NO&amp;aut_logic=OR&amp;obj_logic=OR&amp;object=&amp;start_mon=&amp;start_year=&amp;end_mon=&amp;end_year=&amp;ttl_logic=OR&amp;txt_logic=OR&amp;text=&amp;nr_to_return=100&amp;start_nr=1&amp;start_entry_day=&amp;start_entry_mon=&amp;start_entry_year=&amp;min_score=&amp;jou_pick=ALL&amp;ref_stems=&amp;data_and=ALL&amp;group_and=ALL&amp;sort=SCORE&amp;aut_syn=YES&amp;ttl_syn=YES&amp;txt_syn=YES&amp;aut_wt=1.0&amp;obj_wt=1.0&amp;ttl_wt=0.3&amp;txt_wt=3.0&amp;aut_wgt=YES&amp;obj_wgt=YES&amp;ttl_wgt=YES&amp;txt_wgt=YES&amp;ttl_sco=YES&amp;txt_sco=YES&amp;version=1&amp;title=&amp;author={$formKeywords}</search_url>
    </search>
    <search>
      <search_title>موتور جستجوی سرور پری پرینت فرمی لب</search_title>
      <search_description>موتور جستجوی سرور پری پرینت فرمی لب آرشیوی قابل جستجو از پری پرینتها را از سال ۱۹۹۵نگهداری می کند. متن کامل پری پرینتها از سال ۱۹۹۵ تا کنون نیز هم اکنون قابل دسترسی می باشند.</search_description>
      <url>http://fnalpubs.fnal.gov/preprints.html</url>
      <search_url>http://www-spires.fnal.gov/spires/find/hep/wwwscan?subfile=wwwhepau&amp;submit=Browse&amp;rawcmd=</search_url>
    </search>
    <search>
      <search_title>سرور گزارش های فنی ناسا</search_title>
      <search_description>سرور گزارش های فنی ناسا به کاربران اجازه می دهد که اسناد آنلاین و منتشر شده توسط  ناسارا که در دسترس هستند را جستجو کنند این اسناد شامل برگزاری جلسات، مقالات مجلات، کنفرانس های در راه، و گزارش های فنی می شود. بسیاری از اسناد این اسناد به شکل پست اسکریپت و پی دی اف در دسترس می باشند. همه ی اسناد دسته بندی شده نیستند و برای عموم آزاد هستند.</search_description>
      <url>http://ntrs.nasa.gov/?method=aboutntrs</url>
      <search_url>http://ntrs.nasa.gov/search.jsp?N=0&amp;Ntk=all&amp;Ntx=mode%20matchall&amp;Ntt={$formKeywords}</search_url>
    </search>
    <search>
      <search_title>های وایر</search_title>
      <search_description>های وایر یکی از فشرده ترین مجلات در زمینه علم، تکنولوژی و پزشکی است. از مارس 2002 های وایر حاوی 11785877 مقاله در بیش از 4500 مجله مدلاین(پزشکی) و 405985 مقاله با موضوع آزاد از 321 مجله های وایر است.</search_description>
      <url>http://highwire.stanford.edu/</url>
      <search_url>http://highwire.stanford.edu/cgi/searchresults?andorexactfulltext=and&amp;resourcetype=1&amp;src=hw&amp;fulltext=&amp;pubdate_year=&amp;volume=&amp;firstpage=&amp;disp_type=&amp;author1={$formKeywords}</search_url>
    </search>
  </context>
  <context>
    <context_title>جستجوی واژگان</context_title>
    <context_abbrev>جستجوی واژگان</context_abbrev>
    <context_description>روی هر واژه در متن دبل کلیک کنید به صورت نقل قول؛ تعریف واژه ها  یا جعبه ظاهر خواهد شد.همچنین می توانید کلمه مورد نظر را در جعبه تایپ یا پیست کنید. سپس از دستور العمل جستجو برای یافتن تعریفی مشخص برای آن کلمه استفاده کنید. این منابع به خاطر ارتباطشان و دسترسی آزاد به همه یا بخشی از مطالبشان انتخاب شده اند.</context_description>
    <define_terms/>
    <search>
      <search_title>گوگل</search_title>
      <search_description>با استفاده از ماشین معروف جستجوی گوگل،تعاریف را جستجو کنید</search_description>
      <url>http://www.google.com/</url>
      <search_url>http://www.google.com/search?hl=en&amp;q=define%3A{$formKeywords}</search_url>
    </search>
    <search>
      <search_title>دایر‌ة نجوم و فیزیک نجومی</search_title>
      <search_description>دایرةالمعارف نجوم و فیزیک نجومی یکی از جامع ترین منابع در زمینه نجوم و فیزیک نجومی می باشد که تا کنون چاپ شده است. این دایرة المعارف بیش از ۲٫۵ میلیون کلمه در بردارد, این سایت تا ۲۴ ساعت آزاد و تا ۳۰ روز برای مؤسسه آزاد می باشد.</search_description>
      <url>http://www.ency-astro.com/</url>
      <search_url>http://eaa.iop.org/index.cfm?action=search.home&amp;quick=1&amp;field1=&amp;newsearch=1&amp;coll=ft&amp;query1={$formKeywords}</search_url>
    </search>
    <search>
      <search_title>دایرة المعارف فضانوردی (انسایکلوپدیا استروناتیک)</search_title>
      <search_description>دایرةالمعارف فضانوردی (انسایکلوپدیا استروناتیک) در واقع  یکی از بهترین منابع برای اطلاعات بین المللی در زمینه فضا می باشد.</search_description>
      <url>http://www.astronautix.com/</url>
      <search_url>http://www.google.com/custom?sa=Search&amp;cof=L%3Ahttp%3A%2F%2Fwww.astronautix.com%2Fgraphics%2Fl%2Flogo.gif%3BAH%3Acenter%3BGL%3A0%3BAWFID%3A3cf675793eb3c420%3B&amp;sitesearch=www.astronautix.com&amp;domains=www.astronautix.com&amp;q={$formKeywords}</search_url>
    </search>
    <search>
      <search_title>مریام وبستر آنلاین</search_title>
      <search_description>این لغتنامه بر اساس دهمین چاپ دانشگاه وبستردر سال 1993است همراه با بیش از160000 لغت به روز که در هر چاپ سالانه اضافه می شود هر کلمه با تعریف، تلفظ، استفاده، ساختار گرامری و یک تاریخچه کوتاه شامل یک فرهنگ جامع، املای غلط و املاهای پیشنهادی می باشد. سیستم جستجوی فرهنگ لغت جستجوهای غیر قابل پیش بینی و ناقص را فراهم می کند. همچنین راهنمای خوبی برای تلفظ و فایل های صداهای آن تلفظ برای بسیاری از واژه ها می باشد.</search_description>
      <url>http://www.merriam-webster.com/</url>
      <search_url>http://www.merriam-webster.com/cgi-bin/dictionary?book=Dictionary&amp;va={$formKeywords}</search_url>
    </search>
    <search>
      <search_title>وان لوک دیکشنریز (لغتنامه های وان لوک)</search_title>
      <search_description>وان لوک یک خود-لغتنامه است.یک کلمه یا نام خلاصه انگلیسی را وارد کنید ، وان لوک نمایه آن را از 5292362 کلمه در 934 لغتنامه که در لغتنامه های عمومی و اختصاصی مورد دلخواه برای آن تعریف نمایه شده اند, جستجو می کند.</search_description>
      <url>http://www.onelook.com/index.html</url>
      <search_url>http://www.onelook.com/?ls=a&amp;w={$formKeywords}</search_url>
    </search>
    <search>
      <search_title>ویکی پدیا: دایرة المعارف آزاد</search_title>
      <search_description>ویکی پدیا یک دایره المعارف با متنی آزاد و قابل دسترسی است که به طور مشترک توسط شرکت کنندگان در سرتاسر جهان نوشته شده است. این سایت &quot;ویکی ویکی&quot; است به این معنا که هر کس می تواند هر مقاله ای را ویرایش کند، نظر خود را بدون اشتباه سرمقاله ای بیان کنند، کیفیت محتوای این سایت به طور نمایشی تغییر می کند اما ارزش جستجو را دارد. نسخه انگلیسی صدها هزار کلمه دارد. اسپانیایی، فرانسوی و اسپرانتو(زبان بین المللی) نیز در بین زبانهای ارائه شده هستند.</search_description>
      <url>http://en.wikipedia.org/wiki/Main_Page</url>
      <search_url>http://en.wikipedia.org/wiki/Special:Search?go=Go&amp;fulltext=Search&amp;search={$formKeywords}</search_url>
    </search>
    <search>
      <search_title>اینفو پلیز.کام</search_title>
      <search_description>این سایت دربرگیرنده اینفورمیشن پلیز الماناکز(اطلاعات سالانه)، یک قسمت بیوگرافی، یک لغتنامه، یک اطلس، و مقالاتی از دایره المعارف کلمبیا می باشد. شما می توانید این رفرنس های آماده را با یکدیگر یا به طور مجزا جستجو کنید یا آلماناکز را بروز کنید. در این سایت همچنین سرمقالات هر هفته وجود دارد که اخبار و موضوعات را با لینک های مربوط به محتوای آلماناکز و دیگر منابع شبکه تحت پوشش قرار می دهد.</search_description>
      <url>http://www.infoplease.com</url>
      <search_url>http://www.infoplease.com/search?fr=iptn&amp;in=all&amp;x=0&amp;y=0&amp;query={$formKeywords}</search_url>
    </search>
  </context>
  <context>
    <context_title>مطالعات مرتبط</context_title>
    <context_abbrev>مطالعات مرتبط</context_abbrev>
    <context_description>دسترسی به مطالعات مرتبط در هر زمینه با ایجاد یک لینک فعال با دسترسی آزادبه پایگاه داده برای یافتن چکیده ها, یا متن کامل مرتبط با آن موضوع.</context_description>
    <search>
      <search_title>استرولینکز ( لینک های نجومی)</search_title>
      <search_description>استرولینکز برای شما لینکهایی را فراهم می کند که شما را به میزان وسیعی از داده ها و اطلاعات نجومی راهنمایی می کند. </search_description>
      <url>http://www.astro.univie.ac.at/</url>
      <search_url>http://www.google.com/search?q=site%3Aastro.univie.ac.at+</search_url>
    </search>
    <search>
      <search_title>اینتیوت: علم, مهندسی و فن آوری</search_title>
      <search_description>اینتیوت: علم, مهندسی و تکنولوژی سرویسی است آزاد و آنلاین که دسترسی شما را به بهترین منابع شبکه برای آموزش و تحقیق امکان پذیر می سازد که توسط شبکه ای با متخصصین موضوعی ارزیابی و انتخاب شده است. این سرویس علوم فیزیکی, مهندسی, محاسبه, جغرافی, ریاضیات و علم محیط را تحت پوشش قرار می دهد. تا کنون ۳۳۳۴۹ ثبت در این پایگاه داده وجود دارد.</search_description>
      <url>http://www.intute.ac.uk/sciences/</url>
      <search_url>http://www.intute.ac.uk/sciences/cgi-bin/search.pl?submit.x=0&amp;submit.y=0&amp;submit=Go&amp;limit=0&amp;subject=sciences&amp;term1={$formKeywords}</search_url>
    </search>
    <search>
      <search_title>دی او ای اینفورمیشن بریج (پل اطلاعاتی دی او ای)</search_title>
      <search_description>اینفورمیشن بریج یا پل ارتباطی منبعی آزاد برای دستیابی به متن کامل و همچنین تمامی فهرست منابع موجود در گزارشات تحقیق و توسعه ی گروه انرژی (دی او ای) در زمینه ی فیزیک, شیمی, مواد, زیست شناسی, علوم محیطی, فن آوریهای انرژی,مهندسی, کامپیوتر و علم اطلاعات, انرژی قابل تجدید و دیگر زمینه ها را فراهم می آورد.</search_description>
      <url>http://www.osti.gov/bridge/index.jsp</url>
      <search_url>http://www.osti.gov/bridge/basicsearch.jsp?act=Search&amp;formname=basicsearch.jsp&amp;review=1&amp;SortBy=RELV&amp;SortOrder=DESC&amp;querytype=search&amp;searchFor={$formKeywords}</search_url>
    </search>
    <search>
      <search_title>منابع علم نجوم از اس تی اس سی ال</search_title>
      <search_description>منابع اینترنتی در زمینه نجوم از طریق اسپیس تلسکوپ ساینس اینستیتوت (پایگاه علمی تلسکوپ فضا) </search_description>
      <url>http://www.stsci.edu/science/net-resources.html</url>
      <search_url>http://www.stsci.edu/resources/WebSearch?uq=&amp;notq=&amp;command=Submit&amp;query={$formKeywords}</search_url>
    </search>
    <search>
      <search_title>سیستم داده های فیزیک نجومی (استروفیزیکز دیتا سیستم)</search_title>
      <search_description>سیستم داده های  فیزیک نجومی در برگیرنده ی صدها چکیده از انتشارات, کنفرانس ها, نشستها, همایش ها و گزارشات داخلی ناسا می باشد و دسترسی آزاد و غیر محدود به تصاویر اسکن شده ی مجلات, کنفرانس های در پیش رو و کتابها در زمینه نجوم و فیزیک نجومی را فراهم می کند. </search_description>
      <url>http://adsabs.harvard.edu/abstract_service.html</url>
      <search_url>http://adsabs.harvard.edu/cgi-bin/nph-abs_connect?db_key=AST&amp;sim_query=YES&amp;aut_xct=NO&amp;aut_logic=OR&amp;obj_logic=OR&amp;author=&amp;object=&amp;start_mon=&amp;start_year=&amp;end_mon=&amp;end_year=&amp;ttl_logic=OR&amp;txt_logic=OR&amp;text=&amp;nr_to_return=100&amp;start_nr=1&amp;start_entry_day=&amp;start_entry_mon=&amp;start_entry_year=&amp;min_score=&amp;jou_pick=ALL&amp;ref_stems=&amp;data_and=ALL&amp;group_and=ALL&amp;sort=SCORE&amp;aut_syn=YES&amp;ttl_syn=YES&amp;txt_syn=YES&amp;aut_wt=1.0&amp;obj_wt=1.0&amp;ttl_wt=0.3&amp;txt_wt=3.0&amp;aut_wgt=YES&amp;obj_wgt=YES&amp;ttl_wgt=YES&amp;txt_wgt=YES&amp;ttl_sco=YES&amp;txt_sco=YES&amp;version=1&amp;title={$formKeywords}</search_url>
    </search>
    <search>
      <search_title>موتور جستجوی سرور پری پرینت فرمی لب </search_title>
      <search_description>موتور جستجوی سرور پری پرینت فرمی لب آرشیوی قابل جستجو از پری پرینتها را از سال ۱۹۹۵نگهداری می کند. متن کامل پری پرینتها از سال ۱۹۹۵ تا کنون نیز هم اکنون قابل دسترسی می باشند.</search_description>
      <url>http://fnalpubs.fnal.gov/preprints.html</url>
      <search_url>http://www-spires.fnal.gov/spires/find/hep/www?AUTHOR=&amp;C=&amp;REPORT-NUM=&amp;AFFILIATION=&amp;cn=&amp;k=&amp;cc=&amp;eprint=+&amp;eprint=&amp;topcit=&amp;url=&amp;J=+&amp;*=&amp;ps=+&amp;DATE=&amp;*=+&amp;FORMAT=WWW&amp;SEQUENCE=&amp;TITLE={$formKeywords}</search_url>
    </search>
    <search>
      <search_title>های وایر</search_title>
      <search_description>های وایر یکی از فشرده ترین مجلات در زمینه علم، تکنولوژی و پزشکی است. از مارس 2002 های وایر حاوی 11785877 مقاله در بیش از 4500 مجله مدلاین(پزشکی) و 405985 مقاله با موضوع آزاد از 321 مجله بر اساس های وایر است.</search_description>
      <url>http://highwire.stanford.edu/</url>
      <search_url>http://highwire.stanford.edu/cgi/searchresults?author1=&amp;pubdate_year=&amp;volume=&amp;firstpage=&amp;src=hw&amp;hits=10&amp;hitsbrief=25&amp;resourcetype=1&amp;andorexactfulltext=and&amp;fulltext={$formKeywords}</search_url>
    </search>
    <search>
      <search_title>سرور گزارش های فنی ناسا</search_title>
      <search_description>سرور گزارش های فنی ناسا به کاربران اجازه می دهد که اسناد آنلاین و منتشر شده توسط  ناسا را که در دسترس هستند را جستجو کنند این اسناد شامل برگزاری جلسات، مقالات مجلات، کنفرانس های در راه، و گزارش های فنی می شود. بسیاری از  این اسناد به شکل  پست اسکریپت و پی دی اف در دسترس می باشند. همه ی اسناد دسته بندی شده نیستند و برای عموم آزاد هستند.</search_description>
      <url>http://ntrs.nasa.gov/?method=aboutntrs</url>
      <search_url>http://ntrs.nasa.gov/search.jsp?N=0&amp;Ntk=all&amp;Ntx=mode%20matchall&amp;Ntt={$formKeywords}</search_url>
    </search>
  </context>
  <context>
    <context_title>جستجوی کتابها</context_title>
    <context_abbrev>جستجوی کتابها</context_abbrev>
    <context_description>منابع مرتبط با کتاب</context_description>
    <search>
      <search_title>گوگل پرینت</search_title>
      <search_description>گوگل هم اکنون با کتابخانه های دانشگاه های میشیگان، هاروارد، استنفورد، آکسفورد و کتابخانه عمومی نیویورک کار می کند تا کتابهای موجود د در مجموعه هایشان را به صورت دیجیتال در بیاورد و آنها را در گوگل پرینت قابل دسترس قرار دهد. یک پروژه ی عظیم جستجو که میلیونها شماره از کتابهای چاپ شده را در پایگاه داده های گوگل پرینت می آورد. روی عنوان یک کتاب کلیک کنید می توانید صفحه ای از کتاب را که واژه ی جستجوی شما را دارد ببینید، می توانید اطلاعات بیشتری را در یک کتاب خاص جستجو کنید، توضیح بیشتر یا اطلاعات مربوطه را پیدا کنید، در مورد ناشر بدانید یا کتاب را خریداری نمایید و کتابخانه هایی را که این کتاب را دارند پیدا کنید.</search_description>
      <url>http://print.google.com</url>
      <search_url>http://print.google.com/print?q={$formKeywords}</search_url>
    </search>
    <search>
      <search_title>صفحه ی کتابهای آنلاین (آنلاین بوکز پیج)</search_title>
      <search_description>صفحه کتابهای آنلاین توسط جان مارک آکربلوم در دانشگاه پنسیلوانیا ویرایش شد. این یک نقطه شروع عالی در جستجو برای متن کامل کتاب ها در اینترنت است. بیش از 20000 کار انگلیسی در شکلهای متفاوت در سایت های مختلف به صورت آنلاین در دسترس هستند. شما می توانید با نام نویسنده یا عنوان  جستجو را انجام دهید. یک ویژگی جالب به شما اجازه می دهد با لایبرری کانگرس دسته ای از شماره تلفن ها را بروز کنید. لیست های جدیدی به طور مرتب اضافه می   شوند و در وب پیج های مجزا در آدرس
&lt;a href=&quot;http://onlinebooks.library.upenn.edu/new.html&quot;>http://onlinebooks.library.upenn.edu/new.html&lt;/a>
فهرست می شود.
</search_description>
      <url>http://digital.library.upenn.edu/books/</url>
      <search_url>http://onlinebooks.library.upenn.edu/webbin/book/search?tmode=words&amp;title={$formKeywords}</search_url>
    </search>
    <search>
      <search_title>بوکز- آن- لاین</search_title>
      <search_description>مجموعه ای با بیش از 32935 عنوان که تنها بعضی از آنها گلچین شده اند. می توانید بر اساس موضوع بروز کنید یا با اسم نویسنده و عنوان جستجو کنید. همه موارد به صورت آزاد نیستند.</search_description>
      <url>http://www.books-on-line.com/</url>
      <search_url>http://www.books-on-line.com/bol/KeyWordSearch.cfm?RowCount=50&amp;Searchquery={$formKeywords}</search_url>
    </search>
    <search>
      <search_title>یونیورسال لایبرری (کتابخانه جهانی)</search_title>
      <search_description>یونیورسال لایبرری (کتابخانه جهانی) دارای منابع قابل توجه تر و ارزشمندتری است، که تشکیل شده از مجموعه ای  100000 تایی ز  ای بوک ها (بعضی از آنها از پروژه ی گوتنبرگ می باشند)، و هدف آنها ایجاد یک میلیون ای بوک تا پایان سال 2006 است.</search_description>
      <url>http://tera-3.ul.cs.cmu.edu/</url>
      <search_url>http://tera-3.ul.cs.cmu.edu/cgi-bin/DBscripts/advsearch_db.cgi?perPage=25&amp;listStart=0&amp;author1=&amp;subject1=Any&amp;year1=&amp;year2=&amp;language1=Any&amp;scentre=Any&amp;search=Search&amp;title1={$formKeywords}</search_url>
    </search>
  </context>
  <context>
    <context_title>پی- پر- ویو (مشاهده هزینه بر)</context_title>
    <context_abbrev>پی- پر- ویو (مشاهده هزینه بر)</context_abbrev>
    <context_description>مشاهده هزینه بر برای آن دسته افرادی است که دسترسی مستقیم به مقالات مجلات الکترونیک را از طریق اشتراک ندارد. این نوع سرویس دهی به مشتریان این امکان را می دهد تا دسترسی مستقیم به یک مقاله را با پرداخت  کارت اعتباری با استفاده از مکانیزم پرداخت ایمن آر اس سی پیدا کنند, سریعا کارت آنان عتبار مجدد پیدا می کندو مشتریان می توانند به فایل های مقالات مورد نیاز خود برای یک دوره 30 روزه دسترسی پیدا کنند . </context_description>
    <search>
      <search_title>اینجنتا</search_title>
      <search_description>اینجنتا دسترسی به متن کامل مقالات را محدود می سازد. اگرچه دسترسی به متن کامل هزینه بر می باشد، اما این سایت را می توان برای نمایه کردن به صورت رایگان استفاده کرد.</search_description>
      <url>http://www.ingenta.com/</url>
      <search_url>http://www.ingenta.com/isis/searching/Search/ingenta?database=1&amp;title={$formKeywords}</search_url>
    </search>
    <search>
      <search_title>ابرری</search_title>
      <search_description>محققان مستقلی که دسترسی آزاد به پایگاه های اطلاعاتی ابرری را ندارند از طریق کتابخانه هایشان می توانند همین حالا یک حساب شخصی با حداقل 5 دلار باز کنند. ابرری دیسکاور (جستجوگر ابرری) علوم آکادمیک چند گانه را به طور منسجم و واحد درمی آورد و دسترسی به بیش از 20000 عنوان معتبر را که در برگیرنده متن کامل، صفحه موسیقی، گزارشات و دیگر اسناد معتبر ار بیش از 175 ناشر راهنما مانند مجله دانشگاه کمبریج، رندم هوس، آی ان سی و شرکت های مک گرو هیل را میسر می سازد.</search_description>
      <url>http://www.ebrary.com/corp/content.htm</url>
      <search_url>http://shop.ebrary.com/Top?layout=search&amp;frm=smp.x&amp;sch=%A0%A0%A0%A0%A0Search%A0%A0%A0%A0%A0&amp;p00={$formKeywords}</search_url>
    </search>
    <search>
      <search_title>کوازتیا</search_title>
      <search_description>کوازتیا دسترسی به بیش از 47000 کتاب، 375000 مجله، و مقالات روزنامه ای را فراهم می کند. هر صفحه را جستجو کنید همه کتابها و مقالات به طور کامل و تمام در دسترس می باشند-. میزان اشتراک از 19.05 در هر ماه تا 119.95 به طور سالانه متغیر می باشد.</search_description>
      <url>http://www.questia.com</url>
      <search_url>http://www.questia.com/SM.qst?act=search&amp;keywordsSearchType=1000&amp;mediaType=book&amp;mediaType=journal&amp;mediaType=magazine&amp;mediaType=newspaper&amp;mediaType=encyclopedia&amp;mediaType=startpage&amp;keywords={$formKeywords}</search_url>
    </search>
    <search>
      <search_title>ساینتیفیک ورلد (دنیای علمی)</search_title>
      <search_description>ساینتیفیک ورلد (دنیای علمی) با ارائه پایگاه علمی (سای بیس) دسترسی آزاد به مجموعه ای از پایگاههای تحقیقی علمی، تکنیکی و پزشکی را امکان پذیر می کند. سای بیس هم اکنون نیز تحویل فوری و دیجیتال متن کامل مقالات را می تواند انجام دهد.بیش از 700 مقاله با شرکت ناشران در این مجموعه ایجاد شده است، و  سای بیس برای کاربرانی که از حمایت کتابخانه ای (محیط های بدون واسطه) برخوردار نیستند نقش ویژه و موثری دارد.</search_description>
      <url>http://www.thescientificworld.com/</url>
      <search_url>http://www.thescientificworld.com/SCIENTIFICWORLDJOURNAL/search/SearchResults.asp?From=Main&amp;Terms={$formKeywords}</search_url>
    </search>
    <search>
      <search_title>ویلی اینتر ساینس پی-پر-ویو: سرویس پرداخت با هر بار مشاهده بنام ویلی اینتر ساینس </search_title>
      <search_description>ویلی اینتر ساینس: سرویس پرداخت با هر بار مشاهده ، دسترسی  ثابت و کامل به متن مجموعه ای وسیع از مقالات مجلات یا فصل های موجود در یک کتاب را که روی ویلی اینترساینس موجود می باشد را بدون نیاز به اشتراک فراهم می کند. این سرویس به هر فرد اجازه می دهد تا دسترسی به مقالات مجزای مجله یا فصول کتاب را بطور مستقیم با استفاده از یک کارت اعتباری پیدا کند. دسترسی تا 24 ساعت بطور مداوم وجود دارد.</search_description>
      <url>http://www3.interscience.wiley.com/aboutus/ppv-articleselect.html</url>
      <search_url>http://www3.interscience.wiley.com/search/allsearch</search_url>
      <search_post>allContentSearchForm=&amp;mode=quicksearch&amp;WISindexid1=WISall&amp;WISsearch1={$formKeywords}</search_post>
    </search>
  </context>
  <context>
    <context_title>مالتی مدیا (چند رسانه ای)</context_title>
    <context_abbrev>مالتی مدیا (چند رسانه ای)</context_abbrev>
    <context_description>مالتی مدیا ریسورسیز (منابع چند رسانه ای)</context_description>
    <search>
      <search_title>اپن ویدئو پراجکت (پروژه دوربین ویدئویی)</search_title>
      <search_description>پروژه ویدئوی باز (اپن ویدئو) مجموعه ای است از یک ویدئو دیجیتال عمومی که برای تحقیق و دیگر اهداف در دسترس می باشد. هدف این پروژه ویدئویی باز جمع آوری و در دسترس قرار دادن مجموعه ای انبوه از محتواهای ویدئویی دیجیتال برای این ویدئو، بازیابی چند رسانه ای، کتابخانه دیجیتال و دیگر انجمن ها می باشد.</search_description>
      <url>http://www.open-video.org/index.php</url>
      <search_url>http://www.open-video.org/results.php?search_field=all&amp;terms={$formKeywords}</search_url>
    </search>
  </context>
  <context>
    <context_title>استرو دیتا (داده های نجومی)</context_title>
    <context_abbrev>استرو دیتا (داده های نجومی)</context_abbrev>
    <context_description>دسترسی به داده های نجومی را امکان پذیر می سازد</context_description>
    <search>
      <search_title>اچ ای آ اس آ  آر سی</search_title>
      <search_description>اچ ای آ اس آ آر سی منبعی از اشعه های گاما, ایکس و مشاهدات نامحدود ماوراءبنفش از منابع کیهانی (نه خورشیدی)می باشد. این سایت دسترسی به داده های بایگانی شده, نرم افزار تجزیه و تحلیل مشترک, استانداردهای فرمت داده ها, ارائه اسناد و مدارک, ایراد نظریه فنی در موردچگونگی استفاده از آنها و مواد آموزشی مربوطه و دور از دسترس را امکان پذیر می سازد.</search_description>
      <url>http://heasarc.gsfc.nasa.gov/</url>
      <search_url>http://heasarc.gsfc.nasa.gov/cgi-bin/search/search.pl?tquery={$formKeywords}</search_url>
    </search>
    <search>
      <search_title>یو کی استرونومی دیتا سنتر (مرکز داده های نجومی انگلستان)</search_title>
      <search_description>یو کی استرونومی دیتا سنتر (مرکز داده های نجومی انگلستان) گلچینی از داده های زمینی انگلستان را در خود جای داده است که بر اساس تلسکوپها و تعدادی از کاتالوگ ها می باشد. </search_description>
      <url>http://archive.ast.cam.ac.uk/</url>
      <search_url>http://archive.ast.cam.ac.uk/cgi-bin/wdb/wfsurvey/wfsurvey/query?tab_date_obs=on&amp;date_obs=&amp;tab_utstart=on&amp;utstart=&amp;tab_object=on&amp;object=&amp;tab_runno=on&amp;runno=&amp;tab_fband=on&amp;fband=&amp;tab_fsys=on&amp;fsys=&amp;tab_exposure=on&amp;exposure=&amp;box=00+30+00&amp;tab_ra=on&amp;ra=&amp;tab_dec=on&amp;scionly=on&amp;max_rows_returned=1500&amp;dec={$formKeywords}</search_url>
    </search>
  </context>
  <context>
    <context_title>آنلاین عمومی</context_title>
    <context_abbrev>آنلاین عمومی</context_abbrev>
    <context_description>محل های آنلاین را انتخاب کنید ، دسترسی آزاد و عمومی به متن مطالعات تحقیقاتی روی سایت شما قرار می گیرد.</context_description>
    <search>
      <search_title>اینترنشنال استرونومی میتینگ لیست (لیست جلسه های بین المللی در زمینه نجوم)</search_title>
      <search_description>ل استرونومی میتینگ لیست (لیست جلسه های بین المللی در زمینه نجوم) لینکهای مربوط به وب پیج, آدرس ایمیل های مخاطبین, و چکیده ها را که توسط استروفیزیکز دیتا سیستم (سیستم داده های فیزیک نجومی) تهیه شده است را در صورت دسترسی فراهم می کند.
</search_description>
      <url>http://cadcwww.dao.nrc.ca/meetings/meetings.html</url>
      <search_url>http://cadcwww.dao.nrc.ca/cadcbin/wdb/cadcmisc/meetings/query?tab_meeting_no=on&amp;meeting_no=&amp;tab_title=on&amp;web=&amp;tab_location=on&amp;location=&amp;contact=&amp;email=&amp;address=&amp;tab_date_start=on&amp;date_start=&amp;tab_end_date=on&amp;end_date=&amp;max_rows_returned=10&amp;title=&amp;keywords={$formKeywords}</search_url>
    </search>
    <search>
      <search_title>اسکولاری سوسایتیز پراجکت میتینگ/ کانفرنس انونسمنت لیست (لیست اخبار مربوط به کنفرانس ها, همایش ها, پروژه ی انجمن های دانشگاهی)</search_title>
      <search_description>اسکولاری سوسایتیز پراجکت میتینگ/ کانفرنس انونسمنت لیست (لیست اخبار مربوط به کنفرانس ها, همایش ها, پروژه ی انجمن های دانشگاهی) سرویسی است قابل دسترس که توسط اسکولاری سوسایتیز پراجکت دانشگاه واترلو (کانادا) تهیه شده است.</search_description>
      <url>http://www.lib.uwaterloo.ca/society/meetings.html</url>
      <search_url>http://ssp-search.uwaterloo.ca/cd.cfm</search_url>
      <search_post>search_type=advanced&amp;field1=any&amp;boolean1=and&amp;operator1=and&amp;field2=any&amp;textfield2=&amp;boolean2=and&amp;operator2=and&amp;field3=any&amp;textfield3=&amp;boolean3=and&amp;operator3=and&amp;founded=none&amp;after=&amp;before=&amp;Go8=Search&amp;textfield1={$formKeywords}</search_post>
    </search>
  </context>
  <context>
    <context_title>فایل های آموزشی</context_title>
    <context_abbrev>راهنمایی</context_abbrev>
    <context_description>فورا جستجویی بر اساس موضوع مقاله آغاز می شود و استفاده کنندگان به مقالات موجود یا بایگانی شده در آن زمینه از روزنامه های راهنما در سر تا سر جهان مرتبط می شوند.</context_description>
    <search>
      <search_title>اسپیس ساینس اجیوکیشن ریسورس دیرکتری (راهنمای منابع آموزشی علم فضا)</search_title>
      <search_description>اسپیس ساینس اجیوکیشن ریسورس دیرکتری (راهنمای منابع آموزشی علم فضا) راهی است مناسب برای یافتن تولیدات ناسا در زمینه ی فضابرای استفاده در کلاس درس, موزه های علمی, افلاک نماها (رصدخانه های مصنوعی) و مکان های دیگر.
</search_description>
      <url>http://teachspacescience.org/cgi-bin/ssrtop.plex</url>
      <search_url>http://teachspacescience.org/cgi-bin/search.plex?mode=basic&amp;bgrade=allgrades&amp;btopic=alltopics&amp;submit.x=47&amp;submit.y=14&amp;keywords={$formKeywords}</search_url>
    </search>
    <search>
      <search_title>آموزش علوم، ریاضیات، مهندسی و تکنولوژی </search_title>
      <search_description>آموزش علوم، ریاضیات، مهندسی و تکنولوژی (اس ام ای تی ای) حاوی یک نمونه اولیه قابل جستجو و فعال از کتابخانه دیجیتال ملی آموزش علم، ریاضیات، مهندسی وتکنولوژی است.</search_description>
      <url>http://www.smete.org/</url>
      <search_url>http://www.smete.org/smete/?path=/public/find/search_results.jhtml&amp;_DARGS=/smete/public/find/index_body.jhtml&amp;/smete/forms/FindLearningObjects.operation=search&amp;_D:/smete/forms/FindLearningObjects.operation=%20&amp;_D:/smete/forms/FindLearningObjects.keyword=%20&amp;/smete/forms/FindLearningObjects.learningResourceType=&amp;_D:/smete/forms/FindLearningObjects.learningResourceType=%20&amp;/smete/forms/FindLearningObjects.grade=0-Any&amp;_D:/smete/forms/FindLearningObjects.grade=%20&amp;/smete/forms/FindLearningObjects.title=&amp;_D:/smete/forms/FindLearningObjects.title=%20&amp;/smete/forms/FindLearningObjects.author=&amp;_D:/smete/forms/FindLearningObjects.author=%20&amp;/smete/forms/FindLearningObjects.hostCollection=&amp;_D:/smete/forms/FindLearningObjects.hostCollection=%20&amp;/smete/forms/FindLearningObjects.afterYear=&amp;_D:/smete/forms/FindLearningObjects.afterYear=%20&amp;/smete/forms/FindLearningObjects.beforeYear=&amp;_D:/smete/forms/FindLearningObjects.beforeYear=%20&amp;&amp;/smete/forms/FindLearningObjects.keyword={$formKeywords}</search_url>
    </search>
    <search>
      <search_title>اسپیس ساینس اجیوکیشن هوم پیج-- گودارد اسپیس فلایت سنتر (صفحه خانگی آموزش علم فضا)--مرکز پرواز-فضای گودارد</search_title>
      <search_description>داده هایی از چندین مأموریت ناسا, کارهای دانشجویان, منابع معلمان. 
</search_description>
      <url>http://gsfc.nasa.gov/education/education_home.html</url>
      <search_url>http://search.nasa.gov/nasasearch/search/search.jsp?nasaInclude={$formKeywords}</search_url>
    </search>
  </context>
  <context>
    <context_title>خط مشی دولت</context_title>
    <context_abbrev>گاو پالیسی</context_abbrev>
    <context_description>امکان دسترسی به اطلاعات و سرویس های ورودی فراهم شده توسط دولت ایالات متحده و کانادا را پیدا کنید</context_description>
    <search>
      <search_title>دسترسی به اطلاعات و سرویس دولت استرالیا</search_title>
      <search_description>استرالین گاورمنت انتری پوینت (نقطه ورودی به دولت استرالیا) دسترسی جامع و کاملی به اطلاعات و سرویس این دولت را فراهم می سازد. می توانید از طریق  سایت www.australia.gov.au  هسته ای متمرکز از اطلاعات دولت استرالیا را پیدا کنید. که در حال حاضر بعنوان راهنمای بیش از 700 وب سایت از دولت استرالیا است، و بیش از 5000000 صفحه نمایه (ایندکس) کرده که هم متا دیتا و هم متن کامل را در بر می گیرد تا مطمئن شوید این یک پرتال کاملا جامع می باشد.</search_description>
      <url>http://www.fed.gov.au</url>
      <search_url>http://govsearch.australia.gov.au/search/search.cgi?collection=gov&amp;form=au&amp;query=&amp;query_phrase=&amp;query_or=&amp;query_not=&amp;meta_f_sand=&amp;scope=&amp;fscope=512&amp;num_ranks=20&amp;chksummary=chksummary&amp;query_and={$formKeywords}</search_url>
    </search>
    <search>
      <search_title>گاورمنت او کانادا  پابلیکیشن (انتشارات دولت کانادا)</search_title>
      <search_description>گاورمنت او کانادا پابلیکیشن وب سایت (وب سایت انتشارات دولت کانادا) امکان دسترسی به یک پنجره ی مجزا را به انتشارات رایگان و یا پولی که توسط گروه های دولت کانادا نوشته شده, مهیا می سازد. پایگاه داده ها هر چیز منتشر شده توسط از تمامی گروهها را در اختیار ندارد. اما در هر صورت لیست بیش از ۱۰۰۰۰۰ نوع چاپ شده را دارد و این تعداد روزانه در حال افزایش است تا آنجا که این سایت با همکاری خود با گروه نویسندگان را ادامه می دهد.</search_description>
      <url>http://www.canada.gc.ca/main_e.html</url>
      <search_url>http://publications.gc.ca/control/quickPublicSearch?searchAction=2&amp;termValue={$formKeywords}</search_url>
    </search>
    <search>
      <search_title>دیرکت گاو</search_title>
      <search_description>دیرکت گاو سرویسی دولتی است که به مردم امکان دسترسی به جدیدترین و گسترده ترین دامنه ی سرویس اطلاعات عمومی را در مکانی روی شبکه (وب) و تلویزیون دیجیتال (دیجیتال تی وی) می دهد. دیرکت گاو از مشخصات طراحی  شده و در نظر گرفته شده از طریق یو کی گاو تاک استفاده می کند</search_description>
      <url>http://www.direct.gov.uk</url>
      <search_url>http://www.direct.gov.uk/AdvancedSearch/SearchResults/fs/en?NP=1&amp;PO1=C&amp;PI1=W&amp;PF1=A&amp;PG=1&amp;RP=20&amp;SC=__dgov_site&amp;Z=1&amp;PT1={$formKeywords}</search_url>
    </search>
    <search>
      <search_title>اینفو4 لوکال.گاو.یو کی (انگلستان)</search_title>
      <search_description>اطلاعات برای دولت محلی از دولت مرکزی. این سایت به مقامات محلی کمک می کند تا خیلی سریع و راحت بتوانند اطلاعات مربوطه را از وب سایت های گروههای دولت مرکزی، آژانس ها و دیگر قسمتهای عمومی پیدا کنند. این قسمت دارای اطلاعات وسیعی در زمینه بکارگیری دولت الکترونیک می باشد.</search_description>
      <url>http://www.info4local.gov.uk</url>
      <search_url>http://www.info4local.gov.uk/?view=Search+results&amp;subjects=all&amp;departmentsIds=0&amp;informationTypesIds=all&amp;query={$formKeywords}</search_url>
    </search>
    <search>
      <search_title>پرتال دولت نیوزلند</search_title>
      <search_description>پرتال دولت نیوزلند وب سایتی است که امکان جستجو برای لینکها را فراهم می کند و به اطلاعات آنلاین و آف لاین و سرویس هایی از بیشتر دفاتر دولتی متصل می شود. این سایت توسط کمیته سرویس های ایالتی (استیت سرویسیز کامیژن) که بخشی در دولت نیوزلند می باشد، مدیریت و حمایت می شود.</search_description>
      <url>http://www.govt.nz</url>
      <search_url>http://www.govt.nz/search?type=spider&amp;t=spider&amp;q={$formKeywords}</search_url>
    </search>
    <search>
      <search_title>اروپا</search_title>
      <search_description>اطلاعات موجود در کشورهای عضو اتحادیه اروپا شامل داده های آماری، سیاست ها، اخبار، اسناد اداری، متون قانونی و دیگر انتشارات می باشد.</search_description>
      <url>http://europa.eu.int/index_en.htm</url>
      <search_url>http://europa.eu.int/geninfo/query/resultaction.jsp?page=1</search_url>
      <search_post>Collection=EuropaFull&amp;ResultTemplate=/result_en.jsp&amp;ResultCount=25&amp;qtype=simple&amp;ResultMaxDocs=200&amp;DefaultLG=en&amp;QueryText={$formKeywords}</search_post>
    </search>
    <search>
      <search_title>شبکه اطلاعات قانونی و جهانی جی ال آی ان(گلابل لگال اینفورمیشن نت ورک)</search_title>
      <search_description>جی ال آی ان یک پایگاه اطلاعاتی از قوانین، آیین نامه ها، تصمیمات قضایی و دیگر منابع تکمیلی قانونی می باشد که  توسط دفاتر سازمان های دولتی و بین المللی منتشر شده است. اعضای جی ال آی ان متن کامل و رسمی از اسناد چاپ شده را روی پایگاه هایی به زبان اصلی شان منتشر می کنند. هر متن با خلاصه انگلیسی و واژه های موضوعی انتخاب شده از ایندکس های چند زبانه برای جی ال آی ان همراه می باشد.</search_description>
      <url>http://www.glin.gov</url>
      <search_url>http://www.glin.gov/search.do?refineQuery=&amp;offset=0&amp;refineQueryType=&amp;fromSearch=true&amp;queryType=ALL&amp;searchBtn=Search&amp;includeAllFields=on&amp;searchAll=on&amp;sumLanguage=any&amp;pubLanguage=any&amp;pubJurisdiction=any&amp;publicationJurisdictionExclude=false&amp;searchPublicationDate=true&amp;dateFromDay=01&amp;dateFromMonth=01&amp;dateFromYear=&amp;dateToDay=01&amp;dateToMonth=01&amp;dateToYear=&amp;subjTerm=&amp;subjTermConjunction%5B0%5D=AND&amp;subjTerm=&amp;subjTermConjunction%5B1%5D=AND&amp;subjTerm=&amp;subjTermConjunction%5B2%5D=AND&amp;subjTerm=&amp;subjTermConjunction%5B3%5D=AND&amp;subjTerm=&amp;searchOrder=default&amp;hitsPerPage=10&amp;showSummary=on&amp;queryString={$formKeywords}</search_url>
    </search>
    <search>
      <search_title>فرست گاو</search_title>
      <search_description>فرست گاو (فدرالها و ایالات آمریکا) یک شرکت نیمه خصوصی است که توسط یک هیات نمایندگی دوطرفه رهبری و هدایت می شود.</search_description>
      <url>http://www.firstgov.gov/</url>
      <search_url>http://www.firstgov.gov/fgsearch/index.jsp?db=www&amp;st=AS&amp;ms0=should&amp;mt0=all&amp;rn=2&amp;parsed=true&amp;x=2&amp;y=8&amp;mw0={$formKeywords}</search_url>
    </search>
    <search>
      <search_title>کانادا سایتز (سایت های کانادا)</search_title>
      <search_description>کانادا سایتز دسترسی به ورودی اطلاعاتی و خدماتی را که توسط دولت کانادا و هر یک از استان ها در اختیارشان قرار داده شده باشد, امکان پذیر می سازد</search_description>
      <url>http://www.canada.gc.ca/main_e.html</url>
      <search_url>http://search-recherche.gc.ca/cgi-bin/query?mss=canada%2Fen%2Fsimple.html&amp;enc=iso88591&amp;pg=q&amp;kl=en&amp;site=main&amp;q={$formKeywords}</search_url>
    </search>
  </context>
  <context>
    <context_title>مدیا ریپرتز (گزارش های رسانه ای)</context_title>
    <context_abbrev>مدیا ریپرتز (گزارش های رسانه ای)</context_abbrev>
    <context_description>فورا جستجویی بر اساس موضوع مقاله آغاز می شود و استفاده کنندگان به مقالات موجود یا بایگانی شده در آن زمینه از روزنامه های راهنما در سر تا سر جهان مرتبط می شوند.</context_description>
    <search>
      <search_title>گوگل نیوز (اخبار گوگل)</search_title>
      <search_description>گزارش های خبری را با استفاده از ماشین جستجوی معروف اخبار گوگل (گوگل نیوز) جستجو کنید.</search_description>
      <url>http://news.google.com/</url>
      <search_url>http://news.google.com/news?hl=en&amp;q={$formKeywords}</search_url>
    </search>
    <search>
      <search_title>استرونومی مگزین (مجله نجوم)</search_title>
      <search_description>استرونومی مگزین (مجله نجوم), پرفروش ترین مجله انگلیسی جهان است که امکان دیدن طیف وسیع و مختلفی از اطلاعات را هم برا ی منجمین علاقه مند و هم برای مطالعه کنندگان میسر می سازد.</search_description>
      <url>http://www.astronomy.com/home.asp</url>
      <search_url>http://www.astronomy.com/asy/default.aspx?c=se&amp;outsideHidden=Yes&amp;searchStr={$formKeywords}</search_url>
    </search>
    <search>
      <search_title>دیلی ساینس نیوز از نیو ساینتیست (اخبار علمی روزانه)</search_title>
      <search_description>دیلی ساینس نیوز از نیو ساینتیست (اخبار علمی روزانه از نیو ساینتیست), امکان استفاده از اخبار علمی تازه و به روز را در تمام طول روز برای شما فراهم می آورد.</search_description>
      <url>http://www.newscientist.com/</url>
      <search_url>http://www.newscientist.com/search.ns?doSearch=true&amp;query={$formKeywords}</search_url>
    </search>
    <search>
      <search_title>نیچر ساینس آپ دیت (خبرهای جدید علم طبیعت)</search_title>
      <search_description>نیچر ساینس آپ دیت (خبرهای جدید علم طبیعت), داستانهای خبری روزانه را که بوسیله سردبیران مجله طبیعت (نیچر) نوشته می شود را به شما ارائه می دهد</search_description>
      <url>http://www.nature.com/nsu/</url>
      <search_url>http://search.nature.com/search/?sp-x-9=cat&amp;sp-q-9=NEWS&amp;submit=go&amp;sp-a=sp1001702d&amp;sp-sfvl-field=subject%7Cujournal&amp;sp-t=results&amp;sp-x-1=ujournal&amp;sp-p-1=phrase&amp;sp-p=all&amp;sp-q={$formKeywords}</search_url>
    </search>
    <search>
      <search_title>ساینس نیوز آنلاین (اخبار علمی آنلاین)</search_title>
      <search_description>ساینس نیوز آنلاین (اخبار علمی آنلاین) یکی از مفیدترین مجلات خبری علمی آنلاین است. این هفته نامه 75 ساله هر هفته تعداد زیادی متن کامل مقالات را علاوه بر مجموعه ای از مقالات بایگانی شده از سال 1994 تا کنون را روی شبکه قرار می دهد </search_description>
      <url>http://www.sciencenews.org/search.asp</url>
      <search_url>http://www.sciencenews.org/pages/search_results.asp?search={$formKeywords}</search_url>
    </search>
    <search>
      <search_title>ساینتیفیک امریکن آرشیو (بایگانی علمی آمریکا)</search_title>
      <search_description>ساینتیفیک امریکن آرشیو منبع آنلاین علم و تکنولوژی است که دسترسی به هر صفحه و هر دوره از مجله ساینتیفیک امریکن را از سال 1993 تا کنون مهیا می سازد.</search_description>
      <url>http://www.sciamdigital.com/</url>
      <search_url>http://www.sciamdigital.com/index.cfm?fa=Search.ViewSearchForItemResultList&amp;AUTHOR_CHAR=&amp;TITLE_CHAR=&amp;FullText_CHAR={$formKeywords}</search_url>
    </search>
    <search>
      <search_title>نیوز دیرکتوری (راهنمای خبری)</search_title>
      <search_description>نیوز دیرکتری (راهنمای خبری) یک راهنمای جامع و قابل جستجو برای رسانه های جهانی آنلاین و انگلیسی زبان است.در حال حاضر بیش از 8000 روزنامه، مجله و بیش از 1000 گوینده تلویزیونی آمریکایی در آن فهرست شده اند</search_description>
      <url>http://www.newsdirectory.com/</url>
      <search_url>http://www.newsdirectory.com/hbSearch.php</search_url>
      <search_post>s={$formKeywords}&amp; submit=Go</search_post>
    </search>
  </context>
  <context>
    <context_title>وب سرچ (جستجوی شبکه ای)</context_title>
    <context_abbrev>وب سرچ (جستجوی شبکه ای)</context_abbrev>
    <context_description>یک واژه ی جستجو را برای یافتن در منابع اینترنت وارد کن تا از طریق ماشین های جستجو به نتیجه برسید</context_description>
    <search>
      <search_title>گوگل</search_title>
      <search_description>با استفاده از ماشین معروف جستجوی گوگل،تعاریف را جستجو کنید</search_description>
      <url>http://www.google.com/</url>
      <search_url>http://www.google.com/search?q={$formKeywords}</search_url>
    </search>
    <search>
      <search_title>گوگل اسکولار</search_title>
      <search_description>گوگل اسکولار امکان جستجو های خاص را د ر زمینه ادبیات پژوهشی شامل  مقالات کارشناسی شده ، پایان نامه ها، کتب،پیش پرینت ها، چکیده ها و گزارش های فنی فراهم می سازد.محتوای این حیطه شامل تعدادی از ناشران و تدوین کنند گان است که گوگل توسط آنها سازمان یافته است.برای مثال انجمن محاسبه ی ماشین ها(آی ای ای ای), سرویس جایگزین کتابخانه جهانی با دسترسی آزاد  و ... .نتایج مشخص شده ورژن های متفاوتی از شاخه ها، تحلیل گفته ها و مکان کتابخانه را (فقط کتاب های موجود) را نشان می دهد.</search_description>
      <url>http://scholar.google.com</url>
      <search_url>http://scholar.google.com/scholar?ie=UTF-8&amp;oe=UTF-8&amp;hl=en&amp;q={$formKeywords}</search_url>
    </search>
    <search>
      <search_title>کلاستی کلاسترینگ اینجین</search_title>
      <search_description>این ابزار جستجو از ویویزمو نتایج تصادفی را از بین جستجوهای انتخاب شده ارائه می دهد. با متا سرچ کل شبکه را جستجو کنید یا با استفاده از عناوین، اخبار، شایعات، تصاویر یا تولیدات را از بیزریت یا ایبوی جستجو کنید.</search_description>
      <url>http://clusty.com/about</url>
      <search_url>http://clusty.com/search?query={$formKeywords}</search_url>
    </search>
    <search>
      <search_title>ویویزمو</search_title>
      <search_description>تکنولوژی تصادفی و جایزه بر ویویزمو که توسط دانشمندان واحد جستجوی کارنجی میلون توسعه یافته در حال باز کردن ارزش اطلاعات ذخیره شده در 500 شرکت، وب سایتهای عالی، ناشران معتبر و آژانس های دولتی با دسته بندی کردن نتایج جستجو برای سفارشات معنی دار است،تا به پیشرفتی در زمینه شکافتن اطلاعات و دستیابی به اطلاعات مربوطه برسد.</search_description>
      <url>http://vivisimo.com</url>
      <search_url>http://vivisimo.com/search?tb=homepage&amp;v%3Asources=Web&amp;query={$formKeywords}</search_url>
    </search>
  </context>
</version>
