<?xml version="1.0" encoding="UTF-8"?>
<!DOCTYPE version SYSTEM "../../lib/pkp/dtd/rtVersion.dtd">
<!--
  * Computer_Science.xml
  *
  * Copyright (c) 2013-2016 Simon Fraser University Library
  * Copyright (c) 2003-2016 John Willinsky
  * Distributed under the GNU GPL v2. For full terms see the file docs/COPYING.
  *
  * Reading Tools version: Computer Science (fa_IR)
  *
  -->
<version id="Computer_Science" locale="fa_IR">
	<version_title>علم کامپیوتر</version_title>
	<version_description>ابزار خواندن می تواند برای خوانندگان این مطالعه در زمینه منابع موجود راهنمایی وسیعی ارائه دهد که این راهنمایی می تواند  تفسیر، قرار گرفتن و ارزیابی کردن در زمینه آن مطالعه را فراهم آورد.</version_description>
	<context>
		<context_title>وظیفه نویسنده</context_title>
		<context_abbrev>دیگر وظایف</context_abbrev>
		<context_description>با استفاده از ماشین های 
OAI 
دیگر وظایف را برای  نویسنده( ها) ی مقاله مشخص کند</context_description>
		<author_terms/>
		<search>
			<search_title>گوگل اسکولار</search_title>
			<search_description>گوگل اسکولار امکان جستجو های خاص را د ر زمینه ادبیات پژوهشی شامل  مقالات کارشناسی شده ، پایان نامه ها، کتب،،پیش پرینت ها، چکیده ها و گزارش های فنی فراهم می سازد.محتوای این حیطه شامل تعدادی از ناشران و تدوین کنند گان است که گوگل توسط آنها نسازمان یافته است.برای مثال انجمن محاسبه ی ماشین ها، 
IEEE،
سرویس جایگزین کتابخانه جهانی با دسترسی آزاد  و ... .نتیایج مشخص شده ورژن های متفاوتی از شاخه ها، تحلیل گفته ها و مکان کتابخانه را (فقط کتاب های موجود) را نشان می دهد.</search_description>
			<url>http://scholar.google.com</url>
			<search_url>http://scholar.google.com/scholar?ie=UTF-8&amp;oe=UTF-8&amp;hl=eng&amp;as_sauthors={$formKeywords}</search_url>
		</search>
		<search>
			<search_title>مجموعه ای از فهرست های علم کامپیوتر</search_title>
			<search_description>شامل تقریبا 1200 فهرست با بیش از یک میلیون رفرنس می باشد که دربرگیرنده بیش از 100000 وب لینک به متن کامل مقاله می باشد.</search_description>
			<url>http://liinwww.ira.uka.de/bibliography/index.html#about</url>
			<search_url>http://liinwww.ira.uka.de/csbib?online=&amp;maxnum=200&amp;sort=year&amp;query={$formKeywords}</search_url>
		</search>
		<search>
			<search_title>OAISter
(آرشیوی کامل از مباحث تحقیقاتی بکر
</search_title>
			<search_description>پروژه ای است از سرویس های کتابخانه دیجیتال دانشگاه میشیگان، که می تواند جستجویی وسیع از انواع مجموعه ها از موسسات بیشمار را فرهم آورد.این موسسات از منابع دیجیتال خود  ثبتی ایجاد می کنند که که در دسترس است و تیم پروژه آنها را برای خدمات 
OASster
جمع آوری و تدوین کرده است.</search_description>
			<url>http://oaister.umdl.umich.edu/</url>
			<search_url>http://oaister.umdl.umich.edu/cgi/b/bib/bib-idx?type=boolean&amp;size=10&amp;c=oaister&amp;q1=&amp;rgn1=entire+record&amp;op2=and&amp;q2=&amp;rgn2=entire+record&amp;op3=And&amp;q3=&amp;rgn3=title&amp;op4=And&amp;rgn4=author&amp;op5=And&amp;q5=&amp;rgn5=subject&amp;op6=And&amp;rgn6=norm&amp;q6=all+types&amp;sort=author%2Fcreator&amp;submit2=search&amp;q4={$formKeywords}</search_url>
		</search>
		<search>
			<search_title>DOE
اینفورمیشن بریج
</search_title>
			<search_description>اینفورمیشن بریج (پل اطلاعات) منبعی آزاد برای دسترسی به متن کامل و فهرستهای ثبت شده از تحقیقات و گزارشات پیشرفته در
DOE
(گروه انرژی) در زمینه فیزیک، شیمی، مواد، بیولوژی، علوم زیستی، فن آوری نرژی، مهندسی، علم کامپیوتر و اطلاعات، انرژی قابل تجدید و موضوعات دیگر فراهم می آورد.
</search_description>
			<url>http://www.osti.gov/bridge/index.jsp</url>
			<search_url>http://www.osti.gov/bridge/basicsearch.jsp?act=Search&amp;formname=basicsearch.jsp&amp;review=1&amp;SortBy=RELV&amp;SortOrder=DESC&amp;querytype=search&amp;searchFor={$formKeywords}</search_url>
		</search>
		<search>
			<search_title>NCSTRL</search_title>
			<search_description>NCSTRL
مجموعه ای است بین المللی از گزارشات تحقیقی در زمینه علم کامپیوتر و مقالات برای استفاده غیر اقتصادی از موسسات شرکت کننده و آرشیوها در دسترس می باشند.
NCSTRL
دسترسی به بیش از 20000 گزارش فنی در زمینه علم کامپیوتر را فراهم می آورد.
</search_description>
			<url>http://www.ncstrl.org:8900/ncstrl/index.html</url>
			<search_url>http://www.ncstrl.org:8900/ncstrl/servlet/search?formname=simple&amp;group=archive&amp;sort=rank&amp;fulltext={$formKeywords}</search_url>
		</search>
		<search>
			<search_title>پابلیک نالج پراجکت اپن آرشیو هاروستر)پروژه آگاهی عمومی از آرشیو باز هاروستر</search_title>
			<search_description>آرشیو کامل و باز 
PKP
یک سیستم نمایه سازی آزاد از متا دیتا ها می باشد که با پروژه ی آگاهی عمومی از طریق کوشش های انجام شده توسط فدرال گسترش یافته تا دسترسی به جستجو را وسیع تر و بهتر سازد. 
منابع اطلاعاتی 
PKP OAI
به شما این امکان را می دهد تا یک نمایه ی قابل جستجو از متا دیتا  ها را از آرشیو های باز و کامل اولیه مانندسایت های مورد استفاده در سیستم مجلات باز یا سیستم های کنفرانس باز ایجاد کنید.</search_description>
			<url>http://pkp.sfu.ca/harvester/</url>
			<search_url>http://pkp.sfu.ca/harvester/search.php?limit=author&amp;query={$formKeywords}</search_url>
		</search>
		<search>
			<search_title>arXiv.org</search_title>
			<search_description>ArXiv
سرویس
(e-print)
پرینت الکترونیک در زمینه فیزیک، ریاضیات، علوم عرضی و کامپیوتر می باشد.</search_description>
			<url>http://arxiv.org/</url>
			<search_url>http://arxiv.org/search?searchtype=all&amp;query={$formKeywords}</search_url>
		</search>
		<search>
			<search_title>devx</search_title>
			<search_description>دسترسی به متن کامل بیش از 100000 مقاله، کارشناسی و دیگر موارد نمایه شده و قابل جستجو را فراهم می سازد.</search_description>
			<url>http://www.devx.com/</url>
			<search_url>http://www.google.com/custom?cof=T%3A%23000000%3BLW%3A70%3BBIMG%3Ahttp%3A%2F%2Fwww.devxcom%2Fimages%2Fredesign%2Fbackground2.gif%3BALC%3A%23000099%3BL%3Ahttp%3A%2F%2Fwww.devx.com%2Fimages%2Fredesign%2Fnewlogosm2.gif%3BLC%3A%23000099%3BLH%3A70%3BBGC%3AFAFAE6%3BAH%3Aleft%3BVLC%3A%23000099%3BGL%3A0%3BAWFID%3Aaf259f950e64cb71%3B&amp;domains=devx.com%3Bprojectcool.com%3Bvb2themax.com&amp;sitesearch=devx.com&amp;sa.x=16&amp;sa.y=25&amp;q={$formKeywords}</search_url>
		</search>
		<search>
			<search_title>CiteSeer</search_title>
			<search_description>CiteSeer
دسترسی به پایگاه اطلاعاتی مقالات تحقیقی خارجی و کاملا نمایه شده را از فیلدهای علمی متفاوت کامپیوتر امکان پذیر می سازد.</search_description>
			<url>http://citeseer.ist.psu.edu/cs</url>
			<search_url>http://citeseer.ist.psu.edu/cs?submit=Search+Documents&amp;cs=1&amp;q={$formKeywords}</search_url>
		</search>
	</context>
	<context>
		<context_title>جستجوی واژه ها</context_title>
		<context_abbrev>جستجوی واژه ها</context_abbrev>
		<context_description>روی هر واژه در متن دبل کلیک کنید به صورت نقل قول؛ تعریف واژه ها و نقل قول یا جعبه ظاهر خواهد شد.همچنین می توانید کلمه مورد نظر را در جعبه تایپ یا پیست کنید. سپس از دستور العمل جستجو برای یافتن تعریفی مشخص برای آن کلمه استفاده کنید. این منابع به خاطر ارتباطشان و دسترسی آزاد به همه یا بخشی از مطالبشان انتخاب شده اند</context_description>
		<define_terms/>
		<search>
			<search_title>گوگل</search_title>
			<search_description>با استفاده از ماشین معروف جستجوی گوگل،تعاریف را جستجو کنید</search_description>
			<url>http://www.google.com/</url>
			<search_url>http://www.google.com/search?hl=en&amp;q=define%3A{$formKeywords}</search_url>
		</search>
		<search>
			<search_title>Webopedia</search_title>
			<search_description>لغتنامه ای است آنلاین با تعاریفی از واژه های فنی مربوط به کامپیوترها و اینترنت.</search_description>
			<url>http://www.webopedia.com/</url>
			<search_url>http://search.internet.com/www.webopedia.com?IC_QueryDatabases=www.webopedia.com&amp;IC_QueryText={$formKeywords}</search_url>
		</search>
		<search>
			<search_title>WhatIs.com</search_title>
			<search_description>دایره المعارفی است آنلاین از واژه های فن آوری اطلاعات</search_description>
			<url>http://whatis.techtarget.com/</url>
			<search_url>http://whatis.techtarget.com/wsearchResults/1,290214,sid9,00.html?query={$formKeywords}</search_url>
		</search>
		<search>
			<search_title>فری آنلاین دیکشنری آو کامپیوتینگ (لغتنامه آنلاین و آزاد برای محاسبه)</search_title>
			<search_description>FOLDOC
لغتنامه ای است که می توان ترکیبات، اصطلاحات، زبانهای قابل برنامه ریزی، ابزار، معماری، سیستمهای عامل، شبکه سازی، تئوری، معاهدات، استانداردها، ریاضیات، تله کامز، الکترونیکز، موسسات، شرکت ها، پروژه ها، تولیدات و تاریخچه ی مربوط به محاسبه را در آن جستجو کرد.</search_description>
			<url>http://foldoc.org/</url>
			<search_url>http://foldoc.org/{$formKeywords}</search_url>
		</search>
		<search>
			<search_title>لغتنامه آن لاین مریام – وبستر</search_title>
			<search_description>این لغتنامه بر اساس دهمین چاپ دانشگاهی وبستر،1993است همراه با بیش از160000 لغت به روز که در هر چاپ سالانه اضافه می شود هر کلمه با تعریف، تلفظ، استفاده، ساختار گرامری و یک تاریخچه کوتاه شامل یک فرهنگ جامع، املای غلط و املاهای پیشنهادی می باشد. سیستم جستجوی فرهنگ لغت جستجوهای غیر قابل پیش بینی و ناقص را فراهم می کند. همچنین راهنمای خوبی برای تلفظ و فایل های صداهای آن تلفظ برای بسیاری از واژه ها می باشد.</search_description>
			<url>http://www.merriam-webster.com/</url>
			<search_url>http://www.merriam-webster.com/cgi-bin/dictionary?book=Dictionary&amp;va={$formKeywords}</search_url>
		</search>
		<search>
			<search_title>لغتنامه های وان لوک</search_title>
			<search_description>وان لوک یک خود-لغتنامه است.یک کلمه یا سرنام انگلیسی را وارد کنید ، وان لوک نمایه آن را از 5292362 کلمه در 934 لغتنامه 
که در لغتنامه های عمومی و اختصاصی مورد دلخواه برای آن تعریف نمایه شده اند جستجو می کند.</search_description>
			<url>http://www.onelook.com/index.html</url>
			<search_url>http://www.onelook.com/?ls=a&amp;w={$formKeywords}</search_url>
		</search>
		<search>
			<search_title>ویکی پدیا: دایره المعارف آزاد</search_title>
			<search_description>ویکی پدیا یک دایره المعارف با متنی آزاد و قابل دسترسی است که به طور مشترک توسط شرکت کنندگان در سرتاسر جهان نوشته شده است. این سایت "ویکی ویکی" است به این معنا که هر کس می تواند هر مقاله ای را ویرایش کند، نظر خود را بدون اشتباه سرمقاله ای بیان کنند، کیفیت محتوای این سایت به طور نمایشی تغییر می کند اما ارزش جستجو را دارد. نسخه انگلیسی صدها هزار کلمه دارد. اسپانیایی، فرانسوی و اسپرانتو(زبان بین المللی) نیز در بین زبانهای ارائه شده هستند.</search_description>
			<url>http://en.wikipedia.org/wiki/Main_Page</url>
			<search_url>http://en.wikipedia.org/wiki/Special:Search?go=Go&amp;fulltext=Search&amp;search={$formKeywords}</search_url>
		</search>
		<search>
			<search_title>اینفو پلیز.کام</search_title>
			<search_description>این سایت دربرگیرنده اینفورمیشن پلیز الماناکز(اطلاعات سالانه)، یک قسمت بیوگرافی، یک لغتنامه، یک اطلس، و مقالاتی از دایره المعارف کلمبیا می باشد. شما می توانید این رفرنس های آماده را با یکدیگر یا به طور مجزا جستجو کنید یا آلماناکز را بروز کنید. در این سایت همچنین سرمقالات هر هفته وجود دارد که اخبار و موضوعات را با لینک های مربوط به محتوای آلماناکز و دیگر منابع شبکه تحت پوشش قرار می دهد.</search_description>
			<url>http://www.infoplease.com</url>
			<search_url>http://www.infoplease.com/search?fr=iptn&amp;in=all&amp;x=0&amp;y=0&amp;query={$formKeywords}</search_url>
		</search>
	</context>
	<context>
		<context_title>مطالعات مرتبط</context_title>
		<context_abbrev>مطالعات مرتبط</context_abbrev>
		<context_description>با ایستفاده از یک لینک فعال در دسترسی آزاد به مباحث، می توانید به چکیده یا متن کامل مطالب مرتیط با موضوع خود در مطالعات مشابه دست یابید. </context_description>
		<search>
			<search_title>arXiv.org</search_title>
			<search_description>ArXiv
سرویس
(e-print)
پرینت الکترونیک در زمینه فیزیک، ریاضیات، علوم عرضی و کامپیوتر می باشد.</search_description>
			<url>http://arxiv.org/</url>
			<search_url>http://arxiv.org/search?searchtype=all&amp;query={$formKeywords}</search_url>
		</search>
		<search>
			<search_title>CiteSeer</search_title>
			<search_description>CiteSeer
دسترسی به پایگاه اطلاعاتی مقالات تحقیقی خارجی و کاملا نمایه شده را از فیلدهای علمی متفاوت کامپیوتر امکان پذیر می سازد.</search_description>
			<url>http://citeseer.ist.psu.edu/cs</url>
			<search_url>http://citeseer.ist.psu.edu/cs?submit=Search+Documents&amp;cs=1&amp;q={$formKeywords}</search_url>
		</search>
		<search>
			<search_title>مجموعه ای از فهرست های علم کامپیوتر</search_title>
			<search_description>شامل تقریبا 1200 فهرست با بیش از یک میلیون رفرنس می باشد که دربرگیرنده بیش از 100000 وب لینک به متن کامل مقاله می باشد.</search_description>
			<url>http://liinwww.ira.uka.de/bibliography/index.html#about</url>
			<search_url>http://liinwww.ira.uka.de/csbib?online=&amp;maxnum=200&amp;sort=year&amp;query={$formKeywords}</search_url>
		</search>
		<search>
			<search_title>NCSTRL</search_title>
			<search_description>NCSTRL
مجموعه ای است بین المللی از گزارشات تحقیقی در زمینه علم کامپیوتر و مقالات برای استفاده غیر اقتصادی از موسسات شرکت کننده و آرشیوها در دسترس می باشند.
NCSTRL
دسترسی به بیش از 20000 گزارش فنی در زمینه علم کامپیوتر را فراهم می آورد.</search_description>
			<url>http://www.ncstrl.org:8900/ncstrl/index.html</url>
			<search_url>http://www.ncstrl.org:8900/ncstrl/servlet/search?formname=simple&amp;group=archive&amp;sort=rank&amp;fulltext={$formKeywords}</search_url>
		</search>
		<search>
			<search_title>DOE
اینفورمیشن بریج
</search_title>
			<search_description>اینفورمیشن بریج (پل اطلاعات) منبعی آزاد برای دسترسی به متن کامل و فهرستهای ثبت شده از تحقیقات و گزارشات پیشرفته در
DOE
(گروه انرژی) در زمینه فیزیک، شیمی، مواد، بیولوژی، علوم زیستی، فن آوری نرژی، مهندسی، علم کامپیوتر و اطلاعات، انرژی قابل تجدید و موضوعات دیگر فراهم می آورد.</search_description>
			<url>http://www.osti.gov/bridge/index.jsp</url>
			<search_url>http://www.osti.gov/bridge/basicsearch.jsp?act=Search&amp;formname=basicsearch.jsp&amp;review=1&amp;SortBy=RELV&amp;SortOrder=DESC&amp;querytype=search&amp;searchFor={$formKeywords}</search_url>
		</search>
		<search>
			<search_title>devx</search_title>
			<search_description>devx
دسترسی به متن کامل بیش از 100000 مقاله، کارشناسی و دیگر موارد نمایه شده و قابل جستجو را فراهم می سازد.
</search_description>
			<url>http://www.devx.com/</url>
			<search_url>http://www.google.com/custom?cof=T%3A%23000000%3BLW%3A70%3BBIMG%3Ahttp%3A%2F%2Fwww.devxcom%2Fimages%2Fredesign%2Fbackground2.gif%3BALC%3A%23000099%3BL%3Ahttp%3A%2F%2Fwww.devx.com%2Fimages%2Fredesign%2Fnewlogosm2.gif%3BLC%3A%23000099%3BLH%3A70%3BBGC%3AFAFAE6%3BAH%3Aleft%3BVLC%3A%23000099%3BGL%3A0%3BAWFID%3Aaf259f950e64cb71%3B&amp;domains=devx.com%3Bprojectcool.com%3Bvb2themax.com&amp;sitesearch=devx.com&amp;sa.x=16&amp;sa.y=25&amp;q={$formKeywords}</search_url>
		</search>
		<search>
			<search_title>فهرست منابع 
:HCI
منابع تعامل بشر و کامپیوتر
</search_title>
			<search_description>فهرست منابع 
HCIBIB
یک فهرست با دسترسی آزاد به تعاملات بین بشر و کامپیوتر است با بیش از 285000 ثبت در پایگاههای قابل جستجو.
</search_description>
			<url>http://www.hcibib.org/</url>
			<search_url>http://www.hcibib.org/gs.cgi?highlight=checked&amp;action=Search&amp;terms={$formKeywords}</search_url>
		</search>
	</context>
	<context>
		<context_title>جستجوی کتاب</context_title>
		<context_abbrev>جستجوی کتاب</context_abbrev>
		<context_description>منابع مرتبط با کتاب</context_description>
		<search>
			<search_title>گوگل پرینت</search_title>
			<search_description>گوگل با کتابخانه های دانشگاه های میشیگان، هاروارد، استنفورد، آکسفورد و کتابخانه عمومی نیویورک کار می کند تا کتابها را در مجموعه هایشان به صورت دیجیتالی در بیاورد و آنها را در گوگل پرینت قابل دسترس قرار دهد. یک پروژه ی عظیم جستجو که میلیونها شماره از کتابهای چاپ شده را در پایگاه داده های گوگل پرینت می آورد. روی عنوان یک کتاب کلیک کنید می توانید صفحه ای از کتاب را که واژه ی جستجوی شما را دارد ببینید، می توانید اطلاعات بیشتری را در یک کتاب خاص جستجو کنید، توضیح بیشتر یا اطلاعات مربوطه را پیدا کنید، در مورد ناشر بدانید یا کتاب را خریداری نمایید و کتابخانه هایی را که این کتاب را دارند پیدا کنید.</search_description>
			<url>http://print.google.com</url>
			<search_url>http://print.google.com/print?q={$formKeywords}</search_url>
		</search>
		<search>
			<search_title>صفحه کتابهای آنلاین </search_title>
			<search_description>صفحه کتابهای آنلاین توسط جان مارک آکربلوم در دانشگاه پنسیلوانیا ویرایش شد. این یک نقطه شروع عالی در جستجو برای متن کامل کتاب ها در اینترنت است. بیش از 20000 کار انگلیسی در شکلهای متفاوت در سایت های مختلف به صورت آنلاین در دسترس هستند. شما می توانید با نام نویسنده یا عنوان  جستجو را انجام دهید. یک ویژگی جالب به شما اجازه می دهد با لایبرری کانگرس دسته ای از شماره تلفن ها را بروز کنید. لیست های جدیدی به طور مرتب اضافه می شوند و در وب پیج های مجزا در 
&lt;/a&gt;
فهرست می شوند.
</search_description>
			<url>http://digital.library.upenn.edu/books/</url>
			<search_url>http://onlinebooks.library.upenn.edu/webbin/book/search?tmode=words&amp;title={$formKeywords}</search_url>
		</search>
		<search>
			<search_title>کتابهای آنلاین</search_title>
			<search_description>مجموعه ای با بیش از 32935 عنوان که تنها بعضی از آنها گلچین شده اند. با موضوع بروز کنید یا با اسم نویسنده و عنوان جستجو کنید. همه موارد به صورت آزاد نیستند.</search_description>
			<url>http://www.books-on-line.com/</url>
			<search_url>http://www.books-on-line.com/bol/KeyWordSearch.cfm?RowCount=50&amp;Searchquery={$formKeywords}</search_url>
		</search>
		<search>
			<search_title>O'Reilly Search</search_title>
			<search_description>کتابها، مقالات، وب لاگ ها، کنفرانس ها و دیگر منابع چاپ شده یا بدست آمده را از طریق 
O'Reilly &amp;
و انجمن ناشران جهانی جستجو کنید.
</search_description>
			<url>http://www.oreillynet.com/search/</url>
			<search_url>http://catsearch.atomz.com/search/catsearch/?sp-a=sp1000a5a9&amp;sp-f=ISO-8859-1&amp;sp-t=cat_search&amp;sp-advanced=1&amp;sp-p=any&amp;sp-d=custom&amp;sp-date-range=-1&amp;sp-q-1=&amp;sp-x-1=collection&amp;sp-c=10&amp;sp-m=1&amp;sp-s=0&amp;sp-q={$formKeywords}</search_url>
		</search>
		<search>
			<search_title>کتابهای آنلاین و فنی 
safari
</search_title>
			<search_description>O'Reilly
 کتابخانه ای آنلاین و فنی از منابع 
</search_description>
			<url>http://safari.oreilly.com</url>
			<search_url>http://safari.oreilly.com/search?_formName=searchForm&amp;searchlistbox=Entire Site&amp;searchtextbox={$formKeywords}</search_url>
		</search>
		<search>
			<search_title>کتابخانه ی جهانی</search_title>
			<search_description>کتابخانه جهانی دارای منابع قابل توجه تر و ارزشمندتری است، که تشکیل شده از مجموعه ای 100000 از 
e-book
(بعضی از آنها از پروژه ی گوتنبرگ می باشند)، و هدف آنها ایجاد یک میلیون 
e-book
تا پایان سال 2006 است.
</search_description>
			<url>http://tera-3.ul.cs.cmu.edu/</url>
			<search_url>http://tera-3.ul.cs.cmu.edu/cgi-bin/DBscripts/advsearch_db.cgi?perPage=25&amp;listStart=0&amp;author1=&amp;subject1=Any&amp;year1=&amp;year2=&amp;language1=Any&amp;scentre=Any&amp;search=Search&amp;title1={$formKeywords}</search_url>
		</search>
	</context>
	<context>
		<context_title>پایگاههای اطلاعاتی</context_title>
		<context_abbrev>پایگاههای اطلاعاتی</context_abbrev>
		<context_description>پایگاههای اطلاعاتی حاوی اطلاعاتی مربوط به علم محاسبه می باشند</context_description>
		<search>
			<search_title>مجموعه ای از فهرستهای علم کامپیوتر</search_title>
			<search_description>مجموعه ای از فهرستهای علم کامپیوتر- مجموعه ای قابل جستجو از فهرستهایی از منابع متفاوت که بیشتر جنبه های علم کامپیوتر را در بر می گرفت. می توانید به رفرنس های مقالات مجله، مقالات کنفرانس و گزارش های فنی دسترسی یابید. این مجموعه در حال حاضر شامل بیش از 2 میلیون رفرنس (بیشتر از مقالات مجله، مقالات کنفرانس و گزارش های فنی) می باشد که در بین حدود 1500 فهرست پراکنده می باشد و بیش از 2.3 گیگا بایت (530 مگا بایت زیپ) از موارد موجود در فهرست منابع را دارا می باشد. بیش از 600000 رفرنس که دربرگیرنده رفرنس های تلفیقی برای نشریات ذکر شده یا در حال ذکر. بیش از یک میلیون رفرنس URLs
به نسخه آنلاین مقاله. چکیده ها با بیش از 800000 ورودی در دسترس می باشند. در برگیرنده بیش از 2000 لینک به دیگر سایت هایی که دارای اطلاعات منبعی هستند، می باشد. 
</search_description>
			<url>http://liinwww.ira.uka.de/bibliography/index.html</url>
			<search_url>http://liinwww.ira.uka.de/mpsbib?field=&amp;year=&amp;sincd=&amp;before=&amp;results=citation&amp;maxnum=40&amp;online=on&amp;query={$formKeywords}</search_url>
		</search>
		<search>
			<search_title>ماشین جستجوی مجله الکترونیک مهندسی 
EESE
</search_title>
			<search_description>ماشین جستجوی مجله الکترونیک مهندسی 
EESE
متن کامل بیش از 100 مجله الکترونیک آزاد مهندسی را جستجو می کند.</search_description>
			<url>http://www.eevl.ac.uk/eese/index.html</url>
			<search_url>http://www.eevl.ac.uk/eevl-cross-results.htm?tab=all&amp;eevl_sect=eevl&amp;exact=on&amp;method=All&amp;searchst={$formKeywords}</search_url>
		</search>
		<search>
			<search_title>کامپیو ساینس</search_title>
			<search_description>کامپیو ساینس یک پایگاه اطلاعاتی درزمینه فهرست می باشد که متون موجود در زمینه علم کامپیوتر و فن آوری کامپیوتر را تحت پوشش قرار می دهد. تاریخ آن به 1936 برمی گردد؛ این پایگاه اطلاعاتی در حدود 656378 گفته را در بردارد. کامپیو ساینس تشکیل شده از
io- port.net,
پورتالی برای علم کامپیوتر در آلمان و اروپا. کامپیو ساینس شامل چکیده هایی از 
ACM
محاسبه کارشناسی ها و بخش علم کامپیوتر از زنترال بلات فور متمتیک ( پایگاه اطلاعاتی ریاضی) می باشد و همچنین چکیده های بیش از 95 مجله انتخاب شده در این حیطه علمی اطلاعات فهرست منابع و واژه های نمایه شده را نیز در برمی گیرد. بیشتر آمارها نیز یک چکیده را در بر دارد. اکثریت گفته ها بر اساس برنامه طبقه بندی شده ی محاسبه کارشناسی ها در
ACM
دسته بندی می شوند.
</search_description>
			<url>http://www.fiz-informationsdienste.de/en/DB/compusci/index.html</url>
			<search_url>http://www.io-port.net/ioport2004/singlefieldSearch.do?feld1=fulltext&amp;eingabe2=&amp;eingabe3=&amp;eingabe4=&amp;eingabe5=&amp;sortierung=jahr&amp;query=&amp;Abschicken=Suchen&amp;eingabe1={$formKeywords}</search_url>
		</search>
	</context>
	<context>
		<context_title>مشاهده هزینه بر </context_title>
		<context_abbrev>مشاهده هزینه بر </context_abbrev>
		<context_description>مشاهده هزینه بر برای آن دسته افرادی است که دسترسی مستقیم به مقالات مجلات الکترونیک را از طریق اشتراک ندارد. این نوع سرویس دهی به مشتریان این امکان را می دهد تا دسترسی مستقیم به یک مقاله را با پرداخت  کارت اعتباری با استفاده از مکانیزم پرداخت ایمن 
RSC 
سریعا کارت آنان عتبار مجدد پیدا می کندو مشتریان می توانند به فایل های مقالات مورد نیاز خود برای یک دوره 30 روزه دسترسی پیدا کنند . </context_description>
		<search>
			<search_title>اینجنتا</search_title>
			<search_description>اینجنتا دسترسی به متن کامل مقالات را محدود می سازد. اگرچه دسترسی به متن کامل هزینه بر می باشد، اما این سایت را می توان به عنوان نمایه به صورت رایگان استفاده کرد.</search_description>
			<url>http://www.ingenta.com/</url>
			<search_url>http://www.ingenta.com/isis/searching/Search/ingenta?database=1&amp;title={$formKeywords}</search_url>
		</search>
		<search>
			<search_title> ابرری </search_title>
			<search_description>محققان مستقلی که دسترسی آزاد به پایگاه های اطلاعاتی ابرری را ندارند از طریق کتابخانه هایشان می توانند همین حالا یک حساب شخصی با حداقل 5 دلار باز کنند. ابرری دیسکاور علوم آکادمیک چند گانه را به طور منسجم و واحد درمی آورد و دسترسی به بیش از 20000 عنوان معتبر را که در برگیرنده متن کامل، صفحه موسیقی، گزارشات و دیگر اسناد معتبر ار بیش از 175 ناشر راهنما مانند مجله دانشگاه کمبریج، رندم هوس، 
Inc
و شرکت های مک گرو هیل را میسر می سازد.
</search_description>
			<url>http://www.ebrary.com/corp/content.htm</url>
			<search_url>http://shop.ebrary.com/Top?layout=search&amp;f00=text&amp;p01=&amp;f01=subject&amp;d=journal&amp;l=en&amp;sch=%A0%A0%A0%A0%A0Search%A0%A0%A0%A0%A0&amp;frm=adv.x&amp;p00={$formKeywords}</search_url>
		</search>
		<search>
			<search_title>کوازتیا</search_title>
			<search_description>کوازتیا دسترسی به بیش از 47000 کتاب، 375000 مجله، و مقالات روزنامه ای را فراهم می کند. هر صفحه را جستجو کنید همه کتابها و مقالات به طور کامل و تمام در دسترس می باشند-. میزان اشتراک از 19.05 در هر ماه تا 119.95 به طور سالانه متغیر می باشد.</search_description>
			<url>http://www.questia.com/</url>
			<search_url>http://www.questia.com/SM.qst?act=search&amp;keywordsSearchType=1000&amp;mediaType=book&amp;mediaType=journal&amp;mediaType=magazine&amp;mediaType=newspaper&amp;mediaType=encyclopedia&amp;mediaType=startpage&amp;keywords={$formKeywords}</search_url>
		</search>
		<search>
			<search_title>ویلی اینتر ساینس: سرویس پرداخت با هر بار مشاهده </search_title>
			<search_description>ویلی اینتر ساینس: سرویس پرداخت با هر بار مشاهده ، دسترسی  ثابت و کامل به متن مجموعه ای وسیع از مقالات مجلات یا فصل های موجود در یک کتاب را که روی ویلی اینترساینس موجود می باشد بدون نیاز به اشتراک فراهم می کند. این سرویس به هر فرد اجازه می دهد تا دسترسی به مقالات مجزای مجله یا فصول کتاب را بطور مستقیم با استفاده از یک کارت اعتباری پیدا کند. دسترسی تا 24 ساعت بطور مداوم وجود دارد.</search_description>
			<url>http://www3.interscience.wiley.com/aboutus/ppv-articleselect.html</url>
			<search_url>http://www3.interscience.wiley.com/search/allsearch</search_url>
			<search_post>allContentSearchForm=&amp;mode=quicksearch&amp;WISindexid1=WISall&amp;WISsearch1={$formKeywords}</search_post>
		</search>
	</context>
	<context>
		<context_title>گزارش های فنی</context_title>
		<context_abbrev>گزارش های فنی</context_abbrev>
		<context_description>راهی را برای دسترسی به مجموعه گزارشهای فنی مهیا می کند.</context_description>
		<search>
			<search_title>شبکه 
GrayLIT
</search_title>
			<search_description>شبکه 
GrayLIT
جستجوی متن کامل را از بین ادبیات قدیمی آژانس های چندگانه ی دولتی از طریق یک پرتال علمی با گزارش های فنی امکان پذیر می سازد. این پرتال به آرامی به ماشین های جستجوی مجموعه ادبیات قدیمی متصل می شود و استفاده کننده را قادر می سازد تا اطلاعات را بدون شناختن آژانس حامی پیدا کند.
</search_description>
			<url>http://graylit.osti.gov/</url>
			<search_url>http://graylit.osti.gov/cgi-bin/dexplcgi</search_url>
			<search_post>pp=all&amp;INTERFACE=1WINDOW&amp;FORM=DistributedSearch.html&amp;COLLECTION=dticft&amp;COLLECTION=jpl&amp;COLLECTION=gpoinfo&amp;COLLECTION=langley&amp;MAXDOCS=50&amp;QUERY={$formKeywords}</search_post>
		</search>
	</context>
	<context>
		<context_title>مزایا</context_title>
		<context_abbrev>مزایا</context_abbrev>
		<context_description>دسترسی به اطلاعات کانادا، آمریکا و اروپا</context_description>
		<search>
			<search_title>پایگاه اطلاعاتی حقوق کانادا</search_title>
			<search_description>پایگاه اطلاعاتی حقوق کانادا به شما اجازه می دهد تا به توضیحات حقوقی و تصاویر بیش از 75 سال دسترسی یابید. شما می توانید بیش از 1500000 سند قانونی را جستجو و یا بازیابی کنید.</search_description>
			<url>http://patents1.ic.gc.ca/intro-e.html</url>
			<search_url>http://patents1.ic.gc.ca/fcgi-bin/patquery_eo_el?-t=_&amp;-l=ibm.html&amp;-m=50&amp;-c=/cpoti/prod/verity/coll/cpd&amp;ERROR_MSG=Query failed with rc =&amp;GENERAL={$formKeywords}</search_url>
		</search>
		<search>
			<search_title>شبکه اروپایی پایگاه اطلاعاتی حقوق
(Esp@cenet)
</search_title>
			<search_description>شبکه اروپایی پایگاه اطلاعاتی حقوق
(Esp@cenet)
یک سرویس آزاد برای دسترسی به اطلاعات حقوقی می باشد. چهار فایل پایگاه اطلاعاتی می توان جستجو کرد: 1- حقوق اروپایی (جدید ترین آن 24 ماهه با فایل های 
PDF
است). 2- حقوق
PCT(WO)
(جدیدترین آن 24 ماهه با فایل های
PDF
است) . حقوق جهانی (پوشش این دسته به خود کشور بستگی دارد، بیشتر به دهه 1960 یا 1970 بر می گردد). و 4- حقوق ژاپنی ( از 1970 تا کنون) . از سال 1970 هر خانواده حقوقی در این مجموعه یک سند قابل ارائه دارد که با عنوان و چکیده ای به زبان انگلیسی قابل جستجو است.
</search_description>
			<url>http://ep.espacenet.com</url>
			<search_url>http://v3.espacenet.com/results?AB=fiber&amp;sf=q&amp;FIRST=1&amp;CY=ep&amp;LG=en&amp;DB=EPODOC&amp;st=AB&amp;Submit=SEARCH&amp;=&amp;=&amp;=&amp;=&amp;=&amp;kw={$formKeywords}</search_url>
		</search>
		<search>
			<search_title>USPTO</search_title>
			<search_description>پایگاه اطلاعاتی
USPTO
این دوره را از اول ژانویه سال 1976 تا تاریخ همین هفته اخیر پوشش می دهد (معمولا هر سه شنبه). این پایگاه همچنین توانایی دادن نظم وترتیب به امتیازات در این سیستم را دارد.
</search_description>
			<url>http://www.uspto.gov/</url>
			<search_url>http://patft.uspto.gov/netacgi/nph-Parser?Sect1=PTO2&amp;Sect2=HITOFF&amp;p=1&amp;u=%2Fnetahtml%2Fsearch-bool.html&amp;r=0&amp;f=S&amp;l=50&amp;FIELD1=&amp;co1=AND&amp;TERM2=&amp;FIELD2=&amp;d=ptxt&amp;TERM1={$formKeywords}</search_url>
		</search>
	</context>
	<context>
		<context_title>استانداردها</context_title>
		<context_abbrev>استاندارد ها</context_abbrev>
		<context_description>دسترسی به اطلاعات استانداردی که غالبا با مشورت دانشمندان علم کامپیوتر تدوین شده است.</context_description>
		<search>
			<search_title>سازمان بین المللی استانداردسازی
(ISO)
</search_title>
			<search_description>سازمان بین المللی استانداردسازی
(ISO)
یک فدراسیون جهانی از استانداردهای ملی بیش از 140 کشور می باشد. کار این سازمان منجر به ایجاد بیش از 12000 استاندارد بین المللی می باشد که  بیش از 300000 صفحه به زبان انگلیسی و فرانسه را ارائه می دهد.
</search_description>
			<url>http://www.iso.ch/iso/en/CatalogueListPage.CatalogueList</url>
			<search_url>http://www.iso.ch/iso/en/CombinedQueryResult.CombinedQueryResult?queryString={$formKeywords}</search_url>
		</search>
		<search>
			<search_title>تقاضای پیشنهاد
(RFCs)
</search_title>
			<search_description>تقاضای پیشنهاد
(RFCs)
برای سری اسناد، مجموعه ای است از نکات فنی و سازمانی در مورد اینترنت (اول 
ARPANET)
که از سال 1969 آغاز شد. حافظه های موجود در سری 
RFC
در مورد بسیاری از جنبه های شبکه سازی کامپیوتر بحث می کند که این مباحث شامل پروتکل ها، فرآیندها، برنامه ها و مفاهیمی مانند نکات اصلی جلسات، عقاید و گاهی اوقات شوخی ها می شود.
</search_description>
			<url>http://www.rfc-editor.org/rfcsearch.html</url>
			<search_url>http://www.rfc-editor.org/cgi-bin/rfcsearch.pl?opt=All+Fields&amp;num=25&amp;filefmt=txt&amp;search_doc=search_all&amp;match_method=prefix&amp;sort_method=newer&amp;abstract=absoff&amp;keywords=keyoff&amp;format=ftp&amp;searchwords={$formKeywords}</search_url>
		</search>
		<search>
			<search_title>XML.com</search_title>
			<search_description>سایتی جامع از همه موارد موجود (زبان قابل گسترش) در
XML
از برنامه و سبک گرفته تا سمنتیک وب می باشد. البته بیشتر بمنظور استفاده ی کاربران حرفه ای و قوی طراحی شده اما حاوی برنامه 
FAQ 
می باشد که برای کاربران تازه وارد نیز مفید است. از انجمن خانه چاپ 
O'Reilly &amp;
قابل جستجو می باشد.
</search_description>
			<url>http://www.xml.com/</url>
			<search_url>http://search.atomz.com/search/?sp-a=sp1000a5a9&amp;sp-f=ISO-8859-1&amp;sp-t=cat_search&amp;sp-x-1=collection&amp;sp-q-1=xml&amp;sp-q={$formKeywords}</search_url>
		</search>
	</context>
	<context>
		<context_title>محل های آنلاین</context_title>
		<context_abbrev>محل های آنلاین</context_abbrev>
		<context_description>با انتخاب محل های آنلاین می توانید دسترسی آزاد به متن مطالعات تحقیقاتی روی سایت خود پیدا کنید.</context_description>
		<search>
			<search_title>راهنمای همه کنفرانس ها</search_title>
			<search_description>راهنمای همه کنفرانس ها یک پایگاه اطلاعاتی قابل جستجو از علم کامپیوتر و کنفرانس های فن آوری می باشد که کنفرانس ها را از طریق نوع شان سازماندهی می کند و اطلاعات را با توجه به مهلت ثبت مقاله ارائه می دهد.</search_description>
			<url>http://all-conferences.com/Computers/</url>
			<search_url>http://www.allconferences.com/Search/search.php3?Search={$formKeywords}</search_url>
		</search>
		<search>
			<search_title>DB&amp;LP
کنفرانس ها و کارگاهها
</search_title>
			<search_description>DB&amp;LP;
کنفرانس ها و کارگاهها
دربرگیرنده ی فهرستی از کنفرانس های علم کامپیوتر و کارگاهها در گذشته، حال و آینده می باشد.
</search_description>
			<url>http://www.informatik.uni-trier.de/~ley/db/conf/index.a.html</url>
			<search_url>http://www.google.com/search?hl=en&amp;lr=&amp;q=site%3Awww.informatik.uni-trier.de%2F+conf+{$formKeywords}</search_url>
		</search>
		<search>
			<search_title>Netlib
پایگاههای اطلاعاتی کنفرانس ها 
</search_title>
			<search_description>Netlib
پایگاههای اطلاعاتی کنفرانس ها در برگیرنده ی اطلاعاتی در مورد کنفرانس ها، سخنرانی ها و دیگر جلسات در آینده ی نزدیک و مربوط به زمینه های ریاضیات یا علم کامپیوتر است.
</search_description>
			<url>http://www.netlib.org/confdb/confsearch.html</url>
			<search_url>http://netlib2.cs.utk.edu/cgi-bin/csearch/confdisp.pl?ip_address=160.36.58.108&amp;ip_name=netlib-old.cs.utk.edu&amp;tcp_port=8123&amp;database_name=%2Fusr%2Flocal%2Fwais%2Findexes%2Fconfdb&amp;search_term={$formKeywords}</search_url>
		</search>
		<search>
			<search_title>تقویم فنی</search_title>
			<search_description>تقویم فنی یک راهنمای حوادث قابل جستجو و قابل بروز کردن با گروههایی شامل:اینترنت/آنلاین، ارتباطات، نرم افزار، خدمات، فروشگاههای عمودی، سکوههای محاسباتی و صنعت محاسبه می باشد.</search_description>
			<url>http://www.techweb.com/calendar/</url>
			<search_url>http://www.tsnn.com/partner/results/results_techweb.cfm?city=&amp;select=-1&amp;country=-1&amp;classid=120&amp;Month=-1&amp;subject={$formKeywords}</search_url>
		</search>
	</context>
	<context>
		<context_title>چند رسانه ای</context_title>
		<context_abbrev>چند رسانه ای</context_abbrev>
		<context_description>منابع چند رسانه ای</context_description>
		<search>
			<search_title>پروژه دوربین ویدئویی باز </search_title>
			<search_description>پروژه دوربین ویدئویی باز مجموعه ای است از یک ویدئو دیجیتال عمومی که برای تحقیق و دیگر اهداف در دسترس می باشند. هدف از این پروژه ویدئویی باز جمع آوری و در دسترس قرار دادن مجموعه ای از محتوای ویدئویی دیجیتال شده برای این ویدئو، بازیابی چند رسانه ای، کتابخانه دیجیتال و دیگر انجمن ها می باشد.</search_description>
			<url>http://www.open-video.org/index.php</url>
			<search_url>http://www.open-video.org/results.php?search_field=all&amp;terms={$formKeywords}</search_url>
		</search>
	</context>
	<context>
		<context_title>فایلهای آموزشی</context_title>
		<context_abbrev>دستورالعملی</context_abbrev>
		<context_description>فورا جستجویی بر اساس موضوع مقاله آغاز می شود و استفاده کنندگان به مقالات موجود یا بایگانی شده در آن زمینه از روزنامه های راهنما در سر تا سر جهان مرتبط می شوند.</context_description>
		<search>
			<search_title>کتابخانه دیجیتال علوم ملی </search_title>
			<search_description>کتابخانه دیجیتال علوم ملی
NSDL;
بوسیله موسسه علوم ملی ایجاد شده تا دسترسی سازمان یافته به منابعی با کیفیت بالا را فراهم آورد و همه ی ابزارهای حمایت کننده از نوآوریهای موجود در زمینه تدریس و یادگیری در همه ی سطوح علم، فن آوری، مهندسی و آموزش ریاضیات را مهیا سازد.
</search_description>
			<url>http://nsdl.org/about</url>
			<search_url>http://nsdl.org/search/?formview=searchresults&amp;verb=Search&amp;s=0&amp;n=10&amp;boost%5B%5D=compoundTitle&amp;boost%5B%5D=compoundDescription&amp;q={$formKeywords}</search_url>
		</search>
		<search>
			<search_title>آموزش علوم، ریاضیات، مهندسی و تکنولوژی 
(SMETE)
</search_title>
			<search_description>آموزش علوم، ریاضیات، مهندسی و تکنولوژی 
(SMETE)
حاوی یک نمونه اولیه قابل جستجو و فعال از کتابخانه دیجیتال ملی آموزش علم، ریاضیات، مهندسی وتکنولوژی است.
</search_description>
			<url>http://www.smete.org/</url>
			<search_url>http://www.smete.org/smete/?path=/public/find/search_results.jhtml&amp;_DARGS=/smete/public/find/index_body.jhtml&amp;/smete/forms/FindLearningObjects.operation=search&amp;_D:/smete/forms/FindLearningObjects.operation=%20&amp;_D:/smete/forms/FindLearningObjects.keyword=%20&amp;/smete/forms/FindLearningObjects.learningResourceType=&amp;_D:/smete/forms/FindLearningObjects.learningResourceType=%20&amp;/smete/forms/FindLearningObjects.grade=0-Any&amp;_D:/smete/forms/FindLearningObjects.grade=%20&amp;/smete/forms/FindLearningObjects.title=&amp;_D:/smete/forms/FindLearningObjects.title=%20&amp;/smete/forms/FindLearningObjects.author=&amp;_D:/smete/forms/FindLearningObjects.author=%20&amp;/smete/forms/FindLearningObjects.hostCollection=&amp;_D:/smete/forms/FindLearningObjects.hostCollection=%20&amp;/smete/forms/FindLearningObjects.afterYear=&amp;_D:/smete/forms/FindLearningObjects.afterYear=%20&amp;/smete/forms/FindLearningObjects.beforeYear=&amp;_D:/smete/forms/FindLearningObjects.beforeYear=%20&amp;&amp;/smete/forms/FindLearningObjects.keyword={$formKeywords}</search_url>
		</search>
	</context>
	<context>
		<context_title>خط مشی دولت</context_title>
		<context_abbrev>خط مشی دولت</context_abbrev>
		<context_description>دسترسی به اطلاعات و سرویس های ورودی فراهم شده توسط دولت ایالات متحده و کانادا</context_description>
		<search>
			<search_title>دسترسی به اطلاعات و سرویس دولت استرالیا</search_title>
			<search_description>استرالین گاورمنت انتری پوینت (نقطه ورودی به دولت استرالیا) دسترسی جامع و کاملی به اطلاعات و سرویس این دولت را فراهم می سازد. می توانید از طریق این سایت و 
&lt;a href=&quot;http://www.australia.gov.au&quot;&gt;www.australia.gov.au&lt;/a&gt;
هسته ای متمرکز از اطلاعات دولت استرالیا را پیدا کنید. که در حال حاضر بعنوان راهنمای بیش از 700 وب سایت از دولت استرالیا است، و بیش از 5000000 صفحه نمایه (ایندکس) کرده که هم متا دیتا و هم متن کامل را در بر می گیرد تا مطمئن شوید این یک پرتال کاملا جامع می باشد.
</search_description>
			<url>http://www.fed.gov.au</url>
			<search_url>http://govsearch.australia.gov.au/search/search.cgi?collection=gov&amp;form=au&amp;query=&amp;query_phrase=&amp;query_or=&amp;query_not=&amp;meta_f_sand=&amp;scope=&amp;fscope=512&amp;num_ranks=20&amp;chksummary=chksummary&amp;query_and={$formKeywords}</search_url>
		</search>
		<search>
			<search_title>دولت کانادا</search_title>
			<search_description>شما می توانید در همه بخش های دولتی، بخش های فدرال و دفاتر استانی، مرزی و شهری جستجو کنید. یک لینک بخش ها و ادارات (دیپارتمنتز اند ایجنسیز) وجود دارد و ایندکس 
A
تا 
Z
به شما یک کلید واژه جستجو برای برنامه ها و خدمات ارائه می دهد.
پیشرفتی که اخیرا روی سایتهای دیپارتمنت انجام شده این است که در برگیرنده همه گفته ها و افشاء حقایق می باشد و صفحه ای نیز در مورد هزینه های مسافرت، مهمانی ها، قراردادها، ضمانت نامه ها و پاداش ها دارد.
صفحه ابوت کانادا ( در مورد کانادا) شامل لینکهایی به بخش ها و دفاتر، ساختار دولت کانادا کمیته های تفحص و غیره می شود. به غیز از وب سایت دیپارتمنت، دولت کانادا پرتال هایی را ایجاد کرده است که اطلاعات بین فدرال و منابع استانی و سازمانهای غیر دولتی را جمع آوری و به یکدیگر متصل کرده است.
</search_description>
			<url>http://www.canada.gc.ca/main_e.html</url>
			<search_url>http://search-recherche.gc.ca/cgi-bin/query?mss=canada%2Fen%2Fsimple&amp;pg=q&amp;enc=iso88591&amp;site=main&amp;bridge=&amp;stt=&amp;lowercaseq=&amp;what=web&amp;user=searchintranet&amp;browser=N6E&amp;kl=XX&amp;op=a&amp;q={$formKeywords}</search_url>
		</search>
		<search>
			<search_title>دیرکت گاو ،دولت مستقیم</search_title>
			<search_description>دیرکت گاو سرویسی دولتی است که به مردم امکان دسترسی به جدیدترین و گسترده ترین دامنه ی سرویس اطلاعات عمومی را در مکانی روی شبکه (وب) و تلویزیون دیجیتال (دیجیتال تی وی) می دهد. دیرکت گاو از مشخصات طراحی شده و در نظر گرفته شده از طریق
UK GovTalk
استفاده می کند.
</search_description>
			<url>http://www.direct.gov.uk</url>
			<search_url>http://www.direct.gov.uk/AdvancedSearch/SearchResults/fs/en?NP=1&amp;PO1=C&amp;PI1=W&amp;PF1=A&amp;PG=1&amp;RP=20&amp;SC=__dgov_site&amp;Z=1&amp;PT1={$formKeywords}</search_url>
		</search>
		<search>
			<search_title>اینفو4 لوکال.گاو.یو کی (انگلستان)</search_title>
			<search_description>اطلاعات برای دولت محلی از دولت مرکزی. این سایت به مقامات محلی کمک می کند تا خیلی سریع و راحت بتوانند اطلاعات مربوطه را از وب سایت های گروههای دولت مرکزی، آژانس ها و دیگر قسمتهای عمومی پیدا کنند. این قسمت دارای اطلاعات وسیعی در زمینه بکارگیری دولت الکترونیک می باشد.</search_description>
			<url>http://www.info4local.gov.uk</url>
			<search_url>http://www.info4local.gov.uk/?view=Search+results&amp;subjects=all&amp;departmentsIds=0&amp;informationTypesIds=all&amp;query={$formKeywords}</search_url>
		</search>
		<search>
			<search_title>پرتال دولت نیوزلند</search_title>
			<search_description>پرتال دولت نیوزلند وب سایتی است که امکان جستجو برای لینکها را فراهم می کند و به اطلاعات آنلاین و آف لاین و سرویس هایی از بیشتر دفاتر دولتی متصل می شود. این سایت توسط کمیته سرویس های ایالتی (استیت سرویسیز کامیژن) که بخشی در دولت نیوزلند می باشد، مدیریت و حمایت می شود.</search_description>
			<url>http://www.govt.nz</url>
			<search_url>http://www.govt.nz/search?type=spider&amp;t=spider&amp;q={$formKeywords}</search_url>
		</search>
		<search>
			<search_title>اروپا</search_title>
			<search_description>اطلاعات موجود در کشورهای عضو اتحادیه اروپا شامل داده های آماری، سیاست ها، اخبار، اسناد اداری، متون قانونی و دیگر انتشارات</search_description>
			<url>http://europa.eu.int/index_en.htm</url>
			<search_url>http://europa.eu.int/geninfo/query/resultaction.jsp?page=1</search_url>
			<search_post>Collection=EuropaFull&amp;ResultTemplate=/result_en.jsp&amp;ResultCount=25&amp;qtype=simple&amp;ResultMaxDocs=200&amp;DefaultLG=en&amp;QueryText={$formKeywords}</search_post>
		</search>
		<search>
			<search_title>شبکه اطلاعات قانونی جهانی (گلابل لگال اینفورمیشن نت ورک)
GLIN
</search_title>
			<search_description>GLIN
یک پایگاه اطلاعاتی از قوانین، آیین نامه ها، تصمیمات قضایی و دیگر منابع تکمیلی قانونی می باشد که توسط دفاتر سازمان های دولتی و بین المللی منتشر شده است. اعضای 
GLIN
متن کامل و رسمی از اسناد چاپ شده را روی پایگاه هایی به زبان اصلی شان منتشر می کنند. هر سند با خلاصه انگلیسی و واژه های موضوعی انتخاب شده از ایندکس های چند زبانه در 
GLIN
همراه می باشد.
</search_description>
			<url>http://www.glin.gov</url>
			<search_url>http://www.glin.gov/search.do?refineQuery=&amp;offset=0&amp;refineQueryType=&amp;fromSearch=true&amp;queryType=ALL&amp;searchBtn=Search&amp;includeAllFields=on&amp;searchAll=on&amp;sumLanguage=any&amp;pubLanguage=any&amp;pubJurisdiction=any&amp;publicationJurisdictionExclude=false&amp;searchPublicationDate=true&amp;dateFromDay=01&amp;dateFromMonth=01&amp;dateFromYear=&amp;dateToDay=01&amp;dateToMonth=01&amp;dateToYear=&amp;subjTerm=&amp;subjTermConjunction%5B0%5D=AND&amp;subjTerm=&amp;subjTermConjunction%5B1%5D=AND&amp;subjTerm=&amp;subjTermConjunction%5B2%5D=AND&amp;subjTerm=&amp;subjTermConjunction%5B3%5D=AND&amp;subjTerm=&amp;searchOrder=default&amp;hitsPerPage=10&amp;showSummary=on&amp;queryString={$formKeywords}</search_url>
		</search>
		<search>
			<search_title>فرست گاو (فدرال ایالات متحده) </search_title>
			<search_description>فرست گاو (فدرال ایالات متحده) یک شرکت عمومی-خصوصی است که توسط یک هیات نمایندگی دوطرفه رهبری و هدایت می شود.</search_description>
			<url>http://www.firstgov.gov/</url>
			<search_url>http://www.firstgov.gov/fgsearch/index.jsp?db=www&amp;st=AS&amp;ms0=should&amp;mt0=all&amp;rn=2&amp;parsed=true&amp;x=2&amp;y=8&amp;mw0={$formKeywords}</search_url>
		</search>
		<search>
			<search_title>سایت های کانادا</search_title>
			<search_description>سایت های کانادا دسترسی به یک ورودی اطلاعاتی و خدماتی را که توسط دولت کانادا و هر یک از استان ها در اختیارشان قرار داده شده امکان پذیر می سازند.</search_description>
			<url>http://www.canada.gc.ca/main_e.html</url>
			<search_url>http://search-recherche.gc.ca/cgi-bin/query?mss=canada%2Fen%2Fsimple.html&amp;enc=iso88591&amp;pg=q&amp;kl=en&amp;site=main&amp;q={$formKeywords}</search_url>
		</search>
	</context>
	<context>
		<context_title>گزارش های رسانه ای</context_title>
		<context_abbrev>گزارش های رسانه ای</context_abbrev>
		<context_description>فورا جستجویی بر اساس موضوع مقاله آغاز می شود و استفاده کنندگان به مقالات موجود یا بایگانی شده در آن زمینه از روزنامه های راهنما در سر تا سر جهان مرتبط می شوند.</context_description>
		<search>
			<search_title>اخبار گوگل </search_title>
			<search_description>گزارش های خبری را با استفاده از ماشین جستجوی معروف اخبار گوگل (گوگل نیوز) جستجو کنید.</search_description>
			<url>http://news.google.com/</url>
			<search_url>http://news.google.com/news?hl=en&amp;q={$formKeywords}</search_url>
		</search>
		<search>
			<search_title>اخبار علمی روزانه از نیو ساینتیست</search_title>
			<search_description>اخبار علمی روزانه از نیو ساینتیست، امکان استفاده از اخبار علمی تازه و به روز را در تمام طول روز برای شما فراهم می آورد.</search_description>
			<url>http://www.newscientist.com/news/</url>
			<search_url>http://www.newscientist.com/search.ns?doSearch=true&amp;query={$formKeywords}</search_url>
		</search>
		<search>
			<search_title>نیچر ساینس آپ دیت (خبرهای جدید طبیعت)</search_title>
			<search_description>نیچر ساینس آپ دیت (خبرهای جدید طبیعت) داستانهای خبری روزانه را که بوسیله سردبیران مجله طبیعت (نیچر) نوشته می شود را به شما ارائه می دهد.</search_description>
			<url>http://www.nature.com/nsu/</url>
			<search_url>http://search.nature.com/search/?sp-x-9=cat&amp;sp-q-9=NEWS&amp;submit=go&amp;sp-a=sp1001702d&amp;sp-sfvl-field=subject%7Cujournal&amp;sp-t=results&amp;sp-x-1=ujournal&amp;sp-p-1=phrase&amp;sp-p=all&amp;sp-q={$formKeywords}</search_url>
		</search>
		<search>
			<search_title>ساینس نیوز آنلاین (اخبار علمی آنلاین)</search_title>
			<search_description>ساینس نیوز آنلاین (اخبار علمی آنلاین) یکی از مفیدترین مجلات خبری علمی آنلاین است. این هفته نامه 75 ساله هر هفته تعداد زیادی متن کامل مقالات را علاوه بر مجموعه ای از مقالات بایگانی شده از سال 1994 تا کنون را روی شبکه قرار می دهد </search_description>
			<url>http://www.sciencenews.org/search.asp</url>
			<search_url>http://www.sciencenews.org/pages/search_results.asp?search={$formKeywords}</search_url>
		</search>
		<search>
			<search_title>ساینتیفیک امریکن آرشیو،آرشیو علمی آمریکایی</search_title>
			<search_description>ساینتیفیک امریکن آرشیو منبع آنلاین علم و تکنولوژی است که دسترسی به هر صفحه و هر دوره از مجله ساینتیفیک امریکن را از سال 1993 تا کنون مهیا می سازد.</search_description>
			<url>http://www.sciamdigital.com/</url>
			<search_url>http://www.sciamdigital.com/index.cfm?fa=Search.ViewSearchForItemResultList&amp;AUTHOR_CHAR=&amp;TITLE_CHAR=&amp;FullText_CHAR={$formKeywords}</search_url>
		</search>
		<search>
			<search_title>نیوز دیرکتری (راهنمای خبری)</search_title>
			<search_description>نیوز دیرکتری (راهنمای خبری) یک راهنمای جامع و قابل جستجو برای رسانه های جهانی آنلاین و انگلیسی زبان است.در حال حاضر بیش از 8000 روزنامه، مجله و بیش از 1000 گوینده تلویزیونی آمریکایی فهرست شده اند. </search_description>
			<url>http://www.newsdirectory.com/</url>
			<search_url>http://www.newsdirectory.com/hbSearch.php</search_url>
			<search_post>s={$formKeywords}&amp; submit=Go</search_post>
		</search>
	</context>
	<context>
		<context_title>جستجوی شبکه ای</context_title>
		<context_abbrev>جستجوی شبکه  ای</context_abbrev>
		<context_description>یک واژه ی جستجو را برای منابع اینترنت وارد کن تا از طریق ماشین های جستجو به نتیجه برسید</context_description>
		<search>
			<search_title>گوگل</search_title>
			<search_description>با استفاده از ماشین های معرف چاوشگر گوگل جستجو کنید.</search_description>
			<url>http://www.google.com/</url>
			<search_url>http://www.google.com/search?q={$formKeywords}</search_url>
		</search>
		<search>
			<search_title>گوگل اسکولار</search_title>
			<search_description>گوگل اسکولار امکان جستجو های خاص را د ر زمینه ادبیات پژوهشی شامل  مقالات کارشناسی شده ، پایان نامه ها، کتب،،پیش پرینت ها، چکیده ها و گزارش های فنی فراهم می سازد.محتوای این حیطه شامل تعدادی از ناشران و تدوین کنند گان است که گوگل توسط آنها نسازمان یافته است.برای مثال انجمن محاسبه ی ماشین ها، 
IEEE،
سرویس جایگزین کتابخانه جهانی با دسترسی آزاد  و ... .نتیایج مشخص شده ورژن های متفاوتی از شاخه ها، تحلیل گفته ها و مکان کتابخانه را (فقط کتاب های موجود) را نشان می دهد.</search_description>
			<url>http://scholar.google.com</url>
			<search_url>http://scholar.google.com/scholar?ie=UTF-8&amp;oe=UTF-8&amp;hl=en&amp;q={$formKeywords}</search_url>
		</search>
		<search>
			<search_title>کلاسترینگ اینجین، ماشین جستجوی تصادفی</search_title>
			<search_description>این ابزار جستجو از ویویزمو نتایج تصادفی را از بین جستجوهای انتخاب شده ارائه می دهد. با متا سرچ کل شبکه را جستجو کنید یا با استفاده از عناوین، اخبار، شایعات، تصاویر یا تولیدات را از
Bizrate
یا
eBoy 
جستجو کنید.
</search_description>
			<url>http://clusty.com/about</url>
			<search_url>http://clusty.com/search?query={$formKeywords}</search_url>
		</search>
		<search>
			<search_title>ویویزمو</search_title>
			<search_description>تکنولوژی تصادفی و جایزه بر ویویزمو که توسط دانشمندان واحد جستجوی کارنج میلون توسعه یافته در حال باز کردن ارزش اطلاعات ذخیره شده در 500 شرکت، وب سایتهای عالی، ناشران معتبر و آژانس های دولتی با دسته بندی کردن نتایج جستجو برای سفارشات معنی دار است،تا به پیشرفتی در زمینه شکافتن اطلاعات و دستیابی به اطلاعات مربوطه برسد.</search_description>
			<url>http://vivisimo.com</url>
			<search_url>http://vivisimo.com/search?tb=homepage&amp;v%3Asources=Web&amp;query={$formKeywords}</search_url>
		</search>
	</context>
</version>
