<?xml version="1.0" encoding="UTF-8"?>
<!DOCTYPE version SYSTEM "../../lib/pkp/dtd/rtVersion.dtd">
<!--
  * Economics.xml
  *
  * Copyright (c) 2013-2016 Simon Fraser University Library
  * Copyright (c) 2003-2016 John Willinsky
  * Distributed under the GNU GPL v2. For full terms see the file docs/COPYING.
  *
  * Reading Tools version: Economics (fa_IR)
  *
  -->
<version id="Economics" locale="fa_IR">
	<version_title>اقتصاد</version_title>
	<version_description>ابزار خواندن می تواند برای خوانندگان این مطالعه در زمینه منابع موجود راهنمایی وسیعی ارائه دهد که این راهنمایی می تواند تفسیر، قرار گرفتن و ارزیابی کردن در زمینه آن مطالعه را فراهم آورد.</version_description>
	<context>
		<context_title>وظیفه نویسنده</context_title>
		<context_abbrev>دیگر وظایف</context_abbrev>
		<context_description>با استفاده از ماشین های 
OAI 
دیگر وظایف را برای  نویسنده( ها) ی مقاله مشخص کند
</context_description>
		<author_terms/>
		<search>
			<search_title>گوگل اسکولار</search_title>
			<search_description>گوگل اسکولار امکان جستجو های خاص را د ر زمینه ادبیات پژوهشی شامل  مقالات کارشناسی شده ، پایان نامه ها، کتب،،پیش پرینت ها، چکیده ها و گزارش های فنی فراهم می سازد.محتوای این حیطه شامل تعدادی از ناشران و تدوین کنند گان است که گوگل توسط آنها نسازمان یافته است.برای مثال انجمن محاسبه ی ماشین ها، 
IEEE،
سرویس جایگزین کتابخانه جهانی با دسترسی آزاد  و ... .نتیایج مشخص شده ورژن های متفاوتی از شاخه ها، تحلیل گفته ها و مکان کتابخانه را (فقط کتاب های موجود) را نشان می دهد.
</search_description>
			<url>http://scholar.google.com</url>
			<search_url>http://scholar.google.com/scholar?ie=UTF-8&amp;oe=UTF-8&amp;hl=eng&amp;as_sauthors={$formKeywords}</search_url>
		</search>
		<search>
			<search_title>اینتیوت: علوم اجتماعی</search_title>
			<search_description>اینتیوت سرویسی است آزاد و آنلاین که برای شما دسترسی به بهترین منابع شبکه را برای آموزش و تحقیق میسر می سازد. این سرویس توسط شبکه ای از متخصصین موضوعی ارزیابی و انتخاب شده است.</search_description>
			<url>http://www.intute.ac.uk/socialsciences//</url>
			<search_url>http://www.intute.ac.uk/socialsciences/cgi-bin/search.pl?submit.x=0&amp;submit.y=0&amp;submit=Go&amp;limit=0&amp;subject=socialsciences&amp;term1={$formKeywords}</search_url>
		</search>
		<search>
			<search_title>اینتیوت: جستجوی انباری (حجیم)</search_title>
			<search_description>از این سرویس برای پیدا کردن توضیحات در مورد بیش از 152000 مقاله ی فعال، مقاله ی موجود در مجلات، گزارش ها، مقاله های کنفرانس، و دیگر موارد دانشگاهی استفاده کنید که در انبار
eprints
(پرینت های الکترونیک) انگلستان ذخیره و بایگانی شده است. نتایج جستجو به موارد اصلی یعنی جایی که توسط موسسات مبدا در دسترس قرار گرفته اند، لینک یا متصل می شوند.
</search_description>
			<url>http://irs.ukoln.ac.uk/</url>
			<search_url>http://irs.ukoln.ac.uk/search/?view=&amp;submit.x=0&amp;submit.y=0&amp;submit=Go&amp;query={$formKeywords}</search_url>
		</search>
		<search>
			<search_title>OAIster : آرشیوهای باز جستجوی پایگاههای اطلاعاتی</search_title>
			<search_description>پروژه ای است از سرویس های کتابخانه دیجیتال دانشگاه میشیگان، که می تواند جستجویی وسیع از انواع مجموعه ها از موسسات بیشمار را فرهم آورد.این موسسات از منابع دیجیتال خود  ثبتی ایجاد می کنند که که در دسترس است و تیم پروژه آنها را برای خدمات 
OAlSster
جمع آوری و تدوین کرده است.</search_description>
			<url>http://oaister.umdl.umich.edu/</url>
			<search_url>http://oaister.umdl.umich.edu/cgi/b/bib/bib-idx?type=boolean&amp;size=10&amp;c=oaister&amp;q1=&amp;rgn1=entire+record&amp;op2=and&amp;q2=&amp;rgn2=entire+record&amp;op3=And&amp;q3=&amp;rgn3=title&amp;op4=And&amp;rgn4=author&amp;op5=And&amp;q5=&amp;rgn5=subject&amp;op6=And&amp;rgn6=norm&amp;q6=all+types&amp;sort=author%2Fcreator&amp;submit2=search&amp;q4={$formKeywords}</search_url>
		</search>
		<search>
			<search_title>پروژه آگاهی عمومی از آرشیو باز 
پابلیک نالج پراجکت اپن آرشیو هاروستر
</search_title>
			<search_description>آرشیو کامل و باز 
PKP
یک سیستم نمایه سازی آزاد از متا دیتا ها می باشد که با پروژه ی آگاهی عمومی از طریق کوشش های انجام شده توسط فدرال گسترش یافته تا دسترسی به جستجو را وسیع تر و بهتر سازد. 
منابع اطلاعاتی 
PKP OAI
به شما این امکان را می دهد تا یک نمایه ی قابل جستجو از متا دیتا  ها را از آرشیو های باز و کامل اولیه مانندسایت های مورد استفاده در سیستم مجلات باز یا سیستم های کنفرانس باز ایجاد کنید.</search_description>
			<url>http://pkp.sfu.ca/harvester/</url>
			<search_url>http://pkp.sfu.ca/harvester/search.php?limit=author&amp;query={$formKeywords}</search_url>
		</search>
		<search>
			<search_title>IDEAc</search_title>
			<search_description>IDEA
:یک پایگاه اطلاعاتی
RePEc
کامل در زمینه مقالات فعال، مقالات مجلات، اجزای نرم افزاری، اطلاعات نویسنده و راهنمای موسسات پیشنهادی توسط شما می باشد.
</search_description>
			<url>http://ideas.repec.org/</url>
			<search_url>http://ideas.repec.org/cgi-bin/htsearch?restrict=http://ideas.repec.org/p/&amp;config=htdig&amp;restrict=&amp;exclude=&amp;sort=score&amp;format=long&amp;method=and&amp;search_algorithm=exact:1&amp;words={$formKeywords}</search_url>
		</search>
		<search>
			<search_title>گروه بانک جهانی، 
Documents &amp; Reports



</search_title>
			<search_description>گروه بانک جهانی بیش از 14000 سند را از طریق وب سایت 
Documents &amp; Reports
(اسناد و گزارشات) در دسترس قرار می دهد. این اسناد شامل پروژه گزارش های ارزیابی قیمت، اقتصادی و کارهای جزیی، گزارشات و مطالعات ارزیابی و مقالات فعال می باشد.
</search_description>
			<url>http://www-wds.worldbank.org/</url>
			<search_url>http://www-wds.worldbank.org/servlet/WDS_IBank_Servlet?all=&amp;stype=AllWords&amp;dname=&amp;rc=&amp;ss=&amp;dt=&amp;dr=range&amp;bdt=&amp;edt=&amp;rno=&amp;lno=&amp;cno=&amp;pid=&amp;tno=&amp;sortby=D&amp;sortcat=D&amp;psz=20&amp;x=34&amp;y=8&amp;ptype=advSrch&amp;pcont=results&amp;auth={$formKeywords}</search_url>
		</search>
		<search>
			<search_title>NBER</search_title>
			<search_description>NBER
دفتر خانه ملی تحقیقات اقتصادی یک سازمان تحقیقی خصوصی بدون منفعت و بدون حامی است که برای ارتقاء هر چه بیشتر فهم و درک از چگونگی کارآیی اقتصاد بوجود آمده است. نزدیک به 500 مقاله فعال 
NBER
سالانه منتشر می شود و بسیاری از آنها بعدا در مجلات دانشگاهی دیده می شود.
</search_description>
			<url>http://papers.nber.org/</url>
			<search_url>http://papers.nber.org/papers?module=search&amp;action=query&amp;default_conjunction=and&amp;keywords={$formKeywords}</search_url>
		</search>
	</context>
	<context>
		<context_title>جستجوی واژه ها</context_title>
		<context_abbrev>جستجوی واژه ها</context_abbrev>
		<context_description>روی هر واژه در متن دبل کلیک کنید به صورت نقل قول؛ تعریف واژه ها و نقل قول یا جعبه ظاهر خواهد شد.همچنین می توانید کلمه مورد نظر را در جعبه تایپ یا پیست کنید. سپس از دستور العمل جستجو برای یافتن تعریفی مشخص برای آن کلمه استفاده کنید. این منابع به خاطر ارتباطشان و دسترسی آزاد به همه یا بخشی از مطالبشان انتخاب شده اند</context_description>
		<define_terms/>
		<search>
			<search_title>گوگل</search_title>
			<search_description>با استفاده از ماشین معروف جستجوی گوگل،تعاریف را جستجو کنید</search_description>
			<url>http://www.google.com/</url>
			<search_url>http://www.google.com/search?hl=en&amp;q=define%3A{$formKeywords}</search_url>
		</search>
		<search>
			<search_title>فرهنگ لغت آنلاین برای تحقیق اقتصاد</search_title>
			<search_description>یک فرهنگ لغت آنلاین از واژه هایی که در تحقیقات اقتصاد وجود دارد.</search_description>
			<url>http://econterms.com/</url>
			<search_url>http://econterms.com/glossary.cgi?query={$formKeywords}</search_url>
		</search>
		<search>
			<search_title>لغتنامه آن لاین مریام – وبستر</search_title>
			<search_description>این لغتنامه بر اساس دهمین چاپ دانشگاهی وبستر،1993است همراه با بیش از160000 لغت به روز که در هر چاپ سالانه اضافه می شود هر کلمه با تعریف، تلفظ، استفاده، ساختار گرامری و یک تاریخچه کوتاه شامل یک فرهنگ جامع، املای غلط و املاهای پیشنهادی می باشد. سیستم جستجوی فرهنگ لغت جستجوهای غیر قابل پیش بینی و ناقص را فراهم می کند. همچنین راهنمای خوبی برای تلفظ و فایل های صداهای آن تلفظ برای بسیاری از واژه ها می باشد.</search_description>
			<url>http://www.merriam-webster.com/</url>
			<search_url>http://www.merriam-webster.com/cgi-bin/dictionary?book=Dictionary&amp;va={$formKeywords}</search_url>
		</search>
		<search>
			<search_title>لغتنامه های وان لوک</search_title>
			<search_description>وان لوک یک خود-لغتنامه است.یک کلمه یا نام خلاصه انگلیسی را وارد کنید ، وان لوک نمایه آن را از 5292362 کلمه در 934 لغتنامه 
که در لغتنامه های عمومی و اختصاصی مورد دلخواه برای آن تعریف نمایه شده اند جستجو می کند.</search_description>
			<url>http://www.onelook.com/index.html</url>
			<search_url>http://www.onelook.com/?ls=a&amp;w={$formKeywords}</search_url>
		</search>
		<search>
			<search_title>AmosWeb GLOSS*arama:آموس وب گلاس آراما</search_title>
			<search_description>آموس وب گلاس آراما یک فرهنگ لغت برای دانشجویان مقید است که پایگاه اطلاعاتی آن با 1800 واژه و مفهوم اقتصادی قابل جستجو است.</search_description>
			<url>http://amosweb.com/gls/</url>
			<search_url>http://amosweb.com/cgi-bin/gls.pl?fcd=dsp&amp;key={$formKeywords}</search_url>
		</search>
		<search>
			<search_title>دایره المعارف فشرده اقتصاد
 (CEE)</search_title>
			<search_description>دایره المعارف فشرده اقتصاد
CEE
در مورد موضوع های متفاوت اقتصادی آموزش می دهد</search_description>
			<url>http://www.econlib.org/library/CEE.html</url>
			<search_url>http://www.econlib.org/cgi-bin/search.pl?results=0&amp;book=Encyclopedia&amp;andor=and&amp;sensitive=no&amp;query={$formKeywords}</search_url>
		</search>
		<search>
			<search_title>EH.Net 
دایره المعارفی در مورد اقتصاد و تاریخچه ی تجارت
</search_title>
			<search_description>این دایره المعارف که توسط یک گروه مستقل رهبری می شود دارای مقالاتی هم در زمینه ی تاریخچه ی تجارت و هم اقتصاد است که توسط متخصصین این رشته نگاشته شده است و توسط مقامات و مسئولان بررسی و با دقت ویراستاری شده است.</search_description>
			<url>http://eh.net/encyclopedia/</url>
			<search_url>http://eh.net/encyclopedia/search/?Search.x=37&amp;Search.y=10&amp; q={$formKeywords}</search_url>
		</search>
		<search>
			<search_title>ویکی پدیا: دایره المعارف آزاد</search_title>
			<search_description>ویکی پدیا یک دایره المعارف با متنی آزاد و قابل دسترسی است که به طور مشترک توسط شرکت کنندگان در سرتاسر جهان نوشته شده است. این سایت "ویکی ویکی" است به این معنا که هر کس می تواند هر مقاله ای را ویرایش کند، نظر خود را بدون اشتباه سرمقاله ای بیان کنند، کیفیت محتوای این سایت به طور نمایشی تغییر می کند اما ارزش جستجو را دارد. نسخه انگلیسی صدها هزار کلمه دارد. اسپانیایی، فرانسوی و اسپرانتو(زبان بین المللی) نیز در بین زبانهای ارائه شده هستند.</search_description>
			<url>http://en.wikipedia.org/wiki/Main_Page</url>
			<search_url>http://en.wikipedia.org/wiki/Special:Search?go=Go&amp;fulltext=Search&amp;search={$formKeywords}</search_url>
		</search>
		<search>
			<search_title>Infoplease.com:اینفو پلیز.کام</search_title>
			<search_description>این سایت دربرگیرنده اینفورمیشن پلیز الماناکز(اطلاعات سالانه)، یک قسمت بیوگرافی، یک لغتنامه، یک اطلس، و مقالاتی از دایره المعارف کلمبیا می باشد. شما می توانید این رفرنس های آماده را با یکدیگر یا به طور مجزا جستجو کنید یا آلماناکز را بروز کنید. در این سایت همچنین سرمقالات هر هفته وجود دارد که اخبار و موضوعات را با لینک های مربوط به محتوای آلماناکز و دیگر منابع شبکه تحت پوشش قرار می دهد.</search_description>
			<url>http://www.infoplease.com</url>
			<search_url>http://www.infoplease.com/search?fr=iptn&amp;in=all&amp;x=0&amp;y=0&amp;query={$formKeywords}</search_url>
		</search>
		<search>
			<search_title>لغت نامه مالی</search_title>
			<search_description>این لغت نامه دارای واژه های مالی است و توسط سرمایه گذار خصوصی حمایت می شود و هدفش این است که به عنوان اولین پرتال کامل در جهان در زمینه تجارت باشد.</search_description>
			<url>http://www.specialinvestor.com/dictionary/</url>
			<search_url>http://www.specialinvestor.com/dictionary/</search_url>
			<search_post>q={$formKeywords}</search_post>
		</search>
	</context>
	<context>
		<context_title>جستجوی کتاب</context_title>
		<context_abbrev>جستجوی کتاب</context_abbrev>
		<context_description>منابع مرتبط با کتاب</context_description>
		<search>
			<search_title>گوگل پرینت</search_title>
			<search_description>گوگل با کتابخانه های دانشگاه های میشیگان، هاروارد، استنفورد، آکسفورد و کتابخانه عمومی نیویورک کار می کند تا کتابها را در مجموعه هایشان به صورت دیجیتالی در بیاورد و آنها را در گوگل پرینت قابل دسترس قرار دهد. یک پروژه ی عظیم جستجو که میلیونها شماره از کتابهای چاپ شده را در پایگاه داده های گوگل پرینت می آورد. روی عنوان یک کتاب کلیک کنید می توانید صفحه ای از کتاب را که واژه ی جستجوی شما را دارد ببینید، می توانید اطلاعات بیشتری را در یک کتاب خاص جستجو کنید، توضیح بیشتر یا اطلاعات مربوطه را پیدا کنید، در مورد ناشر بدانید یا کتاب را خریداری نمایید و کتابخانه هایی را که این کتاب را دارند پیدا کنید.</search_description>
			<url>http://print.google.com</url>
			<search_url>http://print.google.com/print?q={$formKeywords}</search_url>
		</search>
		<search>
			<search_title>صفحه کتاب های آنلاین</search_title>
			<search_description>صفحه کتابهای آنلاین توسط جان مارک آکربلوم در دانشگاه پنسیلوانیا ویرایش شد. این یک نقطه شروع عالی در جستجو برای متن کامل کتاب ها در اینترنت است. بیش از 20000 کار انگلیسی در شکلهای متفاوت در سایت های مختلف به صورت آنلاین در دسترس هستند. شما می توانید با نام نویسنده یا عنوان  جستجو را انجام دهید. یک ویژگی جالب به شما اجازه می دهد با لایبرری کانگرس دسته ای از شماره تلفن ها را بروز کنید. لیست های جدیدی به طور مرتب اضافه می شوند و در وب پیج های مجزا در 
&lt;/a&gt;
فهرست می شوند.
</search_description>
			<url>http://digital.library.upenn.edu/books/</url>
			<search_url>http://onlinebooks.library.upenn.edu/webbin/book/search?tmode=words&amp;title={$formKeywords}</search_url>
		</search>
		<search>
			<search_title>کتابهای آنلاین</search_title>
			<search_description>مجموعه ای با بیش از 32935 عنوان که تنها بعضی از آنها گلچین شده اند. با موضوع بروز کنید یا با اسم نویسنده و عنوان جستجو کنید. همه موارد به صورت آزاد نیستند.</search_description>
			<url>http://www.books-on-line.com/</url>
			<search_url>http://www.books-on-line.com/bol/KeyWordSearch.cfm?RowCount=50&amp;Searchquery={$formKeywords}</search_url>
		</search>
		<search>
			<search_title>کتابخانه جهانی</search_title>
			<search_description>کتابخانه جهانی (یونیورسال لایبرری) بطور قابل توجهی موفق تر و دارای کتاب های بیشتری است. این کتابخانه دارای مجموعه ای انبوه از 100000 ای بوک است (بعضی از آنها از پروژه ی گوتن برگ می باشند) و هدفش ایجاد یک میلیون ای بوک تا پایان سال 2006 است.</search_description>
			<url>http://tera-3.ul.cs.cmu.edu/</url>
			<search_url>http://tera-3.ul.cs.cmu.edu/cgi-bin/DBscripts/advsearch_db.cgi?perPage=25&amp;listStart=0&amp;author1=&amp;subject1=Any&amp;year1=&amp;year2=&amp;language1=Any&amp;scentre=Any&amp;search=Search&amp;title1={$formKeywords}</search_url>
		</search>
	</context>
	<context>
		<context_title>مقالات فعال </context_title>
		<context_abbrev>مقالات فعال</context_abbrev>
		<context_description>بزرگترین مجموعه مقالات آنلاین و آزاد را در زمینه اقتصاد جستجو کنید.</context_description>
		<search>
			<search_title>مقالات اقتصادی
EconPapers
</search_title>
			<search_description>مقالات اقتصادی از فهرست منابع 
RePEc
و داده های نویسنده استفاده می کنند و دسترسی به بزرگترین مجموعه ی آنلاین مقالات فعال اقتصادی و مقالات مجلات را امکان پذیر می سازند. از آنجا که از می 2006 تعداد کل مقالات فعال قابل جستجو به 375364 رسیده، مقالات و آیتم های نرم افزاری نیز با 273186 آیتم به صورت آنلاین در دسترس می باشند.
اکثریت فایل های متن کامل به صورت آزاد در دسترس می باشند، اما بعضی از آنها (معمولا مقالات مجلات) نیازمند آنند که شما یا سازمان شما برای سرویس دهی فایل متن کامل ثبت نام کنید.</search_description>
			<url>http://econpapers.repec.org/about.htm</url>
			<search_url>http://econpapers.repec.org/scripts/search.asp?ft={$formKeywords}</search_url>
		</search>
		<search>
			<search_title>NBER</search_title>
			<search_description>NBER
دفتر خانه ملی تحقیقات اقتصادی یک سازمان تحقیقی خصوصی بدون منفعت و بدون حامی است که برای ارتقاء هر چه بیشتر فهم و درک از چگونگی کارآیی اقتصاد بوجود آمده است. نزدیک به 500 مقاله فعال 
NBER
سالانه منتشر می شود و بسیاری از آنها بعدا در مجلات دانشگاهی دیده می شود.</search_description>
			<url>http://papers.nber.org/</url>
			<search_url>http://papers.nber.org/papers?module=search&amp;action=query&amp;default_conjunction=and&amp;keywords={$formKeywords}</search_url>
		</search>
	</context>
	<context>
		<context_title>مطالب مرتبط</context_title>
		<context_abbrev>مطالب مرتبط</context_abbrev>
		<context_description>با استفاده از یک لینک فعال در دسترسی آزاد به مباحث، می توانید به چکیده یا متن کامل مطالب مرتیط با موضوع خود در مطالعات مشابه دست یابید </context_description>
		<search>
			<search_title>EDIRC</search_title>
			<search_description>EDIRC:
گروههای اقتصادی، موسسات و مراکز تحقیقاتی در جهان هم اکنون 6321 موسسه در 207 کشور و ناحیه دارند.</search_description>
			<url>http://edirc.repec.org/</url>
			<search_url>http://edirc.repec.org/cgi-bin/search.cgi?boolean=AND&amp;keyword1={$formKeywords}</search_url>
		</search>
		<search>
			<search_title>اینتیوت: علوم اجتماعی</search_title>
			<search_description>اینتیوت یک سرویس آنلاین و آزاد است که توسط تعدادی از متخصصین در زمینه شبکه ارزیابی و انتخاب شده و برای شما امکان دسترسی به بهترین منابع شبکه برای آموزش و تحقیق را فراهم می آورد.</search_description>
			<url>http://www.intute.ac.uk/socialsciences//</url>
			<search_url>http://www.intute.ac.uk/socialsciences/cgi-bin/search.pl?submit.x=0&amp;submit.y=0&amp;submit=Go&amp;limit=0&amp;subject=socialsciences&amp;term1={$formKeywords}</search_url>
		</search>
		<search>
			<search_title>اینتیوت: جستجوی انباری (حجیم)</search_title>
			<search_description>از این سرویس برای پیدا کردن توضیحات در مورد بیش از 152000 مقاله ی فعال، مقاله ی موجود در مجلات، گزارش ها، مقاله های کنفرانس، و دیگر موارد دانشگاهی استفاده کنید که در انبار
eprints
(پرینت های الکترونیک) انگلستان ذخیره و بایگانی شده است. نتایج جستجو به موارد اصلی یعنی جایی که توسط موسسات مبدا در دسترس قرار گرفته اند، لینک یا متصل می شوند.
</search_description>
			<url>http://irs.ukoln.ac.uk/</url>
			<search_url>http://irs.ukoln.ac.uk/search/?view=&amp;submit.x=0&amp;submit.y=0&amp;submit=Go&amp;query={$formKeywords}</search_url>
		</search>
		<search>
			<search_title>گروه بانک جهانی، 
Documents &amp; Reports
</search_title>
			<search_description>گروه بانک جهانی بیش از 14000 سند را از طریق وب سایت 
Documents &amp; Reports
(اسناد و گزارشات) در دسترس قرار می دهد. این اسناد شامل پروژه گزارش های ارزیابی قیمت، اقتصادی و کارهای جزیی، گزارشات و مطالعات ارزیابی و مقالات فعال می باشد.
</search_description>
			<url>http://www-wds.worldbank.org/</url>
			<search_url>http://www-wds.worldbank.org/servlet/WDS_IBank_Servlet?stype=AllWords&amp;ptype=sSrch&amp;pcont=results&amp;sortby=D&amp;sortcat=D&amp;x=17&amp;y=3&amp;all={$formKeywords}</search_url>
		</search>
	</context>
	<context>
		<context_title>پرتال های مرتبط</context_title>
		<context_abbrev>پرتال های مرتبط</context_abbrev>
		<context_description>یک نقطه ورودی به دیگر وب سایت ها را به شما ارائه می دهد.</context_description>
		<search>
			<search_title>شبکه 
EC:
منبع جهانی گسترده در اقتصاد
</search_title>
			<search_description>شبکه 
EC:
لینک هایی به منابع متفاوت اقتصادی فراهم می آورد. موضوعات شامل اقتصاد و آموزش؛ متدولوژی (روش شناسی) و تاریخ؛ روش های ریاضیاتی و کمی؛ اقتصاد و محاسبه؛ داده های اقتصادی؛ ریز اقتصادها؛ اقتصاد بین الملل؛ اقتصاد مالی؛ اقتصاد عمومی؛ بهداشت؛ آموزش و رفاه؛ کار و آمارگیری نفوس؛ قانون و اقتصاد؛ سازمان صنعتی؛ اقتصاد تجاری؛ تاریخچه اقتصاد؛ توسعه، تغییرات و رشد فنی؛ سیستم های اقتصادی؛ منابع کشاورزی و طبیعی؛ اقتصاد منطقه ای؛ و اقتصاد شبکه می شود.
</search_description>
			<url>http://www.helsinki.fi/WebEc/</url>
			<search_url>http://www.google.com/search?hl=en&amp;lr=&amp;q=site%3Awww.helsinki.fi%2F WebEc%2F+{$formKeywords}</search_url>
		</search>
	</context>
	<context>
		<context_title>نت استتیستیک،
آمار نت 
Nat
</context_title>
		<context_abbrev>نت استتیستیک،
آمار نت 
Nat
</context_abbrev>
		<context_description>دسترسی به آمار را در زمینه مطالعات اقتصادی امکان پذیر می سازد.</context_description>
		<search>
			<search_title>اداره ی آمار ملی
(UK)
</search_title>
			<search_description>آمار ملی
(National Statistics)
سایت رسمی آمار انگلستان است. شما می توانید یک دارائی اقتصادی و داده های اجتماعی آزاد را مرور و یا دانلود کنید.
</search_description>
			<url>http://www.statistics.gov.uk/</url>
			<search_url>http://www.statistics.gov.uk/CCI/SearchRes.asp?term={$formKeywords}</search_url>
		</search>
		<search>
			<search_title>Statistics Canada:آمار کانادا</search_title>
			<search_description>آمار کانادا 
Statistics Canada
منبعی رسمی برای آمار و تولیدات اجتماعی و اقتصادی کانادایی است 
</search_description>
			<url>http://www.statcan.ca/</url>
			<search_url>http://www.statcan.ca:8081/english/clf/query.html?GO%21=GO%21&amp;ht=0&amp;qp=&amp;qs=&amp;qc=0&amp;pw=100%25&amp;la=en&amp;qm=1&amp;st=1&amp;oq=&amp;rq=0&amp;si=0&amp;rf=0&amp;col=alle&amp;qt={$formKeywords}</search_url>
		</search>
	</context>
	<context>
		<context_title>مشاهده هزینه بر </context_title>
		<context_abbrev>مشاهده هزینه بر </context_abbrev>
		<context_description>مشاهده هزینه بر برای آن دسته افرادی است که دسترسی مستقیم به مقالات مجلات الکترونیک را از طریق اشتراک ندارد. این نوع سرویس دهی به مشتریان این امکان را می دهد تا دسترسی مستقیم به یک مقاله را با پرداخت  کارت اعتباری با استفاده از مکانیزم پرداخت ایمن 
RSC 
سریعا کارت آنان عتبار مجدد پیدا می کندو مشتریان می توانند به فایل های مقالات مورد نیاز خود برای یک دوره 30 روزه دسترسی پیدا کنند </context_description>
		<search>
			<search_title>اینجنتا</search_title>
			<search_description>اینجنتا دسترسی به متن کامل مقالات را محدود می سازد. اگرچه دسترسی به متن کامل هزینه بر می باشد، اما این سایت را می توان به عنوان نمایه به صورت رایگان استفاده کرد.</search_description>
			<url>http://www.ingenta.com/</url>
			<search_url>http://www.ingenta.com/isis/searching/Search/ingenta?database=1&amp;title={$formKeywords}</search_url>
		</search>
		<search>
			<search_title>ebrary:ابرری</search_title>
			<search_description>محققان مستقلی که دسترسی آزاد به پایگاه های اطلاعاتی ابرری را ندارند از طریق کتابخانه هایشان می توانند همین حالا یک حساب شخصی با حداقل 5 دلار باز کنند. ابرری دیسکاور علوم آکادمیک چند گانه را به طور منسجم و واحد درمی آورد و دسترسی به بیش از 20000 عنوان معتبر را که در برگیرنده متن کامل، صفحه موسیقی، گزارشات و دیگر اسناد معتبر ار بیش از 175 ناشر راهنما مانند مجله دانشگاه کمبریج، رندم هوس، 
Inc
و شرکت های مک گرو هیل را میسر می سازد.
</search_description>
			<url>http://www.ebrary.com/corp/content.htm</url>
			<search_url>http://shop.ebrary.com/Top?layout=search&amp;f00=text&amp;p01=&amp;f01=subject&amp;d=journal&amp;l=en&amp;sch=%A0%A0%A0%A0%A0Search%A0%A0%A0%A0%A0&amp;frm=adv.x&amp;p00={$formKeywords}</search_url>
		</search>
		<search>
			<search_title>Questia:کوازتیا</search_title>
			<search_description>کوازتیا دسترسی به بیش از 47000 کتاب، 375000 مجله، و مقالات روزنامه ای را فراهم می کند. هر صفحه را جستجو کنید همه کتابها و مقالات به طور کامل و تمام در دسترس می باشند-. میزان اشتراک از 19.05 در هر ماه تا 119.95 به طور سالانه متغیر می باشد.</search_description>
			<url>http://www.questia.com/</url>
			<search_url>http://www.questia.com/SM.qst?act=search&amp;keywordsSearchType=1000&amp;mediaType=book&amp;mediaType=journal&amp;mediaType=magazine&amp;mediaType=newspaper&amp;mediaType=encyclopedia&amp;mediaType=startpage&amp;keywords={$formKeywords}</search_url>
		</search>
		<search>
			<search_title>ویلی اینتر ساینس: سرویس پرداخت با هر بار مشاهده </search_title>
			<search_description>ویلی اینتر ساینس: سرویس پرداخت با هر بار مشاهده ، دسترسی  ثابت و کامل به متن مجموعه ای وسیع از مقالات مجلات یا فصل های موجود در یک کتاب را که روی ویلی اینترساینس موجود می باشد بدون نیاز به اشتراک فراهم می کند. این سرویس به هر فرد اجازه می دهد تا دسترسی به مقالات مجزای مجله یا فصول کتاب را بطور مستقیم با استفاده از یک کارت اعتباری پیدا کند. دسترسی تا 24 ساعت بطور مداوم وجود دارد.</search_description>
			<url>http://www3.interscience.wiley.com/aboutus/ppv-articleselect.html</url>
			<search_url>http://www3.interscience.wiley.com/search/allsearch</search_url>
			<search_post>allContentSearchForm=&amp;mode=quicksearch&amp;WISindexid1=WISall&amp;WISsearch1={$formKeywords}</search_post>
		</search>
	</context>
	<context>
		<context_title>محل های آنلاین</context_title>
		<context_abbrev>محل های آنلاین</context_abbrev>
		<context_description>با انتخاب محل های آنلاین می توانید دسترسی آزاد به متن مطالعات تحقیقاتی روی سایت خود پیدا کنید.</context_description>
		<search>
			<search_title>H-Net</search_title>
			<search_description>H-Net
علوم انسانی و اجتماعی آنلاین، اطلاعات و منابعی را برای همه علاقه مندان در زمینه علوم انسانی و اجتماعی فراهم می کند.</search_description>
			<url>http://www2.h-net.msu.edu/lists/</url>
			<search_url>http://www2.h-net.msu.edu/logsearch/index.cgi?type=keyword&amp;list=All+lists&amp;hitlimit=100&amp;field=&amp;nojg=on&amp;smonth=00&amp;syear=1989&amp;emonth=11&amp;eyear=2004&amp;order=relevance&amp;phrase={$formKeywords}</search_url>
		</search>
		<search>
			<search_title>اینتیوت: علوم اجتماعی- کنفرانس ها و وقایع</search_title>
			<search_description>فراهم کننده جستجو برای کنفرانس ها و وقایع علوم اجتماعی می باشد.</search_description>
			<url>http://www.intute.ac.uk/socialsciences/conferences.html</url>
			<search_url>http://www.intute.ac.uk/socialsciences/cgi-bin/conferences.pl?type=All+events&amp;subject=All%7CAll+subjects&amp;submit.x=0&amp;submit.y=0&amp;submit=Go&amp;term={$formKeywords}</search_url>
		</search>
		<search>
			<search_title>INOMICS</search_title>
			<search_description>INOMICS
فراهم کننده جستجو در نمایه های دیگر صفحات شبکه مربوط به اقتصاد است.
</search_description>
			<url>http://www.conference-board.org/</url>
			<search_url>http://www.conference-board.org/cgi-bin/MsmFind.exe?AND_ON=N&amp;ALLCATS=X&amp;AGE_WGT=0&amp;EN=X&amp;ES=X&amp;NO_DL=X&amp;x=57&amp;y=11&amp;QUERY={$formKeywords}</search_url>
		</search>
	</context>
	<context>
		<context_title>فایلهای آموزشی</context_title>
		<context_abbrev>دستورالعملی</context_abbrev>
		<context_description>فورا جستجویی بر اساس موضوع مقاله آغاز می شود و استفاده کنندگان به مقالات موجود یا بایگانی شده در آن زمینه از روزنامه های راهنما در سر تا سر جهان مرتبط می شوند</context_description>
		<search>
			<search_title>Tutor 2U Economics: معلمی برا ی اقتصاد شما</search_title>
			<search_description>: معلمی برا ی اقتصاد شما
 Tutor 2U Economics
شامل منابع مطالعاتی، راهنماهای اصلاحی، لینک های مرتبط، یک دیتا روم و محل بحث به روز و جدید می باشد.
</search_description>
			<url>http://www.tutor2u.com/</url>
			<search_url>http://www.tutor2u.net/search.asp?func=search&amp;tree=0&amp;submit=Search+Tutor2u&amp;myquery={$formKeywords}</search_url>
		</search>
		<search>
			<search_title>biz/ed</search_title>
			<search_description>آموزش تجاری روی اینترنت
(biz/ed)
یک سرویس آزاد اطلاعاتی قابل دسترس از طریق شبکه گسترده جهانی است که به کاربران اجازه می دهد اطلاعات مورد نظر در مورد اقتصاد و تجارت را که روی کامپیوترهای سراسر دنیا وجود دارد جستجو و بازیابی کنند. این سرویس یک ورودی اطلاعاتی وان استاپ (یک – مکثه) برای یک میلیون دانشجو و کارمند اقتصاد، تجارت و مدیریت همانند عموم مردم در انگلستان و خارج از آن، ارائه می دهد.</search_description>
			<url>http://www.bized.co.uk/</url>
			<search_url>http://www.bized.co.uk/cgi-bin/htsearch?config=htdig&amp;method=and&amp;sort=score&amp;format=builtin-long&amp;restrict=&amp;exclude=&amp;words={$formKeywords}</search_url>
		</search>
		<search>
			<search_title>شبکه 
EcEd
</search_title>
			<search_description>وب سایت آموزش اقتصادی: هدف وب سایت آموزشی اقتصاد ایجاد حمایت آموزش اقتصاد در همه ی شکل ها و سطوح است.</search_description>
			<url>http://ecedweb.unomaha.edu/search.cfm</url>
			<search_url>http://www.google.com/u/ecedweb?q={$formKeywords}</search_url>
		</search>
	</context>
	<context>
		<context_title>خط مشی دولت </context_title>
		<context_abbrev>خط مشی دولت </context_abbrev>
		<context_description>فورا جستجویی بر اساس موضوع مقاله آغاز می شود و استفاده کنندگان به مقالات موجود یا بایگانی شده در آن زمینه از روزنامه های راهنما در سر تا سر جهان مرتبط می شوند</context_description>
		<search>
			<search_title>دسترسی به اطلاعات و سرویس دولت استرالیا</search_title>
			<search_description>استرالین گاورمنت انتری پوینت (نقطه ورودی به دولت استرالیا) دسترسی جامع و کاملی به اطلاعات و سرویس این دولت را فراهم می سازد. می توانید از طریق این سایت و 
&lt;a href=&quot;http://www.australia.gov.au&quot;&gt;www.australia.gov.au&lt;/a&gt;
هسته ای متمرکز از اطلاعات دولت استرالیا را پیدا کنید. که در حال حاضر بعنوان راهنمای بیش از 700 وب سایت از دولت استرالیا است، و بیش از 5000000 صفحه نمایه (ایندکس) کرده که هم متا دیتا و هم متن کامل را در بر می گیرد تا مطمئن شوید این یک پرتال کاملا جامع می باشد.</search_description>
			<url>http://www.fed.gov.au</url>
			<search_url>http://govsearch.australia.gov.au/search/search.cgi?collection=gov&amp;form=au&amp;query=&amp;query_phrase=&amp;query_or=&amp;query_not=&amp;meta_f_sand=&amp;scope=&amp;fscope=512&amp;num_ranks=20&amp;chksummary=chksummary&amp;query_and={$formKeywords}</search_url>
		</search>
		<search>
			<search_title>دولت کانادا</search_title>
			<search_description>شما می توانید در همه بخش های دولتی، بخش های فدرال و دفاتر استانی، مرزی و شهری جستجو کنید. یک لینک بخش ها و ادارات (دیپارتمنتز اند ایجنسیز) وجود دارد و ایندکس 
A
تا 
Z
به شما یک کلید واژه جستجو برای برنامه ها و خدمات ارائه می دهد.
پیشرفتی که اخیرا روی سایتهای دیپارتمنت انجام شده این است که در برگیرنده همه گفته ها و افشاء حقایق می باشد و صفحه ای نیز در مورد هزینه های مسافرت، مهمانی ها، قراردادها، ضمانت نامه ها و پاداش ها دارد.
صفحه ابوت کانادا ( در مورد کانادا) شامل لینکهایی به بخش ها و دفاتر، ساختار دولت کانادا کمیته های تفحص و غیره می شود. به غیز از وب سایت دیپارتمنت، دولت کانادا پرتال هایی را ایجاد کرده است که اطلاعات بین فدرال و منابع استانی و سازمانهای غیر دولتی را جمع آوری و به یکدیگر متصل کرده است.</search_description>
			<url>http://www.canada.gc.ca/main_e.html</url>
			<search_url>http://search-recherche.gc.ca/cgi-bin/query?mss=canada%2Fen%2Fsimple&amp;pg=q&amp;enc=iso88591&amp;site=main&amp;bridge=&amp;stt=&amp;lowercaseq=&amp;what=web&amp;user=searchintranet&amp;browser=N6E&amp;kl=XX&amp;op=a&amp;q={$formKeywords}</search_url>
		</search>
		<search>
			<search_title>Directgov: دولت راهنما</search_title>
			<search_description>دیرکت گاو سرویسی دولتی است که به مردم امکان دسترسی به جدیدترین و گسترده ترین دامنه ی سرویس اطلاعات عمومی را در مکانی روی شبکه (وب) و تلویزیون دیجیتال (دیجیتال تی وی) می دهد. دیرکت گاو از مشخصات طراحی شده و در نظر گرفته شده از طریق
UK GovTalk
استفاده می کند.</search_description>
			<url>http://www.direct.gov.uk</url>
			<search_url>http://www.direct.gov.uk/AdvancedSearch/SearchResults/fs/en?NP=1&amp;PO1=C&amp;PI1=W&amp;PF1=A&amp;PG=1&amp;RP=20&amp;SC=__dgov_site&amp;Z=1&amp;PT1={$formKeywords}</search_url>
		</search>
		<search>
			<search_title>اینفو4 لوکال.گاو.یو کی (انگلستان)</search_title>
			<search_description>اطلاعات برای دولت محلی از دولت مرکزی. این سایت به مقامات محلی کمک می کند تا خیلی سریع و راحت بتوانند اطلاعات مربوطه را از وب سایت های گروههای دولت مرکزی، آژانس ها و دیگر قسمتهای عمومی پیدا کنند. این قسمت دارای اطلاعات وسیعی در زمینه بکارگیری دولت الکترونیک می باشد.</search_description>
			<url>http://www.info4local.gov.uk</url>
			<search_url>http://www.info4local.gov.uk/?view=Search+results&amp;subjects=all&amp;departmentsIds=0&amp;informationTypesIds=all&amp;query={$formKeywords}</search_url>
		</search>
		<search>
			<search_title>پرتال دولت نیوزلند</search_title>
			<search_description>پرتال دولت نیوزلند وب سایتی است که امکان جستجو برای لینکها را فراهم می کند و به اطلاعات آنلاین و آف لاین و سرویس هایی از بیشتر دفاتر دولتی متصل می شود. این سایت توسط کمیته سرویس های ایالتی (استیت سرویسیز کامیژن) که بخشی در دولت نیوزلند می باشد، مدیریت و حمایت می شود.</search_description>
			<url>http://www.govt.nz</url>
			<search_url>http://www.govt.nz/search?type=spider&amp;t=spider&amp;q={$formKeywords}</search_url>
		</search>
		<search>
			<search_title>اروپا</search_title>
			<search_description>اطلاعات موجود در کشورهای عضو اتحادیه اروپا شامل داده های آماری، سیاست ها، اخبار، اسناد اداری، متون قانونی و دیگر انتشارات</search_description>
			<url>http://europa.eu.int/index_en.htm</url>
			<search_url>http://europa.eu.int/geninfo/query/resultaction.jsp?page=1</search_url>
			<search_post>Collection=EuropaFull&amp;ResultTemplate=/result_en.jsp&amp;ResultCount=25&amp;qtype=simple&amp;ResultMaxDocs=200&amp;DefaultLG=en&amp;QueryText={$formKeywords}</search_post>
		</search>
		<search>
			<search_title>شبکه اطلاعات قانونی جهانی (گلابل لگال اینفورمیشن نت ورک)
GLIN
</search_title>
			<search_description>GLIN
یک پایگاه اطلاعاتی از قوانین، آیین نامه ها، تصمیمات قضایی و دیگر منابع تکمیلی قانونی می باشد که توسط دفاتر سازمان های دولتی و بین المللی منتشر شده است. اعضای 
GLIN
متن کامل و رسمی از اسناد چاپ شده را روی پایگاه هایی به زبان اصلی شان منتشر می کنند. هر سند با خلاصه انگلیسی و واژه های موضوعی انتخاب شده از ایندکس های چند زبانه در 
GLIN
همراه می باشد.</search_description>
			<url>http://www.glin.gov</url>
			<search_url>http://www.glin.gov/search.do?refineQuery=&amp;offset=0&amp;refineQueryType=&amp;fromSearch=true&amp;queryType=ALL&amp;searchBtn=Search&amp;includeAllFields=on&amp;searchAll=on&amp;sumLanguage=any&amp;pubLanguage=any&amp;pubJurisdiction=any&amp;publicationJurisdictionExclude=false&amp;searchPublicationDate=true&amp;dateFromDay=01&amp;dateFromMonth=01&amp;dateFromYear=&amp;dateToDay=01&amp;dateToMonth=01&amp;dateToYear=&amp;subjTerm=&amp;subjTermConjunction%5B0%5D=AND&amp;subjTerm=&amp;subjTermConjunction%5B1%5D=AND&amp;subjTerm=&amp;subjTermConjunction%5B2%5D=AND&amp;subjTerm=&amp;subjTermConjunction%5B3%5D=AND&amp;subjTerm=&amp;searchOrder=default&amp;hitsPerPage=10&amp;showSummary=on&amp;queryString={$formKeywords}</search_url>
		</search>
		<search>
			<search_title>OECD
سازمان برای اقتصاد همکاری و توسعه
</search_title>
			<search_description>اعضای 
OECD
شامل 30 کشور هستند که دارای تعهدی در زمینه ی دولت دموکراسی و اقتصاد فروشگاهی هستند که با داشتن روابط فعال با بیش از 70 کشور دیگر، 
NGOs
، و جامعه مدنی به مرز جهانی رسیده است. معروفترین انتشارات، آمار و کار این سازمان این است که مفاهیم اقتصادی و اجتماعی را از اقتصاد خرد به تجارت، آموزش، توسعه و علم و نوآوری تعمیم می دهد.
</search_description>
			<url>http://www.oecd.org/home/</url>
			<search_url>http://www.oecd.org/searchResult/0,2665,en_2649_201185_1_1_1_1_1,00.html?fpSearchExact=3&amp;fpSearchText={$formKeywords}</search_url>
		</search>
		<search>
			<search_title>FirstGov</search_title>
			<search_description>فرست گاو (فدرال ایالات متحده) یک شرکت عمومی-خصوصی است که توسط یک هیات نمایندگی دوطرفه رهبری و هدایت می شود.</search_description>
			<url>http://www.firstgov.gov/</url>
			<search_url>http://www.firstgov.gov/fgsearch/index.jsp?db=www&amp;st=AS&amp;ms0=should&amp;mt0=all&amp;rn=2&amp;parsed=true&amp;x=2&amp;y=8&amp;mw0={$formKeywords}</search_url>
		</search>
		<search>
			<search_title>سایت های کانادا</search_title>
			<search_description>فرست گاو (فدرال ایالات متحده) یک شرکت عمومی-خصوصی است که توسط یک هیات نمایندگی دوطرفه رهبری و هدایت می شود.</search_description>
			<url>http://www.canada.gc.ca/main_e.html</url>
			<search_url>http://search-recherche.gc.ca/cgi-bin/query?mss=canada%2Fen%2Fsimple.html&amp;enc=iso88591&amp;pg=q&amp;kl=en&amp;site=main&amp;q={$formKeywords}</search_url>
		</search>
	</context>
	<context>
		<context_title>گزارش های رسانه ای</context_title>
		<context_abbrev>گزارش های رسانه ای</context_abbrev>
		<context_description>فورا جستجویی بر اساس موضوع مقاله آغاز می شود و استفاده کنندگان به مقالات موجود یا بایگانی شده در آن زمینه از روزنامه های راهنما در سر تا سر جهان مرتبط می شوند</context_description>
		<search>
			<search_title>اخبار گوگل</search_title>
			<search_description>گزارش های خبری را با استفاده از ماشین جستجوی معروف اخبار گوگل (گوگل نیوز) جستجو کنید.</search_description>
			<url>http://news.google.com/</url>
			<search_url>http://news.google.com/news?hl=en&amp;q={$formKeywords}</search_url>
		</search>
		<search>
			<search_title>The Economist:اقتصاددان</search_title>
			<search_description>The Economist
نسخه آنلاین از این مجله ی معروف است که با مقالات و آرشیو قابل جستجو همراه است.</search_description>
			<url>http://www.economist.com/</url>
			<search_url>http://www.economist.com/search/search.cfm?cb=46&amp;area=1&amp;page=index&amp;keywords=1&amp;frommonth=01&amp;fromyear=1997&amp;tomonth=02&amp;toyear=2002&amp;rv=2&amp;qr={$formKeywords}</search_url>
		</search>
		<search>
			<search_title>People's Daily: روزمره مردم</search_title>
			<search_description>People's Daily, روزمره مردم، چین (ژانویه 1999)</search_description>
			<url>http://english.peopledaily.com.cn/</url>
			<search_url>http://search.people.com.cn/was40/people/GB/english_index.jsp?type=1&amp;channel=&amp;Content=&amp;searchword={$formKeywords}</search_url>
		</search>
		<search>
			<search_title>Globe and Mail:جهان و میل</search_title>
			<search_description>جهان و پست، تورنتو (هفت روز اخیر)</search_description>
			<url>http://www.globeandmail.com/</url>
			<search_url>http://www.globeandmail.com/servlet/HTMLTemplate/search?tf=tgam/search/tgam/SearchResults.html&amp;cf=tgam/search/tgam/SearchResults.cfg&amp;current_row=1&amp;start_row=1&amp;num_rows=10&amp;keywords={$formKeywords}</search_url>
		</search>
		<search>
			<search_title>Mail &amp; Guardian Newspaper: میل و 
amp;
گاردین نیوزپیپر
</search_title>
			<search_description>Mail &amp; Guardian Newspaper: میل و 
amp;
گاردین نیوزپیپرآفریقای جنوبی 1994</search_description>
			<url>http://www.mg.co.za/</url>
			<search_url>http://www.mg.co.za/mg_search_results.aspx?PrintEdition=PrintEdition&amp;DailyNews=DailyNews&amp;SearchSection=&amp;StartDay=&amp;StartMonth=&amp;StartYear=&amp;EndDay=&amp;EndMonth=&amp;EndYear=&amp;keywords={$formKeywords}</search_url>
		</search>
		<search>
			<search_title>National Public Radio:رادیوی عمومی و ملی</search_title>
			<search_description>National Public Radio:رادیوی عمومی و ملی،ایالات متحده(نامحدود)</search_description>
			<url>http://www.npr.org/archives/</url>
			<search_url>http://www.npr.org/search.php?text={$formKeywords}</search_url>
		</search>
		<search>
			<search_title>New York Times:نیویورک تایمز</search_title>
			<search_description>New York Times:نیویورک تایمز،نیویورک(هفت روز اخیر)</search_description>
			<url>http://www.nytimes.com/</url>
			<search_url>http://query.nytimes.com/search/query?date=site1week&amp;submit.x=1&amp;submit.y=9&amp;query={$formKeywords}</search_url>
		</search>
		<search>
			<search_title>The Japan Times Online:تایمز آنلاین ژاپن</search_title>
			<search_description>The Japan Times Online
تایمز آنلاین ژاپن: ژاپن 1999
</search_description>
			<url>http://www.japantimes.co.jp/</url>
			<search_url>http://www.google.co.jp/custom?domains=japantimes.co.jp&amp;client=pub-4223870936880387&amp;forid=1&amp;ie=Shift_JIS&amp;oe=Shift_JIS&amp;term1=&amp;cof=GALT%3A%23008000%3BGL%3A1%3BDIV%3A%23336699%3BVLC%3A663399%3BAH%3Acenter%3BBGC%3AFFFFFF%3BLBGC%3AFFFFFF%3BALC%3A0000FF%3BLC%3A0000FF%3BT%3A000000%3BGFNT%3A0000FF%3BGIMP%3A0000FF%3BLH%3A60%3BLW%3A200%3BL%3Ahttp%3A%2F%2Fwww.japantimes.co.jp%2Fimages%2Fheader_title.gif%3BS%3Ahttp%3A%2F%2Fwww.japantimes.co.jp%2F%3BFORID%3A1%3B&amp;hl=ja&amp;advancesearch=&amp;q={$formKeywords}</search_url>
		</search>
		<search>
			<search_title>The Moscow Times:مسکو تایمز</search_title>
			<search_description>The Moscow Times, مسکو تایمز، روسیه 1994</search_description>
			<url>http://www.moscowtimes.ru/doc/Search.html</url>
			<search_url>http://www.moscowtimes.ru/cgi-bin/search?config=&amp;exclude=&amp;method=and&amp;format=long&amp;sort=score&amp;matchesperpage=10&amp;words={$formKeywords}</search_url>
		</search>
		<search>
			<search_title>Washington Post:واشنگتن پست</search_title>
			<search_description>Washington Post:واشنگتن پست، واشنگتن،دی سی ( دو هفته اخیر)</search_description>
			<url>http://www.washingtonpost.com/</url>
			<search_url>http://www.washingtonpost.com/cgi-bin/search99.pl?searchsection=news&amp;searchdatabase=news&amp;x=11&amp;y=8&amp;searchtext={$formKeywords}</search_url>
		</search>
		<search>
			<search_title>نیوز دیرکتری (راهنمای خبری) </search_title>
			<search_description>نیوز دیرکتری (راهنمای خبری) یک راهنمای جامع و قابل جستجو برای رسانه های جهانی آنلاین و انگلیسی زبان است.در حال حاضر بیش از 8000 روزنامه، مجله و بیش از 1000 گوینده تلویزیونی آمریکایی فهرست شده اند</search_description>
			<url>http://www.newsdirectory.com/</url>
			<search_url>http://www.newsdirectory.com/hbSearch.php</search_url>
			<search_post>s={$formKeywords}&amp; submit=Go</search_post>
		</search>
	</context>
	<context>
		<context_title>جستجوی شبکه </context_title>
		<context_abbrev>جستجوی شبکه</context_abbrev>
		<context_description>یک واژه ی جستجو را برای منابع اینترنت وارد کن تا از طریق ماشین های جستجو به نتیجه برسید</context_description>
		<search>
			<search_title>گوگل</search_title>
			<search_description>با استفاده از ماشین های معرف چاوشگر گوگل جستجو کنید..</search_description>
			<url>http://www.google.com/</url>
			<search_url>http://www.google.com/search?q={$formKeywords}</search_url>
		</search>
		<search>
			<search_title>گوگل اسکولار</search_title>
			<search_description>گوگل اسکولار امکان جستجو های خاص را د ر زمینه ادبیات پژوهشی شامل  مقالات کارشناسی شده ، پایان نامه ها، کتب،،پیش پرینت ها، چکیده ها و گزارش های فنی فراهم می سازد.محتوای این حیطه شامل تعدادی از ناشران و تدوین کنند گان است که گوگل توسط آنها نسازمان یافته است.برای مثال انجمن محاسبه ی ماشین ها، 
IEEE،
سرویس جایگزین کتابخانه جهانی با دسترسی آزاد  و ... .نتیایج مشخص شده ورژن های متفاوتی از شاخه ها، تحلیل گفته ها و مکان کتابخانه را (فقط کتاب های موجود) را نشان می دهد</search_description>
			<url>http://scholar.google.com</url>
			<search_url>http://scholar.google.com/scholar?ie=UTF-8&amp;oe=UTF-8&amp;hl=en&amp;q={$formKeywords}</search_url>
		</search>
		<search>
			<search_title>کلاسترینگ اینجین، ماشین جستجوی تصادفی</search_title>
			<search_description>این ابزار جستجو از ویویزمو نتایج تصادفی را از بین جستجوهای انتخاب شده ارائه می دهد. با متا سرچ کل شبکه را جستجو کنید یا با استفاده از عناوین، اخبار، شایعات، تصاویر یا تولیدات را از
Bizrate
یا
eBoy 
جستجو کنید.</search_description>
			<url>http://clusty.com/about</url>
			<search_url>http://clusty.com/search?query={$formKeywords}</search_url>
		</search>
		<search>
			<search_title>ویویزمو</search_title>
			<search_description>تکنولوژی تصادفی و جایزه بر ویویزمو که توسط دانشمندان واحد جستجوی کارنج میلون توسعه یافته در حال باز کردن ارزش اطلاعات ذخیره شده در 500 شرکت، وب سایتهای عالی، ناشران معتبر و آژانس های دولتی با دسته بندی کردن نتایج جستجو برای سفارشات معنی دار است،تا به پیشرفتی در زمینه شکافتن اطلاعات و دستیابی به اطلاعات مربوطه برسد.</search_description>
			<url>http://vivisimo.com</url>
			<search_url>http://vivisimo.com/search?tb=homepage&amp;v%3Asources=Web&amp;query={$formKeywords}</search_url>
		</search>
	</context>
</version>
