<?xml version = '1.0' encoding = 'UTF-8'?>
<!DOCTYPE version SYSTEM "../../lib/pkp/dtd/rtVersion.dtd">
<!--
  * Environment.xml
  *
  * Copyright (c) 2013-2016 Simon Fraser University Library
  * Copyright (c) 2003-2016 John Willinsky
  * Distributed under the GNU GPL v2. For full terms see the file docs/COPYING.
  *
  * Reading Tools version: Environment (fa_IR)
  *
  -->
<version locale="fr_IR" id="Environment" >
  <version_title>محیط زیست</version_title>
  <version_description>ابزارهای خواندن به خوانندگان این تحقیق کمک می کنند تا با طیف وسیعی ازمنابع مربوطه ارتباط برقرار کنند که می توانند بستری رابرای تفسیر. درک وارزیایی تحقیق فراهم کنند</version_description>
  <context>
    <context_title>آثار مولفان</context_title>
    <context_abbrev>آثار دیگران</context_abbrev>
    <context_description>با استفاده از موتور های جستجوی OAI می توانید بر اساس نام مولف آثار سایر مولفان را جستجو کرده و با آنها آشنایی پیدا کنید .</context_description>
    <author_terms/>
    <search>
      <search_title>سرویس خدمات تحصیلی گوگل</search_title>
      <search_description>سرویس خدمات تحصیلی گوگل به شما امکان جستجوی منابع درسی از قبیل مقالات کارشناسی شده . پایان نامه ها . کتاب ها . خلاصه مقالات و گزارشات فنی را می دهد . محتوای مطالب این منابع دربرگیرنده آثار طیف وسیعی از ناشران است که گوگل با آنان قرارداد کاری دارد مانند انجمن ماشین های اداری . IEEE . سرویس جستجوی کتابخانه ای OCLC و ... . نتایج نشان داده شده بر اساس نسخه های مختلف . تحلیل نظرات کارشناسی و موقعیت قرارگیری در کتابخانه ها دارای دسته جات متنوعی خواهند بود . </search_description>
      <url>http://scholar.google.com</url>
      <search_url>http://scholar.google.com/scholar?ie=UTF-8&amp;oe=UTF-8&amp;hl=eng&amp;as_sauthors={$formKeywords}</search_url>
    </search>
    <search>
      <search_title>اینتیوت : علوم تجربی . مهندسی و تکنولوژی </search_title>
      <search_description>اینتیوت : علوم تجربی . مهندسی و تکنولوژی . یک ارایه دهنده خدمات آنلاین رایگان است که به شما امکان دسترسی به منابع اینترنتی بسیار خوبی را در زمینه آموزش و تحقیقات می دهد . این منابع توسط شبکه ای از متخصصان در زمینه های مختلف ارزیابی و انتخاب شده اند . این سرویس در حال حاضر زمینه های مختلفی از جمله علوم تجربی . مهندسی . کامپیوتر . جغرافیا . ریاضیات و علوم زیست محیطی را پوشش می دهد . بانک اطلاعاتی آن در حال حاضر حاوی 33349 عنوان مطلب است . </search_description>
      <url>http://www.intute.ac.uk/sciences/</url>
      <search_url>http://www.intute.ac.uk/sciences/cgi-bin/search.pl?submit.x=0&amp;submit.y=0&amp;submit=Go&amp;limit=0&amp;subject=sciences&amp;term1={$formKeywords}</search_url>
    </search>
    <search>
      <search_title>پروژه OAIster ( بانک های اطلاعاتی تحقیقاتی آرشیوهای باز ) </search_title>
      <search_description>پروژه OAIster پروژه ای متعلق به سرویس ایجاد کتابخانه دیجیتال دانشگاه میشیگان می باشد و امکان جستجوی گسترده ای را در مجموعه های متعلق به طیف گسترده ای از موسسات فراهم می کند . این موسسات منابع اطلاعاتی دیجیتال بایگانی شده خود را به رایگان در معرض استفاده عموم قرارداده اند و تیم این پروژه این منابع را پس از جمع آوری و طبقه بندی در سرویس OAIster در اختیار کاربران قرار داده است .</search_description>
      <url>http://oaister.umdl.umich.edu/</url>
      <search_url>http://oaister.umdl.umich.edu/cgi/b/bib/bib-idx?type=boolean&amp;size=10&amp;c=oaister&amp;q1=&amp;rgn1=entire+record&amp;op2=and&amp;q2=&amp;rgn2=entire+record&amp;op3=And&amp;q3=&amp;rgn3=title&amp;op4=And&amp;rgn4=author&amp;op5=And&amp;q5=&amp;rgn5=subject&amp;op6=And&amp;rgn6=norm&amp;q6=all+types&amp;sort=author%2Fcreator&amp;submit2=search&amp;q4={$formKeywords}</search_url>
    </search>
    <search>
      <search_title>پل اطلاعاتی DOE</search_title>
      <search_description>سرویس (پل ارتباطی ) مطالب بایگانی شده گزارشات تحقیقاتی و توسعه ای وزارت انرژی آمریکا را در زمینه های فیزیک . شیمی . مواد . بیولوژی . علوم زیستی . تکنولوژی های انرژی . مهندسی . کامپیوتر و علوم ارتباطات . انرژی های تجدید پذیر و سایر موضوعات به صورت متن کامل و همراه با اطلاعات کتاب داری در اختیار کاربران قرار می دهد . </search_description>
      <url>http://www.osti.gov/bridge/index.jsp</url>
      <search_url>http://www.osti.gov/bridge/basicsearch.jsp?act=Search&amp;formname=basicsearch.jsp&amp;review=1&amp;SortBy=RELV&amp;SortOrder=DESC&amp;querytype=search&amp;searchFor={$formKeywords}</search_url>
    </search>
    <search>
      <search_title>جمع اورکنندهء آرشیوهای پروژهء اطلاعات عمومی</search_title>
      <search_description>جمع آوری کننده آرشیو های باز PKP یک سیستم رایگان فهرست بندی متادیتا است که توسط پروژهء اطلاعات عمومی بر اثر تلاشهای صورت گرفته در این پروژه به منظور گسترش و بهینه سازی دسترسی به تحقیقات ابداء شده است هزینه این پروژه از طریق بودجه فدرال تامین شده است جمع آوری کنندهء PKP OAI به شما امکان میدهد که یک فهرست با قابلیت جستجو را از متادیتاهای آرشیوهای باز مانند سایتهایی که از سیستمهای ژورنال آزاد یا سیستمهای کنفرانس ازاد استفاده میکنند تهیه کنید </search_description>
      <url>http://pkp.sfu.ca/harvester/</url>
      <search_url>http://pkp.sfu.ca/harvester/search.php?limit=author&amp;query={$formKeywords}</search_url>
    </search>
    <search>
      <search_title>وب سایت اینترنتی انتشارات محیط زیست(NEPIS)</search_title>
      <search_description>این سیستم اطلاعاتی از 1997 آغاز به کار کرده و هم اکنون حاوی بیش از 9000 عنوان مقاله کامل از سازمان حفظ محیط زیست آمریکا می باشد .امکان سفارش اینترنتی دریافت مقالات آن نیز وجود دارد .</search_description>
      <url>http://nepis.epa.gov/</url>
      <search_url>http://nepis.epa.gov/Exe/ZyNET.exe?User=ANONYMOUS&amp;Password=anonymous&amp;Client=EPA&amp;SearchBack=ZyActionL&amp;SortMethod=h&amp;SortMethod=-&amp;MaximumDocuments=15&amp;Display=hpfr&amp;ImageQuality=r85g16%2Fr85g16%2Fx150y150g16%2Fi500&amp;DefSeekPage=x&amp;ZyAction=ZyActionS&amp;Toc=&amp;TocEntry=&amp;QField=&amp;QFieldYear=&amp;QFieldMonth=&amp;QFieldDay=&amp;UseQField=&amp;Docs=&amp;IntQFieldOp=0&amp;ExtQFieldOp=0&amp;File=&amp;SeekPage=&amp;Back=ZyActionL&amp;BackDesc=Contents+page&amp;MaximumPages=1&amp;ZyEntry=0&amp;TocRestrict=n&amp;SearchMethod=1&amp;Time=&amp;FuzzyDegree=0&amp;Index=National+Environmental+Publications+Info&amp;Query={$formKeywords}</search_url>
    </search>
  </context>
  <context>
    <context_title>جستجوی عبارات</context_title>
    <context_abbrev>جستجوی عبارات</context_abbrev>
    <context_description>در این سیستم روی هر کلمه ای در متن که دوبار کلیک کنید کادری با عبارت (تعریف عبارت) درکنار آن نمایش داده می شود همچنین می توانید کلمه ای را در این کادر تایپ یا پیست کنید سپس سیستم تعریف این کلمه را با ابزارهای جستجوی خود به شما ارایه می کند . منابع مورد جستجو در این سیستم بر اساس فراوانی ومیزان رایگان بودن طبقه بندی شده اند .</context_description>
    <define_terms/>
    <search>
      <search_title>گوگل</search_title>
      <search_description>در اینجا می توانید با موتور جستجوی معروف گوگل به دنبال تعریف عبارات بگردید .</search_description>
      <url>http://www.google.com/</url>
      <search_url>http://www.google.com/search?hl=en&amp;q=define%3A{$formKeywords}</search_url>
    </search>
    <search>
      <search_title>بنیاد کشاورزی NAL</search_title>
      <search_description>این نهاد در جهت رفع نیازهای پژوهشی توسط وزارت کشاورزی آمریکا تاسیس شده است . در اینجا منابع بسیار گسترده ای که همگی طبقه بندی شده هستند از قبیل کتاب ها . مقاله ها . کاتالوگ ها . مطالب آموزشی . تصویر . اسلاید . فیلم . نوارهای ویدیویی آموزشی و ... در 17 گروه در دسترس می باشند .</search_description>
      <url>http://agclass.nal.usda.gov/agt/agt.htm</url>
      <search_url>http://search.nal.usda.gov/query.html?charset=iso-8859-1&amp;ht=0&amp;qp=&amp;qs=-url%3Atektran&amp;qc=-&amp;pw=100%25&amp;ws=0&amp;la=en&amp;qm=0&amp;st=1&amp;nh=10&amp;lk=1&amp;rf=0&amp;oq=&amp;rq=0&amp;si=1&amp;x=15&amp;y=8&amp;qt={$formKeywords}</search_url>
    </search>
    <search>
      <search_title>دیکشنری آنلاین مریام - وبستر</search_title>
      <search_description>این دیکشنری آنلاین بر پایه جلد دهم دیکشنری وبستر چاپ 1993 کار می کند و هر سال به روز رسانی می شود . در آن بیش از 160000 مدخل وجود دارد . همراه با هر کلمه تعریف . تلفظ . کاربرد . نقش دستوری و توضیحی مختصر درباره ریشه آن ذکرشده است . اگر کلمه ای را در این سیستم اشتباه تایپ کنید املای درست آن به شما پیشنهاد می شود . سیستم جستجوی این دیکشنری بسبار پیشرفته است . در این دیکشنری راهنمای بسیار غنی درباره تلفظ و همچنین یکسری فایل های صوتی مربوط به تلفظ کلمات وجود دارد .</search_description>
      <url>http://www.merriam-webster.com/</url>
      <search_url>http://www.merriam-webster.com/cgi-bin/dictionary?book=Dictionary&amp;va={$formKeywords}</search_url>
    </search>
    <search>
      <search_title>دیکشنری وان لوک</search_title>
      <search_description>این یک دیکشنری فرعی است . اگر در آن یک کلمه انگلیسی را وارد کنید این سیستم تعریف آن را از فهرستی که از 5292362 کلمه در 934 دیکشنری تهیه کرده است به شما نشان خواهد داد .</search_description>
      <url>http://www.onelook.com/index.html</url>
      <search_url>http://www.onelook.com/?ls=a&amp;w={$formKeywords}</search_url>
    </search>
    <search>
      <search_title>ویکی پدیا : دایره المعارف رایگان</search_title>
      <search_description>ویکی پدیا یک دایره المعارف رایگان است که با همکاری تمامی کاربران آن از سراسر جهان نوشته می شود . در این سایت هر کاربری می تواند بدون نیاز به مجوزی خاص هر مطلبی را ویرایش کند لذا مطالب موجود در آن کیفیت منتوعی دارد با این حال این سایت ارزش مشاهده را دارد . نسخه انگلیسی آن دارای صدها هزار مدخل است همچنین نسخه های اسپانیایی . فرانسوی . اسپرانتو و چند زبان دیگر از آن نیز وجود دارد .</search_description>
      <url>http://en.wikipedia.org/wiki/Main_Page</url>
      <search_url>http://en.wikipedia.org/wiki/Special:Search?go=Go&amp;fulltext=Search&amp;search={$formKeywords}</search_url>
    </search>
    <search>
      <search_title>Infoplease.com</search_title>
      <search_description>این سایت طراحی شده توسط موسسه آلاماناک می باشد و دارای یک بانک اطلاعاتی از بیوگرافی ها . یک دیکشنری . یک اطلس گیتا شناسی و مقالاتی از دایره المعارف کلمبیا می باشد .شما می توانید این منابع را به صورت تک تک یا گروهی بررسی کنید . لینک هایی به مطالب مختلف در سایت های دیگر نیز در آن وجود دارد .</search_description>
      <url>http://www.infoplease.com</url>
      <search_url>http://www.infoplease.com/search?fr=iptn&amp;in=all&amp;x=0&amp;y=0&amp;query={$formKeywords}</search_url>
    </search>
  </context>
  <context>
    <context_title>پژوهش های مرتبط</context_title>
    <context_abbrev>پژوهش های مرتبط</context_abbrev>
    <context_description>در اینجا می توانید با وارد کردن موضوع پژوهش خود سایر پژوهش های مرتبط با آنرا از بانک های اطلاعاتی مختلف بیابید .</context_description>
    <search>
      <search_title>پل ارتباطی DOE</search_title>
      <search_description>این پل ارتباطی منابع رایگان کاملی را از کتابخانه وزارت انرژی آمریکا (DOE) درزمینه های فیزیک . شیمی . مواد شناسی . بیولوژی . علوم محیط زیست . تکنولوژی های انرژی . مهندسی . علوم رایانه . انرژی های تجدید پذیر و ... در اختیار کاربران قرار می دهد .</search_description>
      <url>http://www.osti.gov/bridge/index.jsp</url>
      <search_url>http://www.osti.gov/bridge/basicsearch.jsp?act=Search&amp;formname=basicsearch.jsp&amp;review=1&amp;SortBy=RELV&amp;SortOrder=DESC&amp;querytype=search&amp;searchFor={$formKeywords}</search_url>
    </search>
    <search>
      <search_title>اینتیوت : علوم زیستی وبهداشتی</search_title>
      <search_description>در این سایت سرویس آنلاین رایگانی وجود دارد که به شما امکان دسترسی به بهترین منابع در زمینه آموزش و تحقیق را می دهد . بیش از 31000 مرجع در اینجا لیست شده اندکه به صورت رایگان در اختیار کاربران بوده و امکان جستجو میان آنها وجود دارد . این سرویس قبلا به نام (BIOME) شناخته می شد .</search_description>
      <url>http://www.intute.ac.uk/sciences/</url>
      <search_url>http://www.intute.ac.uk/sciences/cgi-bin/search.pl?submit.x=0&amp;submit.y=0&amp;submit=Go&amp;limit=0&amp;subject=sciences&amp;term1={$formKeywords}</search_url>
    </search>
    <search>
      <search_title>وب سایت اینترنتی انتشارات محیط زیست(NEPIS)</search_title>
      <search_description>این سیستم اطلاعاتی از 1997 آغاز به کار کرده و هم اکنون حاوی بیش از 9000 عنوان مقاله کامل از سازمان حفظ محیط زیست آمریکا می باشد .امکان سفارش اینترنتی دریافت مقالات آن نیز وجود دارد .</search_description>
      <url>http://nepis.epa.gov/</url>
      <search_url>http://nepis.epa.gov/Exe/ZyNET.exe?User=ANONYMOUS&amp;Password=anonymous&amp;Client=EPA&amp;SearchBack=ZyActionL&amp;SortMethod=h&amp;SortMethod=-&amp;MaximumDocuments=15&amp;Display=hpfr&amp;ImageQuality=r85g16%2Fr85g16%2Fx150y150g16%2Fi500&amp;DefSeekPage=x&amp;ZyAction=ZyActionS&amp;Toc=&amp;TocEntry=&amp;QField=&amp;QFieldYear=&amp;QFieldMonth=&amp;QFieldDay=&amp;UseQField=&amp;Docs=&amp;IntQFieldOp=0&amp;ExtQFieldOp=0&amp;File=&amp;SeekPage=&amp;Back=ZyActionL&amp;BackDesc=Contents+page&amp;MaximumPages=1&amp;ZyEntry=0&amp;TocRestrict=n&amp;SearchMethod=1&amp;Time=&amp;FuzzyDegree=0&amp;Index=National+Environmental+Publications+Info&amp;Query={$formKeywords}</search_url>
    </search>
    <search>
      <search_title>کتابخانه ملی محیط زیست</search_title>
      <search_description>این یک درگاه اطلاعاتی جهانی و با کاربری آسان برای کسب اطلاعات در زمینه علوم محیط زیست می باشد .</search_description>
      <url>http://www.ncseonline.org/nle/index.cfm?&amp;CFID=8843778&amp;CFTOKEN=66834254</url>
      <search_url>http://www.ncseonline.org/NLE/CRS/detail.cfm?quickKeyword={$formKeywords}</search_url>
    </search>
  </context>
  <context>
    <context_title>سیاست گذاری های دولتی</context_title>
    <context_abbrev>Gov Policy</context_abbrev>
    <context_description>در اینجا می توانید منابع متنوع دولتی را در زمینه های مختلف بررسی کنید .</context_description>
    <search>
      <search_title>دسترسی به اطلاعات و خدمات دولت استرالیا</search_title>
      <search_description>این درگاه اطلاعاتی دولت استرالیاست که در آن می توانید اطلاعات بیش از 700 وب سایت و بیش از 5000000 صفحه اینترنتی دولتی را به طور کامل مشاهده و جستجو کنید .</search_description>
      <url>http://www.fed.gov.au</url>
      <search_url>http://govsearch.australia.gov.au/search/search.cgi?collection=gov&amp;form=au&amp;query=&amp;query_phrase=&amp;query_or=&amp;query_not=&amp;meta_f_sand=&amp;scope=&amp;fscope=512&amp;num_ranks=20&amp;chksummary=chksummary&amp;query_and={$formKeywords}</search_url>
    </search>
    <search>
      <search_title>دولت کانادا</search_title>
      <search_description>در اینجا می توانید در میان اطلاعات نهاد ها و وزارتخانه های دولتی به جستجو بپردازید همچنین یک فهرست الفبایی از برنامه ها و خدمات دولتی کانادا وجود دارد . در آن صفحه جدیدی با عنوان (اقامت ) وجود دارد که در آن هزینه های سفر و امکانات ارتباطی در کانادا ذکر شده است . در صفحه (درباره کانادا)  لینک هایی برای دسترسی به وزارت خانه ها و نهاد ها و کمسیون ها مختلف وجود دارد . علاوه بر وب سایت های وزارت خانه یک درگاه اطلاعاتی دولتی نیز در آن وجود دارد که در آن اطلاعات نهادهای خصوصی ایالت ها را نشان می دهد .</search_description>
      <url>http://www.canada.gc.ca/main_e.html</url>
      <search_url>http://search-recherche.gc.ca/cgi-bin/query?mss=canada%2Fen%2Fsimple&amp;pg=q&amp;enc=iso88591&amp;site=main&amp;bridge=&amp;stt=&amp;lowercaseq=&amp;what=web&amp;user=searchintranet&amp;browser=N6E&amp;kl=XX&amp;op=a&amp;q={$formKeywords}</search_url>
    </search>
    <search>
      <search_title>Directgov</search_title>
      <search_description>این یک سرویس دولتی است که به مردم امکان دسترسی به جدیدترین و وسیعترین اطلاعات مرتبط با خدمات عمومی را ارایه می کند . این سایت از دستورالعمل ها و همکاری سایت UK GovTalk بهره می برد .</search_description>
      <url>http://www.direct.gov.uk</url>
      <search_url>http://www.direct.gov.uk/AdvancedSearch/SearchResults/fs/en?NP=1&amp;PO1=C&amp;PI1=W&amp;PF1=A&amp;PG=1&amp;RP=20&amp;SC=__dgov_site&amp;Z=1&amp;PT1={$formKeywords}</search_url>
    </search>
    <search>
      <search_title>Info4local.gov.uk</search_title>
      <search_description>اطلاعات فرمانداری ها را از طریق دولت فدرال مرکزی نشان می دهد . در اینجا به سرعت و آسانی می توان انواع نهادهای خصوصی و دولتی را در زمینه های مختلف پیدا کرد همچنین درآن مطالب مفصلی درباره نحوه اجرای دولت الکترونیک موجود است .</search_description>
      <url>http://www.info4local.gov.uk</url>
      <search_url>http://www.info4local.gov.uk/?view=Search+results&amp;subjects=all&amp;departmentsIds=0&amp;informationTypesIds=all&amp;query={$formKeywords}</search_url>
    </search>
    <search>
      <search_title>درگاه اطلاعاتی دولت نیوزلند</search_title>
      <search_description>این درگاه اطلاعاتی وب سایتی است که دارای امکان جستجو ولینک هایی به خدمات و اطلاعات اکثر نهادهای دولتی می باشد . این سایت توسط کمسیون خدمات عمومی تحت نظارت وزارت کشور نیوزلند اداره می شود .</search_description>
      <url>http://www.govt.nz</url>
      <search_url>http://www.govt.nz/search?type=spider&amp;t=spider&amp;q={$formKeywords}</search_url>
    </search>
    <search>
      <search_title>اروپا</search_title>
      <search_description>اطلاعات جدید درباره کشورهای عضو اتحادیه اروپا از قبیل اطلاعات آماری . راهکارها . اخبار . اسناد رسمی . متون حقوقی و ... را ارایه می کند .</search_description>
      <url>http://europa.eu.int/index_en.htm</url>
      <search_url>http://europa.eu.int/geninfo/query/resultaction.jsp?page=1</search_url>
      <search_post>Collection=EuropaFull&amp;ResultTemplate=/result_en.jsp&amp;ResultCount=25&amp;qtype=simple&amp;ResultMaxDocs=200&amp;DefaultLG=en&amp;QueryText={$formKeywords}</search_post>
    </search>
    <search>
      <search_title>شبکه اطلاعاتی حقوقی بین المللی(GLIN)</search_title>
      <search_description> این یک بانک اطلاعاتی ازقوانین . آرای قضایی وسایر منابع مکمل حقوقی است که توسط نهادهای دولتی و بین المللی منتشر شده اند . اعضای این وب سایت می توانند متن کامل مطالب مذکور را به زبان دلخواه خود مشاهده کنند . هر مطلب در این سایت دارای یک خلاصه انگلیسی و همچنین یکسری کلمات کلیدی می باشد .</search_description>
      <url>http://www.glin.gov</url>
      <search_url>http://www.glin.gov/search.do?refineQuery=&amp;offset=0&amp;refineQueryType=&amp;fromSearch=true&amp;queryType=ALL&amp;searchBtn=Search&amp;includeAllFields=on&amp;searchAll=on&amp;sumLanguage=any&amp;pubLanguage=any&amp;pubJurisdiction=any&amp;publicationJurisdictionExclude=false&amp;searchPublicationDate=true&amp;dateFromDay=01&amp;dateFromMonth=01&amp;dateFromYear=&amp;dateToDay=01&amp;dateToMonth=01&amp;dateToYear=&amp;subjTerm=&amp;subjTermConjunction%5B0%5D=AND&amp;subjTerm=&amp;subjTermConjunction%5B1%5D=AND&amp;subjTerm=&amp;subjTermConjunction%5B2%5D=AND&amp;subjTerm=&amp;subjTermConjunction%5B3%5D=AND&amp;subjTerm=&amp;searchOrder=default&amp;hitsPerPage=10&amp;showSummary=on&amp;queryString={$formKeywords}</search_url>
    </search>
  </context>
  <context>
    <context_title>درگاه های عمومی </context_title>
    <context_abbrev>درگاه های عمومی</context_abbrev>
    <context_description>درگاه های منابع پژوهشی علوم زیست محیطی</context_description>
    <search>
      <search_title>EnviroLink</search_title>
      <search_description>این شبکه به عنوان یکی از پایگاههای علوم محیط زیست از سال 1991 تا کنون مطرح بوده است .</search_description>
      <url>http://www.envirolink.org/</url>
      <search_url>http://www.envirolink.org/newsearch.html?searchfor={$formKeywords}</search_url>
    </search>
  </context>
  <context>
    <context_title>جستجوی کتاب</context_title>
    <context_abbrev>جستجوی کتاب</context_abbrev>
    <context_description>جستجوی منابع مرتبط با کتابخانه ها</context_description>
    <search>
      <search_title>انتشارات گوگل</search_title>
      <search_description>گوگل با کتابخانه های دانشگاههای میشیگان . هاروارد . استنفورد . آکسفورد و کتابخانه ملی نیویورک در حال همکاری است تا کتابخانه های موجود در آنها را به صورت دیجیتال در آورده و آنها را از طریق سرویس انتشارات گوگل در اختیار کاربران گوگل قرار دهد. این یک پروژه عظیم است که در آنها میلیون ها کتاب چاپی به فرمت دیجیتال در آمده و در بانک اطلاعاتی گوگل جمع آوری می گردد . در این سیستم روی عنوان هر کتابی که کلیک بکنید صفحه ای حاوی اطلاتی درباره آن کتاب ازقبیل نقدها کتابهای مشابه . ناشر . امکان خرید کتاب ونزدیکترین کتابخانه به شما که آن را دارد نمایش داده می شود .</search_description>
      <url>http://print.google.com</url>
      <search_url>http://print.google.com/print?q={$formKeywords}</search_url>
    </search>
    <search>
      <search_title>صفحه کتابهای آنلاین</search_title>
      <search_description>این سایت توسط جان مارک اوکربلوم در دانشگاه پنسیلوانیا مدیریت می شود . اینجا مکانی مناسب برای آغاز جستجو بدنبال متن کامل کتابها در اینترنت است .در این سایت بیش از 20000 کتاب انگلیسی به فرمت های مختلف در دسترس می باشد . مدخل های آن را می توان بر اساس نام ناشر یا عنوان کتاب جستجو کرد . همچنین امکان جستجوی کتاب توسط سیستم جستجوی کتابخانه کنگره ملی آمریکا نیز وجود دارد . لیست جدیدترین کتابها دایما در صفحه ای مجزا &lt;a href=&quot;http://onlinebooks.library.upenn.edu/new.html&quot;>http://onlinebooks.library.upenn.edu/new.html&lt;/a>. در آن به روز رسانی میشود .</search_description>
      <url>http://digital.library.upenn.edu/books/</url>
      <search_url>http://onlinebooks.library.upenn.edu/webbin/book/search?tmode=words&amp;title={$formKeywords}</search_url>
    </search>
    <search>
      <search_title>کتابهای آنلاین</search_title>
      <search_description>این مجموعه ای از 32935 عنوان کتاب است که البته برخی از آنها صرفا نسخه نمایشی می باشند . امکان جستجو در آن بر اساس ناشر و عنوان کتاب وجود دارد . همه کتابهای آن رایگان نیستند .</search_description>
      <url>http://www.books-on-line.com/</url>
      <search_url>http://www.books-on-line.com/bol/KeyWordSearch.cfm?RowCount=50&amp;Searchquery={$formKeywords}</search_url>
    </search>
    <search>
      <search_title>کتابخانه جهانی</search_title>
      <search_description>این کتابخانه ای وسیع تر و مجهز تر است و دارای بیش از 100000 کتاب الکترونیک بوده و هدف آن است که تا پایان سال 2006 دارای بیش از 1000000 کتاب الکترونیک باشد ( برخی از کتابها از پروژه گوتنبرگ گرفته شده اند)</search_description>
      <url>http://tera-3.ul.cs.cmu.edu/</url>
      <search_url>http://tera-3.ul.cs.cmu.edu/cgi-bin/DBscripts/advsearch_db.cgi?perPage=25&amp;listStart=0&amp;author1=&amp;subject1=Any&amp;year1=&amp;year2=&amp;language1=Any&amp;scentre=Any&amp;search=Search&amp;title1={$formKeywords}</search_url>
    </search>
  </context>
  <context>
    <context_title>تالارهای گفتمان</context_title>
    <context_abbrev>تالارهای گفتمان</context_abbrev>
    <context_description>در اینجا می توانید به تالار های گفتگوی رایگان اینترنتی دستیابی پیدا کنید که به کسترش اطلاعات عمومی شما در زمنیه های مختلف کمک کند . </context_description>
    <search>
      <search_title>MInd: فهرست همایش ها</search_title>
      <search_description>از این سرویس می توانید برای آشنایی ویافتن مکان شرکت های برپا کننده همایش ها . کنفرانس ها و سمپوزیوم ها استفاده کنید .</search_description>
      <url>http://www.interdok.com/mind/</url>
      <search_url>http://www.google.com/search?q=site%3Ainterdok.com+mind+{$formKeywords}</search_url>
    </search>
  </context>
  <context>
    <context_title>گروههای اطلاعاتی</context_title>
    <context_abbrev>گروههای اطلاعاتی</context_abbrev>
    <context_description>در اینجا می توانیدبه اطلاعات آماری پژوهش های محیط زیستی دست پیدا کنید .</context_description>
    <search>
      <search_title>پایگاه اطلاعات آب و هوایی</search_title>
      <search_description>در اینجا بخشی از بانک اطلاعاتی NCDC و لیست کاملی از ایستگاه های هوا شناسی در آمریکا و همچنین اطلاعات جو بالا برای کاربران در دسترس است .</search_description>
      <url>http://lwf.ncdc.noaa.gov/oa/climate/climateinventories.html</url>
      <search_url>http://crawl.ncdc.noaa.gov/search?site=ncdc&amp;output=xml_no_dtd&amp;client=ncdc&amp;lr=&amp;proxystylesheet=ncdc&amp;oe=&amp;q={$formKeywords}</search_url>
    </search>
    <search>
      <search_title>تحقیقات زمین شناسی آمریکا</search_title>
      <search_description>دراین سایت اطلاعاتی درباره زمین شناسی وجود دارد . هدف از ارایه این اطلاعات کاهش خسارات بلایای طبیعی . مدیریت آب . مدیریت بهینه منابع انرژی معدنی و بیولوژیک و بالابردن سطح زندگی ساکنان نواحی مختلف زمین بوده است . لینک هایی برای دسترسی به اخبار زمین شناسی نیز در آن وجود دارد .</search_description>
      <url>http://www.usgs.gov/</url>
      <search_url>http://search.usgs.gov/query.html?col=usgs&amp;col=top2000&amp;ht=0&amp;qp&amp;qs=&amp;qc=&amp;pw=100%25&amp;ws=1&amp;la=&amp;qm=0&amp;st=1&amp;nh=10&amp;lk=1&amp;rf=0&amp;oq=&amp;rq=0&amp;si=0=&amp;qt={$formKeywords}</search_url>
    </search>
  </context>
  <context>
    <context_title>مشاهده غیر رایگان</context_title>
    <context_abbrev>مشاهده غیررایگان</context_abbrev>
    <context_description>این سرویس برای کسانی مفید است که دسترسی مستقیم به مجلات الکترونیک از طریق اشتراک را ندارند . این سرویس از طریق مکانیسم های ایمن پرداخت پول کاربران را قادر می سازد تا برای دسترسی پیدا کردن به مطالب در همان زمان پول پرداخت کنند . بلافاصله پس از پرداخت پول دسترسی به مطلب مورد نظر امکان پذیر شده و تا 30 روز اعتبار دارد .</context_description>
    <search>
      <search_title>اینگنتا</search_title>
      <search_description>اینگنتا سرویسی است که دسترسی به متن کامل مقالات را محدود می سازد . با این حال مدیر سایت می تواند فهرست رایگانی ازمطالب موجود را با آن به کاربران نشان دهد .</search_description>
      <url>http://www.ingenta.com/</url>
      <search_url>http://www.ingenta.com/isis/searching/Search/ingenta?database=1&amp;title={$formKeywords}</search_url>
    </search>
    <search>
      <search_title>کتابخانه الکترونیک</search_title>
      <search_description>پژوهشگران مستقل که به کتابخانه های تخصصی دسترسی ندارند با پرداخت ماهیانه فقط 5 دلار می توانند در این سرویس مشترک شوند . این سرویس قادر است بانک های اطلاعات بیش از 20000 نهاد و سایت مختلف و 175 کتابخانه معتبر جهانی مانند کتابخانه کمبریج را به دنبال موضوعی خاص جستجو کند . همچنین امکان </search_description>
      <url>http://www.ebrary.com/corp/content.htm</url>
      <search_url>http://shop.ebrary.com/Top?layout=search&amp;f00=text&amp;p01=&amp;f01=subject&amp;d=journal&amp;l=en&amp;sch=%A0%A0%A0%A0%A0Search%A0%A0%A0%A0%A0&amp;frm=adv.x&amp;p00={$formKeywords}</search_url>
    </search>
    <search>
      <search_title>کوستیا</search_title>
      <search_description>با کوستیا شما به بیش از 47000 کتاب و 375000 مجله و روزنامه دسترسی پیدا می کنید . تمام مطالب آن کامل هستند و هر صفحه دارای قابلیت جستجو است . هزینه اشتراک این سرویس از 19.05 دلار در ماه تا 119.95 دلار در سال متغیر است .</search_description>
      <url>http://www.questia.com/</url>
      <search_url>http://www.questia.com/SM.qst?act=search&amp;keywordsSearchType=1000&amp;mediaType=book&amp;mediaType=journal&amp;mediaType=magazine&amp;mediaType=newspaper&amp;mediaType=encyclopedia&amp;mediaType=startpage&amp;keywords={$formKeywords}</search_url>
    </search>
    <search>
      <search_title>این سرویس امکان دسترسی سریع و کامل به طیف وسیعی از مجلات و منابع علمی را بدون نیاز به اشتراک فراهم می آورد . همچنین با آن می توان یک مجله یا یک مقاله را به طور مستقیم با استفاده از کارت اعتباری خریداری کرد . بلافاصله پس از پرداخت پول مطلب مورد نظر در اختیار شماست و تا 24 ساعت ادامه دارد . </search_title>
      <search_description>Wiley InterScience Pay-per-view affords instant, full-text access to an extensive collection of journal articles or book chapters available on Wiley InterScience without the need for a subscription. This service allows anyone to purchase access to individual journal articles or book chapters directly by using a credit card. Access is instant and available for 24 hours.</search_description>
      <url>http://www3.interscience.wiley.com/aboutus/ppv-articleselect.html</url>
      <search_url>http://www3.interscience.wiley.com/search/allsearch</search_url>
      <search_post>allContentSearchForm=&amp;mode=quicksearch&amp;WISindexid1=WISall&amp;WISsearch1={$formKeywords}</search_post>
    </search>
  </context>
  <context>
    <context_title>گزارش های رسانه ای</context_title>
    <context_abbrev>گزارش های رسانه ای</context_abbrev>
    <context_description>با دادن یک موضوع یا کلمه کلیدی به آن مطالب مربوطه را از آرشیو روزنامه های مطرح بین المللی برای شما جستجو می کند .</context_description>
    <search>
      <search_title>Google News</search_title>
      <search_description>گزارش های خبری را با استفاده از موتور جستجوی گوگل در اینجا می توانید جستجو کنید .</search_description>
      <url>http://news.google.com/</url>
      <search_url>http://news.google.com/news?hl=en&amp;q={$formKeywords}</search_url>
    </search>
    <search>
      <search_title>روزنامه گلوب اند میل</search_title>
      <search_description>روزنامه گلوب اند میل چاپ کانادا(فقط شماره های هفت روز اخیر)</search_description>
      <url>http://www.globeandmail.com/</url>
      <search_url>http://www.globeandmail.com/servlet/HTMLTemplate/search?tf=tgam/search/tgam/SearchResults.html&amp;cf=tgam/search/tgam/SearchResults.cfg&amp;current_row=1&amp;start_row=1&amp;num_rows=10&amp;keywords={$formKeywords}</search_url>
    </search>
    <search>
      <search_title>People's Daily</search_title>
      <search_description>روزنامه پیپیلز دیلی چاپ چین (نسخه های ژانویه 1999 تاکنون)</search_description>
      <url>http://english.peopledaily.com.cn/</url>
      <search_url>http://search.people.com.cn/was40/people/GB/english_index.jsp?type=1&amp;channel=&amp;Content=&amp;searchword={$formKeywords}</search_url>
    </search>
    <search>
      <search_title>Mail &amp; Guardian Newspaper</search_title>
      <search_description>روزنامه میل اند گاردین چاپ آفریقای جنوبی (نسخه های 1994 تا کنون)</search_description>
      <url>http://www.mg.co.za/</url>
      <search_url>http://www.mg.co.za/mg_search_results.aspx?PrintEdition=PrintEdition&amp;DailyNews=DailyNews&amp;SearchSection=&amp;StartDay=&amp;StartMonth=&amp;StartYear=&amp;EndDay=&amp;EndMonth=&amp;EndYear=&amp;keywords={$formKeywords}</search_url>
    </search>
    <search>
      <search_title>National Public Radio</search_title>
      <search_description>رادیوی ملی واقع در آمریکا(دسترسی نامحدود)</search_description>
      <url>http://www.npr.org/archives/</url>
      <search_url>http://www.npr.org/search.php?text={$formKeywords}</search_url>
    </search>
    <search>
      <search_title>New York Times</search_title>
      <search_description>روزنامه نیویورک تایمز چاپ نیویورک (فقط شماره های هفت روز اخیر)</search_description>
      <url>http://www.nytimes.com/</url>
      <search_url>http://query.nytimes.com/search/query?date=past30days&amp;submit.x=11&amp;submit.y=12&amp;query={$formKeywords}</search_url>
    </search>
    <search>
      <search_title>The Japan Times Online</search_title>
      <search_description>روزنامه ژاپن تایمز آنلاین چاپ ژاپن(شماره های ژانویه 1999 تا کنون)</search_description>
      <url>http://www.japantimes.co.jp/</url>
      <search_url>http://www.google.co.jp/custom?domains=japantimes.co.jp&amp;client=pub-4223870936880387&amp;forid=1&amp;ie=Shift_JIS&amp;oe=Shift_JIS&amp;term1=&amp;cof=GALT%3A%23008000%3BGL%3A1%3BDIV%3A%23336699%3BVLC%3A663399%3BAH%3Acenter%3BBGC%3AFFFFFF%3BLBGC%3AFFFFFF%3BALC%3A0000FF%3BLC%3A0000FF%3BT%3A000000%3BGFNT%3A0000FF%3BGIMP%3A0000FF%3BLH%3A60%3BLW%3A200%3BL%3Ahttp%3A%2F%2Fwww.japantimes.co.jp%2Fimages%2Fheader_title.gif%3BS%3Ahttp%3A%2F%2Fwww.japantimes.co.jp%2F%3BFORID%3A1%3B&amp;hl=ja&amp;advancesearch=&amp;q={$formKeywords}</search_url>
    </search>
    <search>
      <search_title>The Moscow Times</search_title>
      <search_description>روزنامه مسکو تایمز چاپ روسیه (شماره های 1994 تا کنون)</search_description>
      <url>http://www.moscowtimes.ru/doc/Search.html</url>
      <search_url>http://www.moscowtimes.ru/cgi-bin/search?config=&amp;exclude=&amp;method=and&amp;format=long&amp;sort=score&amp;matchesperpage=10&amp;words={$formKeywords}</search_url>
    </search>
    <search>
      <search_title>Washington Post</search_title>
      <search_description>روزنامه واشنگتن پست چاپ واشنگتن دی سی (فقط شماره های دوهفته اخیر)</search_description>
      <url>http://www.washingtonpost.com/</url>
      <search_url>http://www.washingtonpost.com/cgi-bin/search99.pl?searchsection=news&amp;searchdatabase=news&amp;x=11&amp;y=8&amp;searchtext={$formKeywords}</search_url>
    </search>
    <search>
      <search_title>Newsdirectory</search_title>
      <search_description>این یک راهنمای جامع برای ارتباط با رسانه های جهانی انگلیسی زبان آنلاین می باشد . درحال حاضر بیش از 8000 مجله و روزنامه و بیش از 1000 کانال تلویزیونی آمریکا در آن فهرست بندی شده اند .</search_description>
      <url>http://www.newsdirectory.com/</url>
      <search_url>http://www.newsdirectory.com/hbSearch.php</search_url>
      <search_post>s={$formKeywords}&amp; submit=Go</search_post>
    </search>
  </context>
  <context>
    <context_title>جستجوی اینترنتی</context_title>
    <context_abbrev>جستجوی اینترنتی</context_abbrev>
    <context_description> در اینجا با وارد کردن یک کلمه کلیدی می توانید آن را با چندین موتور جستجو همزمان جستجو کنید .</context_description>
    <search>
      <search_title>گوگل</search_title>
      <search_description>با موتور جستجوی معروف گوگل به دنبال مطالب مورد نظر خود بگردید .</search_description>
      <url>http://www.google.com/</url>
      <search_url>http://www.google.com/search?q={$formKeywords}</search_url>
    </search>
    <search>
      <search_title>سرویس دانشگاه گوگل</search_title>
      <search_description> در اینجا می توانید انواع مطالب دانشگاهی از قبیل مقالات کارشناسی شده . پایان نامه ها . کتاب ها . خلاصه مقالات و گزارشات فنی را در زمینه های مختلف مشاهده کنید . مطالب موجود در آن متعلق به چندین ناشر بزرگ است که گوگل با آنها قرارداد همکاری دایم دارد مانند انجمن ماشین های اداری آمریکا .IEEE,OCLC و ... </search_description>
      <url>http://scholar.google.com</url>
      <search_url>http://scholar.google.com/scholar?ie=UTF-8&amp;oe=UTF-8&amp;hl=en&amp;q={$formKeywords}</search_url>
    </search>
    <search>
      <search_title>کلاستی یا موتور جستجوی دسته بندی کننده</search_title>
      <search_description>این یک سیستم جستجو گر است که نتایج حاصل از جستجو های خود در یک مورد خاص را دسته بندی کرده وبه کاربر ارایه می دهد . با آن می توان حتی اطلاعات فرعی و اخبار و محصولات سایت های تجاری مانند eBAY را جستجو کرد .</search_description>
      <url>http://clusty.com/about</url>
      <search_url>http://clusty.com/search?query={$formKeywords}</search_url>
    </search>
    <search>
      <search_title>Vivisimo</search_title>
      <search_description>تکنولوژي دسته بندی کننده اطلاعات وی ویس مو که توسط محققان بنیاد کارنگی ملون ابداع شده است اطلاعات وسیعی را از آرشیو نهادهای مختلف در یک زمینه جمع آوری کرده و آنها را به صورت دسته بندی شده در اختیار کاربر قرار می دهد .</search_description>
      <url>http://vivisimo.com</url>
      <search_url>http://vivisimo.com/search?tb=homepage&amp;v%3Asources=Web&amp;query={$formKeywords}</search_url>
    </search>
  </context>
</version>
