<?xml version="1.0" encoding="UTF-8"?>
<!DOCTYPE version SYSTEM "../../lib/pkp/dtd/rtVersion.dtd">

<!--
  * Agriculture.xml
  *
  * Copyright (c) 2013-2016 Simon Fraser University Library
  * Copyright (c) 2003-2016 John Willinsky
  * Distributed under the GNU GPL v2. For full terms see the file docs/COPYING.
  *
  * Reading Tools version: Agriculture (en_US)
  *
  -->

<version id="Agriculture" locale="en_US">
	<version_title>Agriculture</version_title>
	<version_description>The Reading Tools can help readers of this study consult a wide range of related resources that can provide a context for interpreting, situating and evaluating the study.</version_description>

	<context>
		<context_title>Author's work</context_title>
		<context_abbrev>Other Works</context_abbrev>
		<context_description>Identify other works by the article's author(s) by using OAI engines.</context_description>
		<author_terms />
		<search>
			<search_title>Google Scholar</search_title>
			<search_description>Google Scholar enables specific searches of scholarly literature, including peer-reviewed papers, theses, books, pre-prints, abstracts, and technical reports. Content includes a range of publishers and aggregators with whom Google already has standing arrangements, e.g., the Association for Computing Machinery, IEEE, OCLC's Open WorldCat library locator service, etc. Result displays will show different version clusters, citation analysis, and library location (currently books only).</search_description>
			<url>http://scholar.google.com</url>
			<search_url>http://scholar.google.com/scholar?ie=UTF-8&amp;oe=UTF-8&amp;hl=eng&amp;as_sauthors={$formKeywords}</search_url>
			
		</search>
		<search>
			<search_title>OAIster (Open Archives Initiative research databases)</search_title>
			<search_description>OAIster is a project of the University of Michigan Digital Library Production Services, and provides searching a wide variety of collections from a wide variety of institutions. These institutions have made the records of their digital resources available to access, and the project team has gathered and aggregated them into the OAIster service.</search_description>
			<url>http://oaister.umdl.umich.edu/</url>
			<search_url>http://oaister.umdl.umich.edu/cgi/b/bib/bib-idx?type=boolean&amp;size=10&amp;c=oaister&amp;q1=&amp;rgn1=entire+record&amp;op2=and&amp;q2=&amp;rgn2=entire+record&amp;op3=And&amp;q3=&amp;rgn3=title&amp;op4=And&amp;rgn4=author&amp;op5=And&amp;q5=&amp;rgn5=subject&amp;op6=And&amp;rgn6=norm&amp;q6=all+types&amp;sort=author%2Fcreator&amp;submit2=search&amp;q4={$formKeywords}</search_url>
			
		</search>
		<search>
			<search_title>Rice bibliography</search_title>
			<search_description>The Rice Bibliography was begun in 1961 and is now the world's largest source of scientific information about rice. Almost 8,000 new references are added each year and these cover all subjects related to rice culture.</search_description>
			<url>http://ricelib.irri.cgiar.org:81/search/w</url>
			<search_url>http://ricelib.irri.cgiar.org:81/search/?searchtype=w&amp;searcharg={$formKeywords}</search_url>
			
		</search>
		<search>
			<search_title>Public Knowledge Project Open Archives Harvester</search_title>
			<search_description>The PKP Open Archives Harvester is a free metadata indexing system developed by the Public Knowledge Project through its federally funded efforts to expand and improve access to research. The PKP OAI Harvester allows you to create a searchable index of the metadata from Open Archives Initiative-compliant archives, such as sites using Open Journal Systems or Open Conference Systems.</search_description>
			<url>http://pkp.sfu.ca/harvester/</url>
			<search_url>http://pkp.sfu.ca/harvester/search.php?limit=author&amp;query={$formKeywords}</search_url>
			
		</search>
		<search>
			<search_title>AgEcon Search: Research in agricultural Economics</search_title>
			<search_description>AgEcon Search is designed to electronically distribute reports of scholarly research in the field of agricultural economics.</search_description>
			<url>http://agecon.lib.umn.edu/</url>
			<search_url>http://agecon.lib.umn.edu/cgi-bin/view.pl?bool=AND&amp;fields=author&amp;detail=0&amp;keywords={$formKeywords}</search_url>
			
		</search>
		<search>
			<search_title>The Digital Library of the Commons (DLC)</search_title>
			<search_description>DLC is a gateway to the international literature on the commons . This site contains a Working Paper Archive of author-submitted papers, as well as full-text conference papers, dissertations, working papers and pre-prints, and reports.</search_description>
			<url>http://dlc.dlib.indiana.edu/</url>
			<search_url>http://dlc.dlib.indiana.edu/perl/search?abstract%2Fagency%2Fauthors%2Fconfdates%2Fconference%2Fconfloc%2Fcountry%2Fdiscipline%2Feditors%2Fkeywords%2Flanguage%2Fresearch%2Fseries%2Fsubjecttext%2Fthesistype%2Ftitle%2Fyear_srchtype=ALL&amp;_action_search=Search&amp;abstract%2Fagency%2Fauthors%2Fconfdates%2Fconference%2Fconfloc%2Fcountry%2Fdiscipline%2Feditors%2Fkeywords%2Flanguage%2Fresearch%2Fseries%2Fsubjecttext%2Fthesistype%2Ftitle%2Fyear={$formKeywords}</search_url>
			
		</search>
		<search>
			<search_title>PESTIS document database</search_title>
			<search_description>The Pesticide Information Service (PESTIS) is an on-line database for the pesticide use reform and sustainable agriculture communities, made available on the EcoNet computer network. It contains over 400 news items, action alerts, newsletter articles and fact sheets.</search_description>
			<url>http://www.panna.org/resources/pestis.html</url>
			<search_url>http://www.panna.org/system/searchResults.html?p=1&amp;lang=en&amp;include=&amp;exclude=&amp;penalty=.05&amp;mode=&amp;searchScope=all&amp;q={$formKeywords}</search_url>
			
		</search>
		<search>
			<search_title>Common Names for Plant Diseases</search_title>
			<search_description>This resource is an electronic version of: Common names for plant diseases, 1994. Published: St. Paul, Minn.: APS Press, 1994. This compilation provides an updated, combined version of lists of names published in Phytopathology News and Plant Disease.</search_description>
			<url>http://www.apsnet.org/online/common/</url>
			<search_url>http://www.apsnet.org/online/common/query.asp</search_url>
			<search_post>scope=/online/common/names/&amp;FreeText=on&amp;SearchString={$formKeywords}</search_post>			
		</search>
		<search>
			<search_title>Vegetable MD online</search_title>
			<search_description>Vegetable MD Online was developed to provide access to the many Vegetable Disease Fact Sheets produced over the years by Media Services at Cornell. The addition of color photographs enhances the use of these sheets for plant disease diagnosis. The fact sheets also include information about planting methods, irrigation, weed control, insects, handling, field selection, and other issues related to vegetables and their cultivation.</search_description>
			<url>http://vegetablemdonline.ppath.cornell.edu/Vegmd.asp</url>
			<search_url>http://vegetablemdonline.ppath.cornell.edu/Vegmd.asp?target={$formKeywords}</search_url>
			
		</search>
		<search>
			<search_title>VITIS-VEA</search_title>
			<search_description>VITIS-VEA, Viticulture and Enology Abstracts is an international German or English-language publications database in the field of viticulture and enology. It covers grapevine morphology, physiology, and biochemistry, soil science, genetics and grapevine breeding, phytopathology and grapevine protection, cellar techniques, economics of viticulture and enology, and the microbiology of wine.</search_description>
			<url>http://vitis-vea.zadi.de/stichwortsuche_eng.htm</url>
			<search_url>http://vitis-vea.zadi.de/VITISVEA_ENG/SDF?STICHWORT_O=includes&amp;FORM_F1=AUT1&amp;FORM_SO=Ascend&amp;STICHWORT={$formKeywords}</search_url>
			
		</search>
		<search>
			<search_title>World Agricultural Information Centre (WAICENT)</search_title>
			<search_description>This site contains information management and dissemination on desertification, gender and sustainable development, food standards, animal genetic resources, post-harvest operations, agro-biodiversity and food systems in urban centres.</search_description>
			<url>http://www.fao.org/waicent/index_en.asp</url>
			<search_url>http://www.fao.org/waicent/search/simple_s_result.asp?publication=1&amp;webpage=2&amp;photo=3&amp;press=5&amp;CGIAR=1&amp;QueryString={$formKeywords}</search_url>
			
		</search>
		<search>
			<search_title>FAO document repository</search_title>
			<search_description>FAO Document Repository collects and disseminates on the Internet full FAO documents and publications as well as selected non-FAO publications. Three types of searches are provided and several language options are available.</search_description>
			<url>http://www.fao.org/documents/</url>
			<search_url>http://www.fao.org/documents/advanced_s_result.asp?form_c=AND&amp;RecordsPerPage=50&amp;QueryString={$formKeywords}</search_url>
			
		</search>
	</context>
	<context>
		<context_title>Look up terms</context_title>
		<context_abbrev>Look up terms</context_abbrev>
		<context_description>Double click on any word in the text and it will appear in the &quot;Definition of terms&quot; box.  You can also type or paste a word into the box.  Then use the search function to find a definition for the word.  These resources have been selected because of their relevance and their open (free) access to all or part of their contents.</context_description>
		<define_terms />
		<search>
			<search_title>Google</search_title>
			<search_description>Search for definitions using the popular Google search engine.</search_description>
			<url>http://www.google.com/</url>
			<search_url>http://www.google.com/search?hl=en&amp;q=define%3A{$formKeywords}</search_url>
			
		</search>
		<search>
			<search_title>FAO Glossary of Biotechnology for Food and Agriculture</search_title>
			<search_description>This site provides a tabbed list of words and their definitions, but no search function.  Online searches are free.  There is a bound book version of the dictionary available for sale.</search_description>
			<url>http://www.fao.org/biotech/index_glossary.asp</url>
			<search_url>http://www.fao.org/biotech/find-form-n.asp</search_url>
			<search_post>terms={$formKeywords}</search_post>			
		</search>
		<search>
			<search_title>NAL Agricultural Thesaurus</search_title>
			<search_description>NAL Agricultural Thesaurus was created to meet the needs of the United States Department of Agriculture (USDA), Agricultural Research Service (ARS), for an agricultural thesaurus. NAL Agricultural Thesaurus is for anyone describing, organizing and classifying agricultural resources such as: books, articles, catalogs, databases, patents, games, educational materials, pictures, slides, film, videotapes, software, other electronic media, or websites. It is organized into 17 subject categories.</search_description>
			<url>http://agclass.nal.usda.gov/agt/agt.htm</url>
			<search_url>http://agclass.nal.usda.gov/agt/mtw.exe?k=default&amp;p=A&amp;l=60&amp;s=2&amp;t=1&amp;n=100&amp;w={$formKeywords}</search_url>
			
		</search>
		<search>
			<search_title>Merriam-Webster Online</search_title>
			<search_description>A dictionary based on the Webster 10th Collegiate edition, 1993, with updates added annually. More than 160,000 entries. Each word is accompanied by definition, pronunciation, usage, grammatical function, and a brief etymology. Includes a thesaurus. Misspellings return suggested spellings. The dictionary's search system supports internal wildcards and right hand truncation searching. Includes an extensive pronunciation guide and sound files for the pronunciation of many terms.</search_description>
			<url>http://www.merriam-webster.com/</url>
			<search_url>http://www.merriam-webster.com/cgi-bin/dictionary?book=Dictionary&amp;va={$formKeywords}</search_url>
			
		</search>
		<search>
			<search_title>OneLook Dictionaries</search_title>
			<search_description>OneLook is a meta-dictionary. Enter an English language 
word or acronym, and OneLook will search its index of 5,292,362 words in 934 
dictionaries indexed in general and special interest dictionaries for the 
definition.</search_description>
			<url>http://www.onelook.com/index.html</url>
			<search_url>http://www.onelook.com/?ls=a&amp;w={$formKeywords}</search_url>
			
		</search>
		<search>
			<search_title>Wikipedia: The Free Encyclopedia</search_title>
			<search_description>&quot;Wikipedia is a free content encyclopedia that is being written collaboratively by contributors from all around the world. The site is a WikiWiki, meaning that anyone ... can edit any article. ...&quot; Without editorial oversight, the quality of the content on this site varies dramatically, but it is worth exploring. The English version has hundreds of thousands of entries. Spanish, French, and Esperanto are among the several other languages offered.</search_description>
			<url>http://en.wikipedia.org/wiki/Main_Page</url>
			<search_url>http://en.wikipedia.org/wiki/Special:Search?go=Go&amp;fulltext=Search&amp;search={$formKeywords}</search_url>
			
		</search>
		<search>
			<search_title>Infoplease.com</search_title>
			<search_description>This site includes contents of the Information Please Almanacs, a biography database, a dictionary, an atlas, and articles from the Columbia Encyclopedia. You can search these ready reference works together or separately or browse the Almanacs. There are feature stories each week covering topics in the news, with links to pertinent Almanac content and other Web resources.</search_description>
			<url>http://www.infoplease.com</url>
			<search_url>http://www.infoplease.com/search?fr=iptn&amp;in=all&amp;x=0&amp;y=0&amp;query={$formKeywords}</search_url>
			
		</search>
	</context>
	<context>
		<context_title>Related studies</context_title>
		<context_abbrev>Related studies</context_abbrev>
		<context_description>Access to related studies by establishing a working link with an open-access (free) database, with abstracts and/or full texts related to your topic.</context_description>

		<search>
			<search_title>AgEcon Search: Research in agricultural Economics</search_title>
			<search_description>AgEcon Search is designed to electronically distribute reports of scholarly research in the field of agricultural economics.</search_description>
			<url>http://agecon.lib.umn.edu/</url>
			<search_url>http://agecon.lib.umn.edu/cgi-bin/view.pl?bool=AND&amp;fields=key&amp;detail=0&amp;keywords={$formKeywords}</search_url>
			
		</search>
		<search>
			<search_title>CropSEARCH</search_title>
			<search_description>Index to plant lists of hundreds of crop species.</search_description>
			<url>http://www.hort.purdue.edu/newcrop/SearchEngine.html</url>
			<search_url>http://index.cc.purdue.edu:8765/query.html?col=pumerge&amp;charset=iso-8859-1&amp;ht=0&amp;qp=%2Bsite%3Ahort.purdue.edu&amp;qs=&amp;qc=&amp;pw=100%25&amp;ws=0&amp;la=en&amp;qm=0&amp;st=1&amp;nh=10&amp;lk=1&amp;rf=0&amp;rq=0&amp;si=0&amp;puhead=header.html&amp;pufoot=footer.html&amp;qt={$formKeywords}</search_url>
			
		</search>
		<search>
			<search_title>The Digital Library of the Commons (DLC)</search_title>
			<search_description>DLC is a gateway to the international literature on the commons . This site contains a Working Paper Archive of author-submitted papers, as well as full-text conference papers, dissertations, working papers and pre-prints, and reports.</search_description>
			<url>http://dlc.dlib.indiana.edu/</url>
			<search_url>http://dlc.dlib.indiana.edu/perl/search?abstract%2Fagency%2Fauthors%2Fconfdates%2Fconference%2Fconfloc%2Fcountry%2Fdiscipline%2Feditors%2Fkeywords%2Flanguage%2Fresearch%2Fseries%2Fsubjecttext%2Fthesistype%2Ftitle%2Fyear_srchtype=ALL&amp;_action_search=Search&amp;abstract%2Fagency%2Fauthors%2Fconfdates%2Fconference%2Fconfloc%2Fcountry%2Fdiscipline%2Feditors%2Fkeywords%2Flanguage%2Fresearch%2Fseries%2Fsubjecttext%2Fthesistype%2Ftitle%2Fyear={$formKeywords}</search_url>
			
		</search>
		<search>
			<search_title>FAS online</search_title>
			<search_description>The Foreign Agricultural Service (FAS) of the U.S. Department of Agriculture (USDA) produces hundreds of documents each year that chart and analyze production, consumption, trade flows, and market opportunities for about 100 agricultural products. Includes market-and commodity-specific reports, data and statistics, news, trade leads, information on export and import programs, and more.</search_description>
			<url>http://www.fas.usda.gov/fassearch.asp</url>
			<search_url>http://www.fas.usda.gov/FASSearch_results_H.asp?SearchString={$formKeywords}</search_url>
			
		</search>
		<search>
			<search_title>PESTIS document database</search_title>
			<search_description>The Pesticide Information Service (PESTIS) is an on-line database for the pesticide use reform and sustainable agriculture communities, made available on the EcoNet computer network. It contains over 400 news items, action alerts, newsletter articles and fact sheets.</search_description>
			<url>http://www.panna.org/resources/pestis.html</url>
			<search_url>http://www.panna.org/system/searchResults.html?p=1&amp;lang=en&amp;include=&amp;exclude=&amp;penalty=.05&amp;mode=&amp;searchScope=all&amp;q={$formKeywords}</search_url>
			
		</search>
		<search>
			<search_title>PlantFacts</search_title>
			<search_description>PlantFacts includes guides for answering plant-related questions from 46 different universities and government institutions across the United States and Canada. Over 20,000 pages of Extension fact sheets and bulletins provide a concentrated source of plant-related information. PlantFacts has merged several digital collections developed at Ohio State University to become an international knowledge bank and multimedia learning center.</search_description>
			<url>http://plantfacts.osu.edu/</url>
			<search_url>http://plantfacts.osu.edu/action.lasso?-Layout=input&amp;-Search=-nothing&amp;-Response=results_list2.lasso&amp;-AnyError=error.lasso&amp;searchitem={$formKeywords}</search_url>
			
		</search>
		<search>
			<search_title>National PLANTS database</search_title>
			<search_description>Focuses on the vascular and nonvascular plants of the United States and its territories. The PLANTS database includes checklists, distributional data, crop information, plants symbols, plant growth data, references and other plant information.</search_description>
			<url>http://plants.usda.gov/</url>
			<search_url>http://www.nrcs.usda.gov/search.asp?site=NPDC&amp;ct=ALL&amp;qu={$formKeywords}</search_url>
			
		</search>
		<search>
			<search_title>Common Names for Plant Diseases</search_title>
			<search_description>This resource is an electronic version of: Common names for plant diseases, 1994. Published: St. Paul, Minn.: APS Press, 1994. This compilation provides an updated, combined version of lists of names published in Phytopathology News and Plant Disease.</search_description>
			<url>http://www.apsnet.org/online/common/</url>
			<search_url>http://www.apsnet.org/online/common/query.asp</search_url>
			<search_post>scope=/online/common/names/&amp;FreeText=on&amp;SearchString={$formKeywords}</search_post>			
		</search>
		<search>
			<search_title>Rice bibliography</search_title>
			<search_description>The Rice Bibliography was begun in 1961 and is now the world's largest source of scientific information about rice. Almost 8,000 new references are added each year and these cover all subjects related to rice culture.</search_description>
			<url>http://ricelib.irri.cgiar.org:81/search/w</url>
			<search_url>http://ricelib.irri.cgiar.org:81/search/w?SEARCH={$formKeywords}</search_url>
			
		</search>
		<search>
			<search_title>Vegetable MD online</search_title>
			<search_description>Vegetable MD Online was developed to provide access to the many Vegetable Disease Fact Sheets produced over the years by Media Services at Cornell. The addition of color photographs enhances the use of these sheets for plant disease diagnosis. The fact sheets also include information about planting methods, irrigation, weed control, insects, handling, field selection, and other issues related to vegetables and their cultivation.</search_description>
			<url>http://vegetablemdonline.ppath.cornell.edu/Vegmd.asp</url>
			<search_url>http://vegetablemdonline.ppath.cornell.edu/Vegmd.asp?target={$formKeywords}</search_url>
			
		</search>
		<search>
			<search_title>VITIS-VEA</search_title>
			<search_description>VITIS-VEA, Viticulture and Enology Abstracts is an international German or English-language publications database in the field of viticulture and enology. It covers grapevine morphology, physiology, and biochemistry, soil science, genetics and grapevine breeding, phytopathology and grapevine protection, cellar techniques, economics of viticulture and enology, and the microbiology of wine.</search_description>
			<url>http://vitis-vea.zadi.de/stichwortsuche_eng.htm</url>
			<search_url>http://vitis-vea.zadi.de/VITISVEA_ENG/SDF?STICHWORT_O=includes&amp;FORM_F1=AUT1&amp;FORM_SO=Ascend&amp;STICHWORT={$formKeywords}</search_url>
			
		</search>
	</context>
	<context>
		<context_title>Government policy</context_title>
		<context_abbrev>Gov Policy</context_abbrev>
		<context_description>Check various government resources.</context_description>

		<search>
			<search_title>Access to Australian Government Information and Services</search_title>
			<search_description>The Australian Government Entry Point offers comprehensive and integrated access to Australian Government information and services.  You will find a concentrated body of Australian Government information through this site. &lt;a href=&quot;http://www.australia.gov.au&quot;&gt;www.australia.gov.au&lt;/a&gt; currently signposts over 700 Australian Government web sites, indexes more than 5,000,000 pages and uses both metadata and full text indexing to ensure it is a comprehensive government portal.</search_description>
			<url>http://www.fed.gov.au</url>
			<search_url>http://govsearch.australia.gov.au/search/search.cgi?collection=gov&amp;form=au&amp;query=&amp;query_phrase=&amp;query_or=&amp;query_not=&amp;meta_f_sand=&amp;scope=&amp;fscope=512&amp;num_ranks=20&amp;chksummary=chksummary&amp;query_and={$formKeywords}</search_url>
			
		</search>
		<search>
			<search_title>The Government of Canada</search_title>
			<search_description>You can search across all government departments federal departments and agencies as well as provincial, territorial and municipal governments. There is a Departments and Agencies link, and the A to Z Index offers a keyword search to programmes and services. 

A recent development on Departmental sites is the inclusion of a &quot;Proactive Disclosure&quot; page, which outlines travel and hospitality expenses, disclosure of contracts, grants and awards. 

The About Canada page includes links to Departments and Agencies, Structure of the Canadian Government, Commissions of Inquiry and more. 

In addition to Department web sites, the government has been creating Portals which bring together information from across federal and provincial sources, and non-governmental organizations as well.</search_description>
			<url>http://www.canada.gc.ca/main_e.html</url>
			<search_url>http://search-recherche.gc.ca/cgi-bin/query?mss=canada%2Fen%2Fsimple&amp;pg=q&amp;enc=iso88591&amp;site=main&amp;bridge=&amp;stt=&amp;lowercaseq=&amp;what=web&amp;user=searchintranet&amp;browser=N6E&amp;kl=XX&amp;op=a&amp;q={$formKeywords}</search_url>
			
		</search>
		<search>
			<search_title>Directgov</search_title>
			<search_description>Directgov is a government service giving people access to the latest and widest range of public service information in one place on the Web and on Digital TV. Directgov uses the specifications formulated and consulted on through UK GovTalk.</search_description>
			<url>http://www.direct.gov.uk</url>
			<search_url>http://www.direct.gov.uk/AdvancedSearch/SearchResults/fs/en?NP=1&amp;PO1=C&amp;PI1=W&amp;PF1=A&amp;PG=1&amp;RP=20&amp;SC=__dgov_site&amp;Z=1&amp;PT1={$formKeywords}</search_url>
			
		</search>
		<search>
			<search_title>Info4local.gov.uk</search_title>
			<search_description>Information for local government from central government.  This site gives local authorities a quick and easy way to find relevant information on the web sites of central government departments, agencies and public bodies. It includes extensive information on implementing electronic government.</search_description>
			<url>http://www.info4local.gov.uk</url>
			<search_url>http://www.info4local.gov.uk/?view=Search+results&amp;subjects=all&amp;departmentsIds=0&amp;informationTypesIds=all&amp;query={$formKeywords}</search_url>
			
		</search>
		<search>
			<search_title>The New Zealand government portal</search_title>
			<search_description>The New Zealand government portal is a website providing search capability for, and links into the online and offline information and services of most government agencies.  This site is managed and maintained by the State Services Commission, a New Zealand government department.</search_description>
			<url>http://www.govt.nz</url>
			<search_url>http://www.govt.nz/search?type=spider&amp;t=spider&amp;q={$formKeywords}</search_url>
			
		</search>
		<search>
			<search_title>Europa</search_title>
			<search_description>Current information on the member countries of the European Union, including statistical data, policies, news, official documents, legal texts, and other publications.</search_description>
			<url>http://europa.eu.int/index_en.htm</url>
			<search_url>http://europa.eu.int/geninfo/query/resultaction.jsp?page=1</search_url>
			<search_post>Collection=EuropaFull&amp;ResultTemplate=/result_en.jsp&amp;ResultCount=25&amp;qtype=simple&amp;ResultMaxDocs=200&amp;DefaultLG=en&amp;QueryText={$formKeywords}</search_post>			
		</search>
		<search>
			<search_title>The Global Legal Information Network (GLIN)</search_title>
			<search_description>The Global Legal Information Network (GLIN) is a database of laws, regulations, judicial decisions, and other complementary legal sources contributed by governmental agencies and international organizations. These GLIN members contribute the official full texts of published documents to the database in their original language. Each document is accompanied by a summary in English and subject terms selected from the multilingual index to GLIN.</search_description>
			<url>http://www.glin.gov</url>
			<search_url>http://www.glin.gov/search.do?refineQuery=&amp;offset=0&amp;refineQueryType=&amp;fromSearch=true&amp;queryType=ALL&amp;searchBtn=Search&amp;includeAllFields=on&amp;searchAll=on&amp;sumLanguage=any&amp;pubLanguage=any&amp;pubJurisdiction=any&amp;publicationJurisdictionExclude=false&amp;searchPublicationDate=true&amp;dateFromDay=01&amp;dateFromMonth=01&amp;dateFromYear=&amp;dateToDay=01&amp;dateToMonth=01&amp;dateToYear=&amp;subjTerm=&amp;subjTermConjunction%5B0%5D=AND&amp;subjTerm=&amp;subjTermConjunction%5B1%5D=AND&amp;subjTerm=&amp;subjTermConjunction%5B2%5D=AND&amp;subjTerm=&amp;subjTermConjunction%5B3%5D=AND&amp;subjTerm=&amp;searchOrder=default&amp;hitsPerPage=10&amp;showSummary=on&amp;queryString={$formKeywords}</search_url>
			
		</search>
	</context>
	<context>
		<context_title>Book searches</context_title>
		<context_abbrev>Book searches</context_abbrev>
		<context_description>Book-related Resources</context_description>

		<search>
			<search_title>Google Print</search_title>
			<search_description>Google is working with libraries at the University of Michigan, Harvard University, Stanford University, Oxford University and the New York Public Library to digitize books in their collections and make them accessible via Google Print, a massive scanning project that will bring millions of volumes of printed books into the Google Print database.  Click a book title and you'll see the page of the book that has your search terms, your can search for more information within that specific book, find reviews, find related information, learn about the publisher, buy this book, and find nearby libraries that have it.</search_description>
			<url>http://print.google.com</url>
			<search_url>http://print.google.com/print?q={$formKeywords}</search_url>
			
		</search>
		<search>
			<search_title>Online books Page</search_title>
			<search_description>Online books Page, edited by John Mark Ockerbloom, at the University of Pennsylvania.  This is an excellent starting point in the search for full-text books on the Internet. Over 20,000 English works in various formats available online at different sites. Entries may be searched by author or title. An interesting feature allows browsing by Library of Congress call number categories. New listings are added regularly and are listed on a separate web page at &lt;a href=&quot;http://onlinebooks.library.upenn.edu/new.html&quot;&gt;http://onlinebooks.library.upenn.edu/new.html&lt;/a&gt;.</search_description>
			<url>http://digital.library.upenn.edu/books/</url>
			<search_url>http://onlinebooks.library.upenn.edu/webbin/book/search?tmode=words&amp;title={$formKeywords}</search_url>
			
		</search>
		<search>
			<search_title>Books-On-Line</search_title>
			<search_description>A collection of over 32935 titles, although some are only excerpts. Browse by subject or search by author or title. Not all items are free.</search_description>
			<url>http://www.books-on-line.com/</url>
			<search_url>http://www.books-on-line.com/bol/KeyWordSearch.cfm?RowCount=50&amp;Searchquery={$formKeywords}</search_url>
			
		</search>
		<search>
			<search_title>Universal Library</search_title>
			<search_description>The Universal Library is considerably more involved, and more ambitious -- it has amassed a collection of 100,000 e-books (some of them from Project Gutenberg), and is aiming for 1 million e-books by the end of 2006.</search_description>
			<url>http://tera-3.ul.cs.cmu.edu/</url>
			<search_url>http://tera-3.ul.cs.cmu.edu/cgi-bin/DBscripts/advsearch_db.cgi?perPage=25&amp;listStart=0&amp;author1=&amp;subject1=Any&amp;year1=&amp;year2=&amp;language1=Any&amp;scentre=Any&amp;search=Search&amp;title1={$formKeywords}</search_url>
			
		</search>
		<search>
			<search_title>E-STREAMS</search_title>
			<search_description>E-STREAMS: Electronic reviews of Science &amp; Technology References covering Engineering, Agriculture, Medicine and Science. Each issue contains 30+ STM reviews, covering new titles in Engineering, Agriculture, Medicine and Science. Each review is signed, and includes the email address of the reviewer. The reviews feature short TOCs, a list of contributors and bibliographic information.</search_description>
			<url>http://www.e-streams.com/</url>
			<search_url>http://www.e-streams.com/c3/cgi-bin/search.pl</search_url>
			<search_post>boolean=AND&amp;case=Insensitive&amp;terms={$formKeywords}</search_post>			
		</search>
	</context>
	<context>
		<context_title>Relevant portals</context_title>
		<context_abbrev>Relevant portals</context_abbrev>
		<context_description>Offer an entry point to other websites.</context_description>

		<search>
			<search_title>AgNIC</search_title>
			<search_description>AgNIC is a guide to quality agricultural information on the Internet as selected by the National Agricultural Library, Land-Grant Universities, and other institutions.</search_description>
			<url>http://www.agnic.org/</url>
			<search_url>http://www.agnic.org/advsearch/?submitted=1&amp;searchtype=AgResource&amp;keywords={$formKeywords}</search_url>
			
		</search>
		<search>
			<search_title>AGRICOLA articles (NAL Web: 1982- )</search_title>
			<search_description>AGRICOLA covers the areas of agriculture, agricultural administration, agricultural laws and legislation, agricultural regulations, agricultural economics, agricultural education and training, agricultural extension and advisory work, agricultural engineering, agricultural products, animal science, entomology, aquatic science, fisheries, feed science, food science, food products, forestry, geography, meteorology, climatology, history, home economics, human ecology, household textiles and clothing, human nutrition, natural resources, pesticides, plant science, pollution, soil science, rural sociology, rural development, and human parasitology. It indexes journal articles and other publications as well as audiovisual materials, maps, books, software, conference proceedings, theses, research reports and government documents.</search_description>
			<url>http://agricola.nal.usda.gov/</url>
			<search_url>http://agricola.nal.usda.gov/cgi-bin/Pwebrecon.cgi?BOOL1=all+of+these&amp;FLD1=Keyword+Anywhere+%28GKEY%29&amp;GRP1=AND+with+next+set&amp;SAB2=&amp;BOOL2=any+of+these&amp;FLD2=Subject+%28SKEY%29&amp;GRP2=AND+with+next+set&amp;SAB3=&amp;BOOL3=as+a+phrase&amp;FLD3=Title+%28TKEY%29&amp;GRP3=AND+with+next+set&amp;SAB4=&amp;BOOL4=as+a+phrase&amp;FLD4=Author+Name+%28NKEY%29&amp;PID=4294&amp;SEQ=20060511212523&amp;CNT=25&amp;HIST=1&amp;SAB1={$formKeywords}</search_url>
			
		</search>
		<search>
			<search_title>AgriSurf! - The Farmers Search Engine</search_title>
			<search_description>From family farms to agribusiness, almost 20,000 sites &quot;hand picked by agricultural experts&quot; are arranged in categories, indexed, rated for speed and reliability of access, labeled with the flag of their country of origin, and may be searched using keywords. Annotations are taken from the sites' self-descriptions.</search_description>
			<url>http://www.agrisurf.com/agrisurfscripts/agrisurf.asp?index=_25</url>
			<search_url>http://www.agrisurf.com/?cx=009099332680230023402%3Asp1yugldxek&amp;cof=FORID%3A10&amp;q={$formKeywords}</search_url>
			
		</search>
		<search>
			<search_title>Farms.com</search_title>
			<search_description>Established in 1995, Farms.com has been instrumental in the development of the Agricultural Internet. Now recognized throughout North America as the leading Agriculture Internet resource, Farms.com has successfully combined agri-business experience with the vast power of the Internet to provide producers with the information, services, and markets they need to make sound business decisions and increase profitability.</search_description>
			<url>http://canada.eharvest.com/</url>
			<search_url>http://www.agrisurf.com/agrisurfscripts/inc/farms/search.asp?index=_25&amp;rbtn=ALL&amp;ft=on&amp;SearchString={$formKeywords}</search_url>
			
		</search>
		<search>
			<search_title>Scirus</search_title>
			<search_description>Scirus is the most comprehensive science-specific search engine on the Internet. Driven by the latest search engine technology, Scirus searches over 150 million science-specific Web pages.</search_description>
			<url>http://www.scirus.com/srsapp/</url>
			<search_url>http://www.scirus.com/search_simple/?frm=simple&amp;dsmem=on&amp;dsweb=on&amp;wordtype_1=phrase&amp;query_1={$formKeywords}</search_url>
			
		</search>
		<search>
			<search_title>World Agricultural Information Centre (WAICENT)</search_title>
			<search_description>This site contains information management and dissemination on desertification, gender and sustainable development, food standards, animal genetic resources, post-harvest operations, agro-biodiversity and food systems in urban centres.</search_description>
			<url>http://www.fao.org/waicent/index_en.asp</url>
			<search_url>http://www.fao.org/waicent/search/simple_s_result.asp?publication=1&amp;webpage=2&amp;photo=3&amp;press=5&amp;CGIAR=1&amp;QueryString={$formKeywords}</search_url>
			
		</search>
		<search>
			<search_title>Intute: Science, Engineering &amp; Technology</search_title>
			<search_description>Intute: Science, Engineering and Technology is a free online service providing you with access to the very best Web resources for education and research, evaluated and selected by a network of subject specialists. It covers the physical sciences, engineering, computing, geography, mathematics and environmental science. The database currently contains 33349 records.</search_description>
			<url>http://www.intute.ac.uk/sciences/</url>
			<search_url>http://www.intute.ac.uk/sciences/cgi-bin/search.pl?submit.x=0&amp;submit.y=0&amp;submit=Go&amp;limit=0&amp;subject=sciences&amp;term1={$formKeywords}</search_url>
			
		</search>
		<search>
			<search_title>Agriculture 21</search_title>
			<search_description>Contains news and features on agricultural and food-supply issues worldwide, as well as downloadable publications, links to databases, subject guides, and access to divisions of the FAO Agriculture Department. Includes search engine.</search_description>
			<url>http://www.fao.org/ag/</url>
			<search_url>http://www.fao.org/ag/search/agfind.asp?Find=Find&amp;SortBy=rank[d]&amp;Scope=/ag&amp;CiuserParam3=agfind.asp&amp;lang=en&amp;FMMod=any&amp;FSRest=&lt;&amp;FSRestval=any&amp;Action=Execute&amp;SearchString={$formKeywords}</search_url>
			
		</search>
	</context>
	<context>
		<context_title>Databases</context_title>
		<context_abbrev>Databases</context_abbrev>
		<context_description>Provide access to open-access abstract and/or full-text databases.</context_description>

		<search>
			<search_title>FAO document repository</search_title>
			<search_description>FAO Document Repository collects and disseminates on the Internet full FAO documents and publications as well as selected non-FAO publications. Three types of searches are provided and several language options are available.</search_description>
			<url>http://www.fao.org/documents/</url>
			<search_url>http://www.fao.org/documents/advanced_s_result.asp?form_c=AND&amp;RecordsPerPage=50&amp;QueryString={$formKeywords}</search_url>
			
		</search>
		<search>
			<search_title>National Ag Safety Databases (NASD)</search_title>
			<search_description>The National Ag Safety Databases (NASD) is a database of materials devoted to increased safety, health and injury prevention in agriculture, listed by topic and state. Video resources are indexed, there are special listings for conference proceedings, posters and other materials.</search_description>
			<url>http://www.cdc.gov/search.htm</url>
			<search_url>http://www.cdc.gov/search.do?action=search&amp;x=0&amp;y=0&amp;queryText={$formKeywords}</search_url>
			
		</search>
		<search>
			<search_title>E-Answers</search_title>
			<search_description>A collection of over 250,000 pages of full text electronic documents from the Extension Services and Agricultural Experiment Stations of over fifteen states of the United States, searchable by keyword and by region of the country. A single-stop access to a large number of useful and reputable publications on topics in agriculture, family topics, consumer issues, environment, economics, and public policy.</search_description>
			<url>http://e-answers.adec.edu/</url>
			<search_url>http://e-answers.adec.edu/cgi-bin/htsearch?config=ea-all&amp;words={$formKeywords}</search_url>
			
		</search>
		<search>
			<search_title>National Plants Databases</search_title>
			<search_description>From the U.S. Department of Agriculture Natural Resources Conservation Service, &quot;The PLANTS Databases is a single source of standardized information about plants. . . focuse[d] on vascular plants, mosses, liverworts, hornworts, and lichens of the U.S. and its territories. The PLANTS Databases includes names, checklists, automated tools, identification information, species abstracts, distributional data, crop information, plant symbols, plant growth data, plant materials information, plant links, references, and other plant information.&quot; An FAQ section linked to the banner provides additional information.</search_description>
			<url>http://plants.usda.gov/</url>
			<search_url>http://www.nrcs.usda.gov/search.asp?site=NPDC&amp;ct=ALL&amp;qu={$formKeywords}</search_url>
			
		</search>
	</context>
	<context>
		<context_title>Online forums</context_title>
		<context_abbrev>Online forums</context_abbrev>
		<context_description>Choose online, open-access online forums that would enrich the context of the research studies on your site.</context_description>

		<search>
			<search_title>Agricultural Conferences, Meetings, Seminars Calendar</search_title>
			<search_description>This calendar strives to include all major national and international agricultural meetings and others of apparent scientific importance. We will incorporate local level meetings only when they seem to be scientifically significant. Meetings outside our purview will be left to appropriate local, regional, or organization-specific calendars. We do plan to create links to such calendars when they are available. Provides a central repository for information and links to information concerning upcoming agricultural conferences, with emphasis on those of scientific significance.</search_description>
			<url>http://www.agnic.org/mtg/</url>
			<search_url>http://www.agnic.org/events/index.html?submitted=1&amp;searchtype=keyword&amp;keywords={$formKeywords}</search_url>
			
		</search>
		<search>
			<search_title>MInd: the Meetings Index</search_title>
			<search_description>Use this service to identify and locate the organizers and sponsors for future conferences, congresses, meetings and symposia, as well as conference proceedings (for future and past conferences).</search_description>
			<url>http://www.interdok.com/</url>
			<search_url>http://www.google.com/search?q=site%3Ainterdok.com+mind+{$formKeywords}</search_url>
			
		</search>
		<search>
			<search_title>Google Scholar</search_title>
			<search_description>Google Scholar enables specific searches of scholarly literature, including peer-reviewed papers, theses, books, pre-prints, abstracts, and technical reports. Content includes a range of publishers and aggregators with whom Google already has standing arrangements, e.g., the Association for Computing Machinery, IEEE, OCLC's Open WorldCat library locator service, etc. Result displays will show different version clusters, citation analysis, and library location (currently books only).</search_description>
			<url>http://scholar.google.com</url>
			<search_url>http://scholar.google.com/scholar?ie=UTF-8&amp;oe=UTF-8&amp;hl=en&amp;q={$formKeywords}</search_url>
			
		</search>
	</context>
	<context>
		<context_title>Data sets</context_title>
		<context_abbrev>Data sets</context_abbrev>
		<context_description>Provides access to agricultural statistics.</context_description>

		<search>
			<search_title>Breeds of Livestock</search_title>
			<search_description>Web site allows users to search for information on livestock by world region or by species name. Data is available on cattle, horses, swine, goats, and sheep and organized as encyclopedia entries.</search_description>
			<url>http://www.ansi.okstate.edu/breeds/</url>
			<search_url>http://www.google.com/search?q=site%3Aansi.okstate.edu+breeds+</search_url>
			
		</search>
		<search>
			<search_title>USDA Economics and Statistics System</search_title>
			<search_description>USDA Economics and Statistics System contains more than 400 reports and datasets from the economics agencies of the U.S. Department of Agriculture. These materials cover U.S. and international agriculture and related topics. Most reports are text files that contain time-sensitive information. Most data sets are in spreadsheet format and include time-series data that are updated yearly.</search_description>
			<url>http://usda.mannlib.cornell.edu/</url>
			<search_url>http://usda.mannlib.cornell.edu/MannUsda/search.do?action=fullKeywordSearch&amp;titlesearch=titlesearch&amp;includeAMS=includeAMS&amp;simple_search_term={$formKeywords}</search_url>
			
		</search>
	</context>
	<context>
		<context_title>Pay-per-view</context_title>
		<context_abbrev>Pay-per-view</context_abbrev>
		<context_description>A pay-per-view service is for those who do not have direct access to electronic journal articles via subscriptions. The service allows customers to gain direct access to an article by paying by credit card using the RSC's secure payment mechanism. Immediately the payment details have been validated, the customer can gain access to the required article file for a period of 30 days.</context_description>

		<search>
			<search_title>Ingenta</search_title>
			<search_description>Ingenta restricts access to full text articles. Although access to the full text costs money, the site can be used as a free index.</search_description>
			<url>http://www.ingenta.com/</url>
			<search_url>http://www.ingenta.com/isis/searching/Search/ingenta?database=1&amp;title={$formKeywords}</search_url>
			
		</search>
		<search>
			<search_title>ebrary</search_title>
			<search_description>Independent researchers who do not have access to ebrary_ databases through their library may now set up an individual account for as little as $5. ebrary Discover spans multiple academic disciplines and provides anytime, anywhere access to over 20,000 authoritative titles including books in full-text, sheet music, reports and other authoritative documents from more than 175 leading publishers such as Cambridge University Press, Random House, Inc., and The McGraw-Hill Companies.</search_description>
			<url>http://www.ebrary.com/corp/content.htm</url>
			<search_url>http://shop.ebrary.com/Top?layout=search&amp;frm=smp.x&amp;sch=%A0%A0%A0%A0%A0Search%A0%A0%A0%A0%A0&amp;p00={$formKeywords}</search_url>
			
		</search>
		<search>
			<search_title>Questia</search_title>
			<search_description>Questia provides access to over 47,000 books and 375,000 journal, magazine, and newspaper articles. All books and articles are available in their entirety - search every page.  The subscription rate is raning from 19.05 per month to 119.95 per year.</search_description>
			<url>http://www.questia.com</url>
			<search_url>http://www.questia.com/SM.qst?act=search&amp;keywordsSearchType=1000&amp;mediaType=book&amp;mediaType=journal&amp;mediaType=magazine&amp;mediaType=newspaper&amp;mediaType=encyclopedia&amp;mediaType=startpage&amp;keywords={$formKeywords}</search_url>
			
		</search>
		<search>
			<search_title>Wiley InterScience Pay-per-view Service</search_title>
			<search_description>Wiley InterScience Pay-per-view affords instant, full-text access to an extensive collection of journal articles or book chapters available on Wiley InterScience without the need for a subscription. This service allows anyone to purchase access to individual journal articles or book chapters directly by using a credit card. Access is instant and available for 24 hours.</search_description>
			<url>http://www3.interscience.wiley.com/aboutus/ppv-articleselect.html</url>
			<search_url>http://www3.interscience.wiley.com/search/allsearch</search_url>
			<search_post>allContentSearchForm=&amp;mode=quicksearch&amp;WISindexid1=WISall&amp;WISsearch1={$formKeywords}</search_post>			
		</search>
	</context>
	<context>
		<context_title>Media reports</context_title>
		<context_abbrev>Media reports</context_abbrev>
		<context_description>Immediately initiates a search based on the subject of the article or paper that connects users to free current and archival articles in the field from leading newspapers around the world.</context_description>

		<search>
			<search_title>Google News</search_title>
			<search_description>Search news reports using the popular search engine Google's news feature.</search_description>
			<url>http://news.google.com/</url>
			<search_url>http://news.google.com/news?hl=en&amp;q={$formKeywords}</search_url>
			
		</search>
		<search>
			<search_title>Agriculture 21</search_title>
			<search_description>This site contains news and features on agricultural and food-supply issues worldwide, as well as downloadable publications, links to databases, subject guides, and access to divisions of the FAO Agriculture Department. Includes search engine.</search_description>
			<url>http://www.fao.org/ag/</url>
			<search_url>http://www.fao.org/ag/search/agfind.asp?SortBy=rank%5Bd%5D&amp;Scope=%2Fag&amp;FSRestVal=any&amp;Action=Execute&amp;SearchString={$formKeywords}</search_url>
			
		</search>
		<search>
			<search_title>People's Daily</search_title>
			<search_description>People's Daily, China (January 1999-)</search_description>
			<url>http://english.peopledaily.com.cn/</url>
			<search_url>http://search.people.com.cn/was40/people/GB/english_index.jsp?type=1&amp;channel=&amp;Content=&amp;searchword={$formKeywords}</search_url>
			
		</search>
		<search>
			<search_title>Globe and Mail</search_title>
			<search_description>Globe and Mail, Toronto (last seven days)</search_description>
			<url>http://www.globeandmail.com/</url>
			<search_url>http://www.globeandmail.com/servlet/HTMLTemplate/search?tf=tgam/search/tgam/SearchResults.html&amp;cf=tgam/search/tgam/SearchResults.cfg&amp;current_row=1&amp;start_row=1&amp;num_rows=10&amp;keywords={$formKeywords}</search_url>
			
		</search>
		<search>
			<search_title>Mail &amp; Guardian Newspaper</search_title>
			<search_description>Mail &amp; Guardian Newspaper, South Africa (1994-)</search_description>
			<url>http://www.mg.co.za/</url>
			<search_url>http://www.mg.co.za/mg_search_results.aspx?PrintEdition=PrintEdition&amp;DailyNews=DailyNews&amp;SearchSection=&amp;StartDay=&amp;StartMonth=&amp;StartYear=&amp;EndDay=&amp;EndMonth=&amp;EndYear=&amp;keywords={$formKeywords}</search_url>
			
		</search>
		<search>
			<search_title>National Public Radio</search_title>
			<search_description>National Public Radio, United States (unlimited)</search_description>
			<url>http://www.npr.org/archives/</url>
			<search_url>http://www.npr.org/search.php?text={$formKeywords}</search_url>
			
		</search>
		<search>
			<search_title>New York Times</search_title>
			<search_description>New York Times, New York (last seven days)</search_description>
			<url>http://www.nytimes.com/</url>
			<search_url>http://query.nytimes.com/search/query?date=past30days&amp;submit.x=11&amp;submit.y=12&amp;query={$formKeywords}</search_url>
			
		</search>
		<search>
			<search_title>The Japan Times Online</search_title>
			<search_description>The Japan Times Online, Japan (January 1999-)</search_description>
			<url>http://www.japantimes.co.jp/</url>
			<search_url>http://www.google.co.jp/custom?domains=japantimes.co.jp&amp;client=pub-4223870936880387&amp;forid=1&amp;ie=Shift_JIS&amp;oe=Shift_JIS&amp;term1=&amp;cof=GALT%3A%23008000%3BGL%3A1%3BDIV%3A%23336699%3BVLC%3A663399%3BAH%3Acenter%3BBGC%3AFFFFFF%3BLBGC%3AFFFFFF%3BALC%3A0000FF%3BLC%3A0000FF%3BT%3A000000%3BGFNT%3A0000FF%3BGIMP%3A0000FF%3BLH%3A60%3BLW%3A200%3BL%3Ahttp%3A%2F%2Fwww.japantimes.co.jp%2Fimages%2Fheader_title.gif%3BS%3Ahttp%3A%2F%2Fwww.japantimes.co.jp%2F%3BFORID%3A1%3B&amp;hl=ja&amp;advancesearch=&amp;q={$formKeywords}</search_url>
			
		</search>
		<search>
			<search_title>The Moscow Times</search_title>
			<search_description>The Moscow Times, Russia (1994-)</search_description>
			<url>http://www.moscowtimes.ru/doc/Search.html</url>
			<search_url>http://www.moscowtimes.ru/cgi-bin/search?config=&amp;exclude=&amp;method=and&amp;format=long&amp;sort=score&amp;matchesperpage=10&amp;words={$formKeywords}</search_url>
			
		</search>
		<search>
			<search_title>Washington Post</search_title>
			<search_description>Washington Post, Washington, DC (last two weeks)</search_description>
			<url>http://www.washingtonpost.com/</url>
			<search_url>http://www.washingtonpost.com/cgi-bin/search99.pl?searchsection=news&amp;searchdatabase=news&amp;x=11&amp;y=8&amp;searchtext={$formKeywords}</search_url>
			
		</search>
		<search>
			<search_title>Newsdirectory</search_title>
			<search_description>Newsdirectory is a comprehensive and searchable guide to the world's English-language online media. Currently over 8,000 newspapers and magazines are listed, as well as more than 1,000 U.S. television broadcasters.</search_description>
			<url>http://www.newsdirectory.com/</url>
			<search_url>http://www.newsdirectory.com/hbSearch.php</search_url>
			<search_post>s={$formKeywords}&amp; submit=Go</search_post>
			
		</search>
	</context>
	<context>
		<context_title>Web search</context_title>
		<context_abbrev>Web search</context_abbrev>
		<context_description>Enter search terms for Internet resources through various search engines.</context_description>

		<search>
			<search_title>Google</search_title>
			<search_description>Search using the popular Google search engine.</search_description>
			<url>http://www.google.com/</url>
			<search_url>http://www.google.com/search?q={$formKeywords}</search_url>
			
		</search>
		<search>
			<search_title>Google Scholar</search_title>
			<search_description>Google Scholar enables specific searches of scholarly literature, including peer-reviewed papers, theses, books, pre-prints, abstracts, and technical reports. Content includes a range of publishers and aggregators with whom Google already has standing arrangements, e.g., the Association for Computing Machinery, IEEE, OCLC's Open WorldCat library locator service, etc. Result displays will show different version clusters, citation analysis, and library location (currently books only).</search_description>
			<url>http://scholar.google.com</url>
			<search_url>http://scholar.google.com/scholar?ie=UTF-8&amp;oe=UTF-8&amp;hl=en&amp;q={$formKeywords}</search_url>
			
		</search>
		<search>
			<search_title>Clusty the Clustering Engine</search_title>
			<search_description>This search tool from Vivismo offers clustered results for a selection of searches.  Metasearch the whole web, or use tabs to search for news, gossip, images, orproducts via Bizrate or eBay.</search_description>
			<url>http://clusty.com/about</url>
			<search_url>http://clusty.com/search?query={$formKeywords}</search_url>
			
		</search>
		<search>
			<search_title>Vivisimo</search_title>
			<search_description>The award-winning Vivisimo clustering technology, developed by Carnegie Mellon research scientists, is unlocking the value of stored information at Fortune 500 companies, top websites, prestigious publishers and government agencies by categorizing research results on the fly into meaningful orders, thus achieving breakthrough improvement in access to relevant information.</search_description>
			<url>http://vivisimo.com</url>
			<search_url>http://vivisimo.com/search?tb=homepage&amp;v%3Asources=Web&amp;query={$formKeywords}</search_url>
			
		</search>
	</context>
</version>
