<?xml version="1.0" encoding="UTF-8"?>
<!DOCTYPE version SYSTEM "../../lib/pkp/dtd/rtVersion.dtd">

<!--
  * Art_Architecture.xml
  *
  * Copyright (c) 2013-2016 Simon Fraser University Library
  * Copyright (c) 2003-2016 John Willinsky
  * Distributed under the GNU GPL v2. For full terms see the file docs/COPYING.
  *
  * Reading Tools version: Art & Architecture (en_US)
  *
  -->

<version id="Art_Architecture" locale="en_US">
	<version_title>Art &amp; Architecture</version_title>
	<version_description>The Reading Tools can help readers of this study consult a wide range of related resources that can provide a context for interpreting, situating and evaluating the study.</version_description>

	<context>
		<context_title>Author's work</context_title>
		<context_abbrev>Other Works</context_abbrev>
		<context_description>Identify other works by the article's author(s) by using OAI engines.</context_description>
		<author_terms />
		<search>
			<search_title>Google Scholar</search_title>
			<search_description>Google Scholar enables specific searches of scholarly literature, including peer-reviewed papers, theses, books, pre-prints, abstracts, and technical reports. Content includes a range of publishers and aggregators with whom Google already has standing arrangements, e.g., the Association for Computing Machinery, IEEE, OCLC's Open WorldCat library locator service, etc. Result displays will show different version clusters, citation analysis, and library location (currently books only).</search_description>
			<url>http://scholar.google.com</url>
			<search_url>http://scholar.google.com/scholar?ie=UTF-8&amp;oe=UTF-8&amp;hl=eng&amp;as_sauthors={$formKeywords}</search_url>
			
		</search>
		<search>
			<search_title>OAIster (Open Archives Initiative research databases)</search_title>
			<search_description>OAIster is a project of the University of Michigan Digital Library Production Services, and provides searching a wide variety of collections from a wide variety of institutions. These institutions have made the records of their digital resources available to access, and the project team has gathered and aggregated them into the OAIster service.</search_description>
			<url>http://oaister.umdl.umich.edu/</url>
			<search_url>http://oaister.umdl.umich.edu/cgi/b/bib/bib-idx?type=boolean&amp;size=10&amp;c=oaister&amp;q1=&amp;rgn1=entire+record&amp;op2=and&amp;q2=&amp;rgn2=entire+record&amp;op3=And&amp;q3=&amp;rgn3=title&amp;op4=And&amp;rgn4=author&amp;op5=And&amp;q5=&amp;rgn5=subject&amp;op6=And&amp;rgn6=norm&amp;q6=all+types&amp;sort=author%2Fcreator&amp;submit2=search&amp;q4={$formKeywords}</search_url>
			
		</search>
		<search>
			<search_title>Public Knowledge Project Open Archives Harvester</search_title>
			<search_description>The PKP Open Archives Harvester is a free metadata indexing system developed by the Public Knowledge Project through its federally funded efforts to expand and improve access to research. The PKP OAI Harvester allows you to create a searchable index of the metadata from Open Archives Initiative-compliant archives, such as sites using Open Journal Systems or Open Conference Systems.</search_description>
			<url>http://pkp.sfu.ca/harvester/</url>
			<search_url>http://pkp.sfu.ca/harvester/search.php?limit=author&amp;query={$formKeywords}</search_url>
			
		</search>
		<search>
			<search_title>SPIRO (Architecture Slide Library, University of California - Berkeley)</search_title>
			<search_description>SPIRO (slide &amp; photograph image retrieval online) provides access to images and descriptive information about 20% of the Library's collection of 200,000 35mm slides.</search_description>
			<url>http://www.mip.berkeley.edu/query_forms/browse_spiro_form.html</url>
			<search_url>http://www.mip.berkeley.edu/cgi-bin/browse_spiro_new/tmp?db_handle=browse_spiro&amp;object=&amp;place=&amp;aat_term=&amp;aat_term2=&amp;source=&amp;image_id=&amp;kw=&amp;from_date=&amp;period=any&amp;result_type=thumbnail_with_descr&amp;name={$formKeywords}</search_url>
			
		</search>
		<search>
			<search_title>GreatBuildings.com</search_title>
			<search_description>This gateway to architecture around the world and across history documents a thousand buildings and hundreds of leading architects, with 3D models, photographic images and architectural drawings, commentaries, bibliographies, web links, and more, for famous designers and structures of all kinds.</search_description>
			<url>http://www.greatbuildings.com/search.html</url>
			<search_url>http://www.greatbuildings.com/cgi-bin/gbc-search.cgi?search=architect&amp;architect={$formKeywords}</search_url>
			
		</search>
		<search>
			<search_title>Intute: Arts &amp; Humanities</search_title>
			<search_description>Intute: Arts &amp; Humanities is a free online service providing you with access to the best Web resources for education and research, selected and evaluated by a network of subject specialists. There are over 18,000 Web resources listed here that are freely available by keyword searching and browsing.</search_description>
			<url>http://www.intute.ac.uk/artsandhumanities/ejournals.html</url>
			<search_url>http://www.intute.ac.uk/artsandhumanities/cgi-bin/search.pl?submit.x=0&amp;submit.y=0&amp;submit=Go&amp;limit=0&amp;subject=artsandhumanities&amp;term1={$formKeywords}</search_url>
			
		</search>
	</context>
	<context>
		<context_title>Look up terms</context_title>
		<context_abbrev>Look up terms</context_abbrev>
		<context_description>Double click on any word in the text and it will appear in the &quot;Definition of terms&quot; box.  You can also type or paste a word into the box.  Then use the search function to find a definition for the word.  These resources have been selected because of their relevance and their open (free) access to all or part of their contents.</context_description>
		<define_terms />
		<search>
			<search_title>Google</search_title>
			<search_description>Search for definitions using the popular Google search engine.</search_description>
			<url>http://www.google.com/</url>
			<search_url>http://www.google.com/search?hl=en&amp;q=define%3A{$formKeywords}</search_url>
			
		</search>
		<search>
			<search_title>Columbia Encyclopedia</search_title>
			<search_description>Serving as a &quot;first aid&quot; for those who read, the sixth edition of the Columbia Encyclopedia contains over 51,000 entries with 80,000 hypertext links.</search_description>
			<url>http://www.bartleby.com/65/</url>
			<search_url>http://www.bartleby.com/cgi-bin/texis/webinator/65search?search_type=full&amp;query={$formKeywords}</search_url>
			
		</search>
		<search>
			<search_title>WordWeb Online</search_title>
			<search_description>WordWeb is an international dictionary and word finder with more than 280 000 possible lookup words and phrases. It is also available as Windows software.

WordWeb fully covers American, British, Australian, Canadian and Asian English spellings and words.</search_description>
			<url>http://www.wordwebonline.com/</url>
			<search_url>http://www.wordwebonline.com/search.pl?w={$formKeywords}</search_url>
			
		</search>
		<search>
			<search_title>Merriam-Webster Online</search_title>
			<search_description>A dictionary based on the Webster 10th Collegiate edition, 1993, with updates added annually. More than 160,000 entries. Each word is accompanied by definition, pronunciation, usage, grammatical function, and a brief etymology. Includes a thesaurus. Misspellings return suggested spellings. The dictionary's search system supports internal wildcards and right hand truncation searching. Includes an extensive pronunciation guide and sound files for the pronunciation of many terms.</search_description>
			<url>http://www.merriam-webster.com/</url>
			<search_url>http://www.merriam-webster.com/cgi-bin/dictionary?book=Dictionary&amp;va={$formKeywords}</search_url>
			
		</search>
		<search>
			<search_title>OneLook Dictionaries</search_title>
			<search_description>OneLook is a meta-dictionary. Enter an English language word or acronym, and OneLook will search its index of 5,292,362 words in 934 dictionaries indexed in general and special interest dictionaries for the definition.</search_description>
			<url>http://www.onelook.com/index.html</url>
			<search_url>http://www.onelook.com/?ls=a&amp;w={$formKeywords}</search_url>
			
		</search>
		<search>
			<search_title>Wikipedia: The Free Encyclopedia</search_title>
			<search_description>&quot;Wikipedia is a free content encyclopedia that is being written collaboratively by contributors from all around the world. The site is a WikiWiki, meaning that anyone ... can edit any article. ...&quot; Without editorial oversight, the quality of the content on this site varies dramatically, but it is worth exploring. The English version has hundreds of thousands of entries. Spanish, French, and Esperanto are among the several other languages offered.</search_description>
			<url>http://en.wikipedia.org/wiki/Main_Page</url>
			<search_url>http://en.wikipedia.org/wiki/Special:Search?go=Go&amp;fulltext=Search&amp;search={$formKeywords}</search_url>
			
		</search>
		<search>
			<search_title>Infoplease.com</search_title>
			<search_description>This site includes contents of the Information Please Almanacs, a biography database, a dictionary, an atlas, and articles from the Columbia Encyclopedia. You can search these ready reference works together or separately or browse the Almanacs. There are feature stories each week covering topics in the news, with links to pertinent Almanac content and other Web resources.</search_description>
			<url>http://www.infoplease.com</url>
			<search_url>http://www.infoplease.com/search?fr=iptn&amp;in=all&amp;x=0&amp;y=0&amp;query={$formKeywords}</search_url>
			
		</search>
	</context>
	<context>
		<context_title>Related studies</context_title>
		<context_abbrev>Related studies</context_abbrev>
		<context_description>Access to related studies by establishing a working link with an open-access (free) database, with abstracts and/or full texts related to your topic.</context_description>

		<search>
			<search_title>SPIRO (Architecture Slide Library, University of California - Berkeley)</search_title>
			<search_description>SPIRO (slide &amp; photograph image retrieval online) provides access to images and descriptive information about 20% of the Library's collection of 200,000 35mm slides.</search_description>
			<url>http://www.mip.berkeley.edu/query_forms/browse_spiro_form.html</url>
			<search_url>http://www.mip.berkeley.edu/cgi-bin/browse_spiro_new/tmp?db_handle=browse_spiro&amp;object=&amp;place=&amp;aat_term=&amp;aat_term2=&amp;source=&amp;image_id=&amp;from_date=&amp;period=any&amp;result_type=thumbnail_with_descr&amp;name=&amp;kw={$formKeywords}</search_url>
			
		</search>
		<search>
			<search_title>Intute: Arts &amp; Humanities</search_title>
			<search_description>Intute: Arts &amp; Humanities is a free online service providing you with access to the best Web resources for education and research, selected and evaluated by a network of subject specialists. There are over 18,000 Web resources listed here that are freely available by keyword searching and browsing.</search_description>
			<url>http://www.intute.ac.uk/artsandhumanities/ejournals.html</url>
			<search_url>http://www.intute.ac.uk/artsandhumanities/cgi-bin/search.pl?submit.x=0&amp;submit.y=0&amp;submit=Go&amp;limit=0&amp;subject=artsandhumanities&amp;term1={$formKeywords}</search_url>
			
		</search>
		<search>
			<search_title>GreatBuildings.com</search_title>
			<search_description>This gateway to architecture around the world and across history documents a thousand buildings and hundreds of leading architects, with 3D models, photographic images and architectural drawings, commentaries, bibliographies, web links, and more, for famous designers and structures of all kinds.</search_description>
			<url>http://www.greatbuildings.com/search.html</url>
			<search_url>http://www.greatbuildings.com/cgi-bin/gbc-search.cgi?search=building&amp;building={$formKeywords}</search_url>
			
		</search>
	</context>
	<context>
		<context_title>Government policy</context_title>
		<context_abbrev>Gov Policy</context_abbrev>
		<context_description>Check various government resources.</context_description>

		<search>
			<search_title>Access to Australian Government Information and Services</search_title>
			<search_description>The Australian Government Entry Point offers comprehensive and integrated access to Australian Government information and services.  You will find a concentrated body of Australian Government information through this site. &lt;a href=&quot;http://www.australia.gov.au&quot;&gt;www.australia.gov.au&lt;/a&gt; currently signposts over 700 Australian Government web sites, indexes more than 5,000,000 pages and uses both metadata and full text indexing to ensure it is a comprehensive government portal.</search_description>
			<url>http://www.fed.gov.au</url>
			<search_url>http://govsearch.australia.gov.au/search/search.cgi?collection=gov&amp;form=au&amp;query=&amp;query_phrase=&amp;query_or=&amp;query_not=&amp;meta_f_sand=&amp;scope=&amp;fscope=512&amp;num_ranks=20&amp;chksummary=chksummary&amp;query_and={$formKeywords}</search_url>
			
		</search>
		<search>
			<search_title>The Government of Canada</search_title>
			<search_description>You can search across all government departments federal departments and agencies as well as provincial, territorial and municipal governments. There is a Departments and Agencies link, and the A to Z Index offers a keyword search to programmes and services. 

A recent development on Departmental sites is the inclusion of a &quot;Proactive Disclosure&quot; page, which outlines travel and hospitality expenses, disclosure of contracts, grants and awards. 

The About Canada page includes links to Departments and Agencies, Structure of the Canadian Government, Commissions of Inquiry and more. 

In addition to Department web sites, the government has been creating Portals which bring together information from across federal and provincial sources, and non-governmental organizations as well.</search_description>
			<url>http://www.canada.gc.ca/main_e.html</url>
			<search_url>http://search-recherche.gc.ca/cgi-bin/query?mss=canada%2Fen%2Fsimple&amp;pg=q&amp;enc=iso88591&amp;site=main&amp;bridge=&amp;stt=&amp;lowercaseq=&amp;what=web&amp;user=searchintranet&amp;browser=N6E&amp;kl=XX&amp;op=a&amp;q={$formKeywords}</search_url>
			
		</search>
		<search>
			<search_title>Directgov</search_title>
			<search_description>Directgov is a government service giving people access to the latest and widest range of public service information in one place on the Web and on Digital TV. Directgov uses the specifications formulated and consulted on through UK GovTalk.</search_description>
			<url>http://www.direct.gov.uk</url>
			<search_url>http://www.direct.gov.uk/AdvancedSearch/SearchResults/fs/en?NP=1&amp;PO1=C&amp;PI1=W&amp;PF1=A&amp;PG=1&amp;RP=20&amp;SC=__dgov_site&amp;Z=1&amp;PT1={$formKeywords}</search_url>
			
		</search>
		<search>
			<search_title>Info4local.gov.uk</search_title>
			<search_description>Information for local government from central government.  This site gives local authorities a quick and easy way to find relevant information on the web sites of central government departments, agencies and public bodies. It includes extensive information on implementing electronic government.</search_description>
			<url>http://www.info4local.gov.uk</url>
			<search_url>http://www.info4local.gov.uk/?view=Search+results&amp;subjects=all&amp;departmentsIds=0&amp;informationTypesIds=all&amp;query={$formKeywords}</search_url>
			
		</search>
		<search>
			<search_title>The New Zealand government portal</search_title>
			<search_description>The New Zealand government portal is a website providing search capability for, and links into the online and offline information and services of most government agencies.  This site is managed and maintained by the State Services Commission, a New Zealand government department.</search_description>
			<url>http://www.govt.nz</url>
			<search_url>http://www.govt.nz/search?type=spider&amp;t=spider&amp;q={$formKeywords}</search_url>
			
		</search>
		<search>
			<search_title>Europa</search_title>
			<search_description>Current information on the member countries of the European Union, including statistical data, policies, news, official documents, legal texts, and other publications.</search_description>
			<url>http://europa.eu.int/index_en.htm</url>
			<search_url>http://europa.eu.int/geninfo/query/resultaction.jsp?page=1</search_url>
			<search_post>Collection=EuropaFull&amp;ResultTemplate=/result_en.jsp&amp;ResultCount=25&amp;qtype=simple&amp;ResultMaxDocs=200&amp;DefaultLG=en&amp;QueryText={$formKeywords}</search_post>			
		</search>
		<search>
			<search_title>The Global Legal Information Network (GLIN)</search_title>
			<search_description>The Global Legal Information Network (GLIN) is a database of laws, regulations, judicial decisions, and other complementary legal sources contributed by governmental agencies and international organizations. These GLIN members contribute the official full texts of published documents to the database in their original language. Each document is accompanied by a summary in English and subject terms selected from the multilingual index to GLIN.</search_description>
			<url>http://www.glin.gov</url>
			<search_url>http://www.glin.gov/search.do?refineQuery=&amp;offset=0&amp;refineQueryType=&amp;fromSearch=true&amp;queryType=ALL&amp;searchBtn=Search&amp;includeAllFields=on&amp;searchAll=on&amp;sumLanguage=any&amp;pubLanguage=any&amp;pubJurisdiction=any&amp;publicationJurisdictionExclude=false&amp;searchPublicationDate=true&amp;dateFromDay=01&amp;dateFromMonth=01&amp;dateFromYear=&amp;dateToDay=01&amp;dateToMonth=01&amp;dateToYear=&amp;subjTerm=&amp;subjTermConjunction%5B0%5D=AND&amp;subjTerm=&amp;subjTermConjunction%5B1%5D=AND&amp;subjTerm=&amp;subjTermConjunction%5B2%5D=AND&amp;subjTerm=&amp;subjTermConjunction%5B3%5D=AND&amp;subjTerm=&amp;searchOrder=default&amp;hitsPerPage=10&amp;showSummary=on&amp;queryString={$formKeywords}</search_url>
			
		</search>
	</context>
	<context>
		<context_title>Book searches</context_title>
		<context_abbrev>Book searches</context_abbrev>
		<context_description>Book-related Resources</context_description>

		<search>
			<search_title>Google Print</search_title>
			<search_description>Google is working with libraries at the University of Michigan, Harvard University, Stanford University, Oxford University and the New York Public Library to digitize books in their collections and make them accessible via Google Print, a massive scanning project that will bring millions of volumes of printed books into the Google Print database.  Click a book title and you'll see the page of the book that has your search terms, your can search for more information within that specific book, find reviews, find related information, learn about the publisher, buy this book, and find nearby libraries that have it.</search_description>
			<url>http://print.google.com</url>
			<search_url>http://print.google.com/print?q={$formKeywords}</search_url>
			
		</search>
		<search>
			<search_title>Online books Page</search_title>
			<search_description>Online books Page, edited by John Mark Ockerbloom, at the University of Pennsylvania.  This is an excellent starting point in the search for full-text books on the Internet. Over 20,000 English works in various formats available online at different sites. Entries may be searched by author or title. An interesting feature allows browsing by Library of Congress call number categories. New listings are added regularly and are listed on a separate web page at &lt;a href=&quot;http://onlinebooks.library.upenn.edu/new.html&quot;&gt;http://onlinebooks.library.upenn.edu/new.html&lt;/a&gt;.</search_description>
			<url>http://digital.library.upenn.edu/books/</url>
			<search_url>http://onlinebooks.library.upenn.edu/webbin/book/search?tmode=words&amp;title={$formKeywords}</search_url>
			
		</search>
		<search>
			<search_title>Books-On-Line</search_title>
			<search_description>A collection of over 32935 titles, although some are only excerpts. Browse by subject or search by author or title. Not all items are free.</search_description>
			<url>http://www.books-on-line.com/</url>
			<search_url>http://www.books-on-line.com/bol/KeyWordSearch.cfm?RowCount=50&amp;Searchquery={$formKeywords}</search_url>
			
		</search>
		<search>
			<search_title>Universal Library</search_title>
			<search_description>The Universal Library is considerably more involved, and more ambitious -- it has amassed a collection of 100,000 e-books (some of them from Project Gutenberg), and is aiming for 1 million e-books by the end of 2006.</search_description>
			<url>http://tera-3.ul.cs.cmu.edu/</url>
			<search_url>http://tera-3.ul.cs.cmu.edu/cgi-bin/DBscripts/advsearch_db.cgi?perPage=25&amp;listStart=0&amp;author1=&amp;subject1=Any&amp;year1=&amp;year2=&amp;language1=Any&amp;scentre=Any&amp;search=Search&amp;title1={$formKeywords}</search_url>
			
		</search>
	</context>
	<context>
		<context_title>Dissertations</context_title>
		<context_abbrev>Dissertations</context_abbrev>
		<context_description>Provides access to a repository of rich graduate educational material contributed by a number of member institutions worldwide.</context_description>

		<search>
			<search_title>Networked Digital Library of Theses and Dissertations Union Catalog</search_title>
			<search_description>This Union Catalog serves as a repository of rich graduate educational material contributed by a number of member institutions worldwide.  This project is a joint development with NDLTD and VTLS Inc.  It is hoped that this project will increase the availability of student research for scholars, empowere students to convey a richer message through the use of multimedia and hypermedia technologies and advance digital library technology worldwide.</search_description>
			<url>http://zippo.vtls.com/cgi-bin/ndltd/chameleon</url>
			<search_url>http://zippo.vtls.com/cgi-bin/ndltd/chameleon?sessionid=2006051219043826835&amp;skin=ndltd&amp;submittheform=Search&amp;usersrch=1&amp;beginsrch=1&amp;elementcount=3&amp;function=INITREQ&amp;search=SCAN&amp;lng=en&amp;pos=1&amp;conf=.%2Fchameleon.conf&amp;u1=4&amp;host=localhost%2B3668%2BDEFAULT&amp;t1={$formKeywords}</search_url>
			
		</search>
		<search>
			<search_title>CRL Foreign Doctoral Dissertation Databases</search_title>
			<search_description>The CRL's (Center For Research Libraries) database for dissertations published outside of the United States and Canada is still in the construction phase.  At this point, a total of 15,000 of 750,000 records are loaded into the database.  Searchable by author, institution name, title, year, translated title, subject keywords, language, and country, the database also provides instructions for interlibrary loan procedure.</search_description>
			<url>http://www.crl.edu/default.asp</url>
			<search_url>http://www.crl.edu/DBSearch/catalogSearchNew.asp?sort=R&amp;req_type=X&amp;search={$formKeywords}</search_url>
			
		</search>
		<search>
			<search_title>Scirus ETD Search</search_title>
			<search_description>NDLTD offers a search service provided by Scirus, which is based on data harvested from the Union Archive hosted by OCLC.</search_description>
			<url>http://www.ndltd.org/info/description.en.html</url>
			<search_url>http://www.scirus.com/srsapp/search?rep=ndl&amp;q={$formKeywords}</search_url>
			
		</search>
		<search>
			<search_title>Dissertation.com</search_title>
			<search_description>Academic publishers of masters theses and doctoral PhD dissertations. Search 1000s of dissertation abstracts in dissertation database.</search_description>
			<url>http://dissertation.com/</url>
			<search_url>http://dissertation.com/browse.php?criteria=all&amp;submit.x=23&amp;submit.y=5&amp;keyword={$formKeywords}</search_url>
			
		</search>
	</context>
	<context>
		<context_title>Relevant portals</context_title>
		<context_abbrev>Relevant portals</context_abbrev>
		<context_description>Offer an entry point to other websites.</context_description>

		<search>
			<search_title>The Art, Design, Architecture &amp; Media Information Gateway (ADAM)</search_title>
			<search_description>ADAM is being developed to provide a gateway to information about fine art, design, architecture, applied arts, media, theory, museum studies and conservation and professional practice related to any of the above. It is one of the eLib Access to Network Resources (ANR) projects and received its funding from JISC. A user survey to measure information needs and search methods, annual reports, and service usage statistics are published at the site.</search_description>
			<url>http://www.adam.ac.uk/index.html</url>
			<search_url>http://www.adam.ac.uk/ixbin/hixserv?_IXDB_=adam&amp;%7BUPPER%7D%24%3Fany%3A+IX_MODE+rel%3D1+%28%24any%29+INDEX+res_keywords=.&amp;%24+with+res_pub=.&amp;%24sort+@descending+%24%24relevance=.&amp;%24%3F%21x%3A%28%28collection+or+item%29+in+res_granularity%29=.&amp;_IXSPFX_=s&amp;submit-button=SUMMARY&amp;%24%3Dany%3D%24={$formKeywords}</search_url>
			
		</search>
		<search>
			<search_title>Akropolis.net</search_title>
			<search_description>The premier architecture resource on the Internet, including Architects, Interior Designers, Landscapers, employment, free web sites, free portfolios, search engine, and more.</search_description>
			<url>http://www.akropolis.net/</url>
			<search_url>http://www.akropolis.net/search/index.ahtml?referredby=home&amp;action=SEARCH&amp;words={$formKeywords}</search_url>
			
		</search>
	</context>
	<context>
		<context_title>Databases</context_title>
		<context_abbrev>Databases</context_abbrev>
		<context_description>Art &amp; Architecture Databases</context_description>

		<search>
			<search_title>Artcyclopedia.com</search_title>
			<search_description>This site has compiled a comprehensive index of every artist represented at hundreds of museum sites, image archives, and other online resources.  The site has started out by covering the biggest and best sites around, and has links for most well-known artists:  contains 1800 art sites, and offers over 60,000 links to an estimated 150,000 artworks by 8,100 renowned artists.</search_description>
			<url>http://www.artcyclopedia.com/</url>
			<search_url>http://www.artcyclopedia.com/scripts/tsearch.pl?type=2&amp;t={$formKeywords}</search_url>
			
		</search>
		<search>
			<search_title>Union List of Artists Names</search_title>
			<search_description>Contains biographical information about artists and architects, including variant names, pseudonyms, and language variants.</search_description>
			<url>http://www.getty.edu/research/tools/vocabulary/ulan/</url>
			<search_url>http://www.getty.edu/vow/ULANServlet?nation=&amp;english=Y&amp;role=&amp;page=1&amp;find={$formKeywords}</search_url>
			
		</search>
	</context>
	<context>
		<context_title>Online forums</context_title>
		<context_abbrev>Online forums</context_abbrev>
		<context_description>Choose online, open-access online forums that would enrich the context of the research studies on your site.</context_description>

		<search>
			<search_title>MInd: the Meetings Index</search_title>
			<search_description>Use this service to identify and locate the organizers and sponsors for future conferences, congresses, meetings and symposia, as well as conference proceedings (for future and past conferences).</search_description>
			<url>http://www.interdok.com/</url>
			<search_url>http://www.google.com/search?q=site%3Ainterdok.com/mind/+{$formKeywords}</search_url>
			
		</search>
	</context>
	<context>
		<context_title>Pay-per-view</context_title>
		<context_abbrev>Pay-per-view</context_abbrev>
		<context_description>A pay-per-view service is for those who do not have direct access to electronic journal articles via subscriptions. The service allows customers to gain direct access to an article by paying by credit card using the RSC's secure payment mechanism. Immediately the payment details have been validated, the customer can gain access to the required article file for a period of 30 days.</context_description>

		<search>
			<search_title>Ingenta</search_title>
			<search_description>Ingenta restricts access to full text articles. Although access to the full text costs money, the site can be used as a free index.</search_description>
			<url>http://www.ingenta.com/</url>
			<search_url>http://www.ingenta.com/isis/searching/Search/ingenta?database=1&amp;title={$formKeywords}</search_url>
			
		</search>
		<search>
			<search_title>ebrary</search_title>
			<search_description>Independent researchers who do not have access to ebrary_ databases through their library may now set up an individual account for as little as $5. ebrary Discover spans multiple academic disciplines and provides anytime, anywhere access to over 20,000 authoritative titles including books in full-text, sheet music, reports and other authoritative documents from more than 175 leading publishers such as Cambridge University Press, Random House, Inc., and The McGraw-Hill Companies.</search_description>
			<url>http://www.ebrary.com/corp/content.htm</url>
			<search_url>http://shop.ebrary.com/Top?layout=search&amp;frm=smp.x&amp;sch=%A0%A0%A0%A0%A0Search%A0%A0%A0%A0%A0&amp;p00={$formKeywords}</search_url>
			
		</search>
		<search>
			<search_title>Questia</search_title>
			<search_description>Questia provides access to over 47,000 books and 375,000 journal, magazine, and newspaper articles. All books and articles are available in their entirety - search every page.  The subscription rate is raning from 19.05 per month to 119.95 per year.</search_description>
			<url>http://www.questia.com</url>
			<search_url>http://www.questia.com/SM.qst?act=search&amp;keywordsSearchType=1000&amp;mediaType=book&amp;mediaType=journal&amp;mediaType=magazine&amp;mediaType=newspaper&amp;mediaType=encyclopedia&amp;mediaType=startpage&amp;keywords={$formKeywords}</search_url>
			
		</search>
		<search>
			<search_title>Wiley InterScience Pay-per-view Service</search_title>
			<search_description>Wiley InterScience Pay-per-view affords instant, full-text access to an extensive collection of journal articles or book chapters available on Wiley InterScience without the need for a subscription. This service allows anyone to purchase access to individual journal articles or book chapters directly by using a credit card. Access is instant and available for 24 hours.</search_description>
			<url>http://www3.interscience.wiley.com/aboutus/ppv-articleselect.html</url>
			<search_url>http://www3.interscience.wiley.com/search/allsearch</search_url>
			<search_post>allContentSearchForm=&amp;mode=quicksearch&amp;WISindexid1=WISall&amp;WISsearch1={$formKeywords}</search_post>			
		</search>
	</context>
	<context>
		<context_title>Teaching files</context_title>
		<context_abbrev>Teaching files</context_abbrev>
		<context_description>Provide educators with quick and easy access to the learning objects and lesson materials found in these databases that would help with the teaching of concepts and materials in their field.</context_description>

		<search>
			<search_title>ARTSEDGE</search_title>
			<search_description>ARTSEDGE supports the place of arts education at the center of the curriculum through the creative and appropriate uses of technology. ARTSEDGE helps educators to teach in, through and about the arts.</search_description>
			<url>http://artsedge.kennedy-center.org/</url>
			<search_url>http://artsedge.kennedy-center.org/search/search_perform.cfm?advanced=false&amp;contentTypes=&amp;artsSubjects=&amp;x=31&amp;y=9&amp;keywords={$formKeywords}</search_url>
			
		</search>
		<search>
			<search_title>ArtsEdNet</search_title>
			<search_description>ArtsEdNet, an online service developed by the Getty Education Institute for the Arts, supports the needs of the K-12 arts education community. It focuses on helping arts educators, general classroom teachers using the arts in their curriculum, museum educators, and university</search_description>
			<url>http://www.getty.edu/artsednet/home.html</url>
			<search_url>http://www.google.com/search?hl=en&amp;btnG=Search&amp;q=site%3Awww.getty.edu%2Feducation%2F+{$formKeywords}</search_url>
			
		</search>
	</context>
	<context>
		<context_title>e-Journals</context_title>
		<context_abbrev>e-Journals</context_abbrev>
		<context_description>Electronic Journals</context_description>

		<search>
			<search_title>Arts Journal</search_title>
			<search_description>Arts Journal is a weekday digest of some of the best arts and cultural journalism. Each day Arts Journal combs through more than 100 English-language newspapers, magazines and publications featuring writing about arts and culture. Direct links to the most interesting or important stories are posted every weekday on the Arts Journal news pages. Stories from sites that charge for access are excluded as are sites which require visitors to register, with the exception of the New York Times.</search_description>
			<url>http://www.artsjournal.com/</url>
			<search_url>http://www.google.com/custom?domains=artsjournal.com&amp;sitesearch=artsjournal.com&amp;sa=GoogleSearch&amp;cof=LW:240;L:http://www.artsjournal.com/img/logo.gif;LH:52;AH:left;S:http://www.artsjournal.com;AWFID:edabed9eb3afda60;&amp;q={$formKeywords}</search_url>
			
		</search>
		<search>
			<search_title>Aesthetics On-line</search_title>
			<search_description>In Aesthetics On-line you'll find articles about aesthetics, philosophy of art, art theory and art criticism, as well as information about aesthetics events worldwide, and links to other aesthetics-related resources on the internet, including the Aesthetics-L email discussion list.</search_description>
			<url>http://www.aesthetics-online.org/</url>
			<search_url>http://www.aesthetics-online.org/tech/search.cgi?context=Site&amp;terms={$formKeywords}</search_url>
			
		</search>
		<search>
			<search_title>Architronic</search_title>
			<search_description>Architronic is a scholarly refereed journal, exploring the new ranges of architectural communication available through digital media. It is a platform for both presenting and reviewing research as a journal, and a forum for stimulating dialogue on emerging ideas.</search_description>
			<url>http://architronic.saed.kent.edu/</url>
			<search_url>http://www.google.com/search?q=site:architronic.saed.kent.edu+</search_url>
			
		</search>
	</context>
	<context>
		<context_title>Media reports</context_title>
		<context_abbrev>Media reports</context_abbrev>
		<context_description>Immediately initiates a search based on the subject of the article or paper that connects users to free current and archival articles in the field from leading newspapers around the world.</context_description>

		<search>
			<search_title>Google News</search_title>
			<search_description>Search news reports using the popular search engine Google's news feature.</search_description>
			<url>http://news.google.com/</url>
			<search_url>http://news.google.com/news?hl=en&amp;q={$formKeywords}</search_url>
			
		</search>
		<search>
			<search_title>Globe and Mail</search_title>
			<search_description>Globe and Mail, Toronto (last seven days)</search_description>
			<url>http://www.globeandmail.com/</url>
			<search_url>http://www.globeandmail.com/servlet/HTMLTemplate/search?tf=tgam/search/tgam/SearchResults.html&amp;cf=tgam/search/tgam/SearchResults.cfg&amp;current_row=1&amp;start_row=1&amp;num_rows=10&amp;keywords={$formKeywords}</search_url>
			
		</search>
		<search>
			<search_title>People's Daily</search_title>
			<search_description>People's Daily, China (January 1999-)</search_description>
			<url>http://english.peopledaily.com.cn/</url>
			<search_url>http://search.people.com.cn/was40/people/GB/english_index.jsp?type=1&amp;channel=&amp;Content=&amp;searchword={$formKeywords}</search_url>
			
		</search>
		<search>
			<search_title>Mail &amp; Guardian Newspaper</search_title>
			<search_description>Mail &amp; Guardian Newspaper, South Africa (1994-)</search_description>
			<url>http://www.mg.co.za/</url>
			<search_url>http://www.mg.co.za/mg_search_results.aspx?PrintEdition=PrintEdition&amp;DailyNews=DailyNews&amp;SearchSection=&amp;StartDay=&amp;StartMonth=&amp;StartYear=&amp;EndDay=&amp;EndMonth=&amp;EndYear=&amp;keywords={$formKeywords}</search_url>
			
		</search>
		<search>
			<search_title>National Public Radio</search_title>
			<search_description>National Public Radio, United States (unlimited)</search_description>
			<url>http://www.npr.org/archives/</url>
			<search_url>http://www.npr.org/search.php?text={$formKeywords}</search_url>
			
		</search>
		<search>
			<search_title>New York Times</search_title>
			<search_description>New York Times, New York (last seven days)</search_description>
			<url>http://www.nytimes.com/</url>
			<search_url>http://query.nytimes.com/search/query?date=past30days&amp;submit.x=11&amp;submit.y=12&amp;query={$formKeywords}</search_url>
			
		</search>
		<search>
			<search_title>The Japan Times Online</search_title>
			<search_description>The Japan Times Online, Japan (January 1999-)</search_description>
			<url>http://www.japantimes.co.jp/</url>
			<search_url>http://www.google.co.jp/custom?domains=japantimes.co.jp&amp;client=pub-4223870936880387&amp;forid=1&amp;ie=Shift_JIS&amp;oe=Shift_JIS&amp;term1=&amp;cof=GALT%3A%23008000%3BGL%3A1%3BDIV%3A%23336699%3BVLC%3A663399%3BAH%3Acenter%3BBGC%3AFFFFFF%3BLBGC%3AFFFFFF%3BALC%3A0000FF%3BLC%3A0000FF%3BT%3A000000%3BGFNT%3A0000FF%3BGIMP%3A0000FF%3BLH%3A60%3BLW%3A200%3BL%3Ahttp%3A%2F%2Fwww.japantimes.co.jp%2Fimages%2Fheader_title.gif%3BS%3Ahttp%3A%2F%2Fwww.japantimes.co.jp%2F%3BFORID%3A1%3B&amp;hl=ja&amp;advancesearch=&amp;q={$formKeywords}</search_url>
			
		</search>
		<search>
			<search_title>The Moscow Times</search_title>
			<search_description>The Moscow Times, Russia (1994-)</search_description>
			<url>http://www.moscowtimes.ru/doc/Search.html</url>
			<search_url>http://www.moscowtimes.ru/cgi-bin/search?config=&amp;exclude=&amp;method=and&amp;format=long&amp;sort=score&amp;matchesperpage=10&amp;words={$formKeywords}</search_url>
			
		</search>
		<search>
			<search_title>Washington Post</search_title>
			<search_description>Washington Post, Washington, DC (last two weeks)</search_description>
			<url>http://www.washingtonpost.com/</url>
			<search_url>http://www.washingtonpost.com/cgi-bin/search99.pl?searchsection=news&amp;searchdatabase=news&amp;x=11&amp;y=8&amp;searchtext={$formKeywords}</search_url>
			
		</search>
		<search>
			<search_title>Newsdirectory</search_title>
			<search_description>Newsdirectory is a comprehensive and searchable guide to the world's English-language online media. Currently over 8,000 newspapers and magazines are listed, as well as more than 1,000 U.S. television broadcasters.</search_description>
			<url>http://www.newsdirectory.com/</url>
			<search_url>http://www.newsdirectory.com/hbSearch.php</search_url>
			<search_post>s={$formKeywords}&amp; submit=Go</search_post>
			
		</search>
		<search>
			<search_title>The ArchNewsNow</search_title>
			<search_description>The ArchNewsNow (ANN) newsletter, launched in February 2002, is delivered daily to subscribers -- free of charge -- via e-mail by 9:30AM (New York time). It hyperlinks directly to the latest news and commentary gleaned from sources around the world.</search_description>
			<url>http://www.archnewsnow.com/</url>
			<search_url>http://www.archnewsnow.com/cgi-local/search.pl?Required={$formKeywords}</search_url>
			
		</search>
	</context>
	<context>
		<context_title>Web search</context_title>
		<context_abbrev>Web search</context_abbrev>
		<context_description>Enter a search term for Internet resources through Google search engine.</context_description>

		<search>
			<search_title>Google</search_title>
			<search_description>Search using the popular Google search engine.</search_description>
			<url>http://www.google.com/</url>
			<search_url>http://www.google.com/search?q={$formKeywords}</search_url>
			
		</search>
		<search>
			<search_title>Google Scholar</search_title>
			<search_description>Google Scholar enables specific searches of scholarly literature, including peer-reviewed papers, theses, books, pre-prints, abstracts, and technical reports. Content includes a range of publishers and aggregators with whom Google already has standing arrangements, e.g., the Association for Computing Machinery, IEEE, OCLC's Open WorldCat library locator service, etc. Result displays will show different version clusters, citation analysis, and library location (currently books only).</search_description>
			<url>http://scholar.google.com</url>
			<search_url>http://scholar.google.com/scholar?ie=UTF-8&amp;oe=UTF-8&amp;hl=en&amp;q={$formKeywords}</search_url>
			
		</search>
		<search>
			<search_title>Clusty the Clustering Engine</search_title>
			<search_description>This search tool from Vivismo offers clustered results for a selection of searches.  Metasearch the whole web, or use tabs to search for news, gossip, images, orproducts via Bizrate or eBay.</search_description>
			<url>http://clusty.com/about</url>
			<search_url>http://clusty.com/search?query={$formKeywords}</search_url>
			
		</search>
		<search>
			<search_title>Vivisimo</search_title>
			<search_description>The award-winning Vivisimo clustering technology, developed by Carnegie Mellon research scientists, is unlocking the value of stored information at Fortune 500 companies, top websites, prestigious publishers and government agencies by categorizing research results on the fly into meaningful orders, thus achieving breakthrough improvement in access to relevant information.</search_description>
			<url>http://vivisimo.com</url>
			<search_url>http://vivisimo.com/search?tb=homepage&amp;v%3Asources=Web&amp;query={$formKeywords}</search_url>
			
		</search>
	</context>
</version>
