<?xml version="1.0" encoding="UTF-8"?>
<!DOCTYPE version SYSTEM "../../lib/pkp/dtd/rtVersion.dtd">

<!--
  * Biology.xml
  *
  * Copyright (c) 2013-2016 Simon Fraser University Library
  * Copyright (c) 2003-2016 John Willinsky
  * Distributed under the GNU GPL v2. For full terms see the file docs/COPYING.
  *
  * Reading Tools version: Biology (en_US)
  *
  -->

<version id="Biology" locale="en_US">
	<version_title>Biology</version_title>
	<version_description>The Reading Tools can help readers of this study consult a wide range of related resources that can provide a context for interpreting, situating and evaluating the study.</version_description>

	<context>
		<context_title>Author's work</context_title>
		<context_abbrev>Other Works</context_abbrev>
		<context_description>Identify other works by the article's author(s) by using OAI engines.</context_description>
		<author_terms />
		<search>
			<search_title>Google Scholar</search_title>
			<search_description>Google Scholar enables specific searches of scholarly literature, including peer-reviewed papers, theses, books, pre-prints, abstracts, and technical reports. Content includes a range of publishers and aggregators with whom Google already has standing arrangements, e.g., the Association for Computing Machinery, IEEE, OCLC's Open WorldCat library locator service, etc. Result displays will show different version clusters, citation analysis, and library location (currently books only).</search_description>
			<url>http://scholar.google.com</url>
			<search_url>http://scholar.google.com/scholar?ie=UTF-8&amp;oe=UTF-8&amp;hl=eng&amp;as_sauthors={$formKeywords}</search_url>
			
		</search>
		<search>
			<search_title>OAIster (Open Archives Initiative research databases)</search_title>
			<search_description>OAIster is a project of the University of Michigan Digital Library Production Services, and provides searching a wide variety of collections from a wide variety of institutions. These institutions have made the records of their digital resources available to access, and the project team has gathered and aggregated them into the OAIster service.</search_description>
			<url>http://oaister.umdl.umich.edu/</url>
			<search_url>http://oaister.umdl.umich.edu/cgi/b/bib/bib-idx?type=boolean&amp;size=10&amp;c=oaister&amp;q1=&amp;rgn1=entire+record&amp;op2=and&amp;q2=&amp;rgn2=entire+record&amp;op3=And&amp;q3=&amp;rgn3=title&amp;op4=And&amp;rgn4=author&amp;op5=And&amp;q5=&amp;rgn5=subject&amp;op6=And&amp;rgn6=norm&amp;q6=all+types&amp;sort=author%2Fcreator&amp;submit2=search&amp;q4={$formKeywords}</search_url>
			
		</search>
		<search>
			<search_title>ClinicalTrials.gov</search_title>
			<search_description>ClinicalTrials.gov provides patients, family members, health care professionals, and members of the public, easy and free access to information on clinical studies for a wide range of diseases and conditions.</search_description>
			<url>http://www.clinicaltrials.gov/</url>
			<search_url>http://www.clinicaltrials.gov/ct/search;jsessionid=6EC2379952077D66434C74BCF3542697?&amp;submit=Search&amp;term={$formKeywords}</search_url>
			
		</search>
		<search>
			<search_title>DOE Information Bridge</search_title>
			<search_description>The Information Bridge provides the open source to full-text and bibliographic records of Department of Energy (DOE) research and development reports in physics, chemistry, materials, biology, environmental sciences, energy technologies, engineering, computer and information science, renewable energy, and other topics.</search_description>
			<url>http://www.osti.gov/bridge/index.jsp</url>
			<search_url>http://www.osti.gov/bridge/basicsearch.jsp?act=Search&amp;formname=basicsearch.jsp&amp;review=1&amp;SortBy=RELV&amp;SortOrder=DESC&amp;querytype=search&amp;searchFor={$formKeywords}</search_url>
			
		</search>
		<search>
			<search_title>Public Knowledge Project Open Archives Harvester</search_title>
			<search_description>The PKP Open Archives Harvester is a free metadata indexing system developed by the Public Knowledge Project through its federally funded efforts to expand and improve access to research. The PKP OAI Harvester allows you to create a searchable index of the metadata from Open Archives Initiative-compliant archives, such as sites using Open Journal Systems or Open Conference Systems.</search_description>
			<url>http://pkp.sfu.ca/harvester/</url>
			<search_url>http://pkp.sfu.ca/harvester/search.php?limit=author&amp;query={$formKeywords}</search_url>
			
		</search>
		<search>
			<search_title>Animal Info: Information on Rare, Threatened and Endangered Mammals</search_title>
			<search_description>Animal Info offers information on the biology and ecology of various species as well as current status of rare and endangered mammals. Also provides links to animal interest organizations and publications. Users can search an individual species index by common and scientific name, a species group index and a country index.</search_description>
			<url>http://www.animalinfo.org/</url>
			<search_url>http://search.atomz.com/search/?sp-a=00081051-sp00000000&amp;sp-q={$formKeywords}</search_url>
			
		</search>
		<search>
			<search_title>BioMed Central (Requires Registration)</search_title>
			<search_description>BioMed Central publishes original, peer-reviewed research in all areas of biomedical research, with immediate, barrier-free access for all. BioMed Central is structured into journals, each of which covers a broad area of biology or medicine.</search_description>
			<url>http://www.biomedcentral.com/</url>
			<search_url>http://www.google.com/search?q=site%3Abiomedcentral.com+{$formKeywords}</search_url>
			
		</search>
		<search>
			<search_title>PubMed</search_title>
			<search_description>This is an experimental interface to several databases published by the NLM. Included are Medline and Pre-Medline, Popline, Toxline, GenBank DNA sequences, GenBank Protein Sequences, BioMolecule 3D structures, and Complete Genomes. This resource contains links to the full text of the articles when available.</search_description>
			<url>http://www.ncbi.nlm.nih.gov/entrez/query.fcgi?db=PubMed</url>
			<search_url>http://www.ncbi.nlm.nih.gov/entrez/query.fcgi?db=PubMed&amp;orig_db=PubMed&amp;cmd=search&amp;cmd_current=&amp;query_key=1&amp;term={$formKeywords}</search_url>
			
		</search>
		<search>
			<search_title>PubMed Central: an archive of life science journals</search_title>
			<search_description>PubMed Central is a digital archive of life sciences journal literature managed by the National Center</search_description>
			<url>http://www.pubmedcentral.nih.gov/</url>
			<search_url>http://www.ncbi.nlm.nih.gov/entrez/query.fcgi?search=Search&amp;db=pmc&amp;cmd=search&amp;pmfilter_Fulltext=on&amp;pmfilter_Relevance=on&amp;term={$formKeywords}</search_url>
			
		</search>
	</context>
	<context>
		<context_title>Look up terms</context_title>
		<context_abbrev>Look up terms</context_abbrev>
		<context_description>Double click on any word in the text and it will appear in the &quot;Definition of terms&quot; box.  You can also type or paste a word into the box.  Then use the search function to find a definition for the word.  These resources have been selected because of their relevance and their open (free) access to all or part of their contents.</context_description>
		<define_terms />
		<search>
			<search_title>Google</search_title>
			<search_description>Search for definitions using the popular Google search engine.</search_description>
			<url>http://www.google.com/</url>
			<search_url>http://www.google.com/search?hl=en&amp;q=define%3A{$formKeywords}</search_url>
			
		</search>
		<search>
			<search_title>Life Sciences Dictionary from BioTech</search_title>
			<search_description>Life Sciences Dictionary from BioTech comprises 8,300+ terms relating to biochemistry, biotechnology, botany, cell biology and genetics, as well as selective entries on ecology, limnology, pharmacology, toxicology and medicine.</search_description>
			<url>http://biotech.icmb.utexas.edu/search/dict-search.html</url>
			<search_url>http://biotech.icmb.utexas.edu/search/dict-search2.html?bo1=AND&amp;search_type=normal&amp;def=&amp;&amp;word={$formKeywords}</search_url>
			
		</search>
		<search>
			<search_title>Merriam-Webster Online</search_title>
			<search_description>A dictionary based on the Webster 10th Collegiate edition, 1993, with updates added annually. More than 160,000 entries. Each word is accompanied by definition, pronunciation, usage, grammatical function, and a brief etymology. Includes a thesaurus. Misspellings return suggested spellings. The dictionary's search system supports internal wildcards and right hand truncation searching. Includes an extensive pronunciation guide and sound files for the pronunciation of many terms.</search_description>
			<url>http://www.merriam-webster.com/</url>
			<search_url>http://www.merriam-webster.com/cgi-bin/dictionary?book=Dictionary&amp;va={$formKeywords}</search_url>
			
		</search>
		<search>
			<search_title>OneLook Dictionaries</search_title>
			<search_description>OneLook is a meta-dictionary. Enter an English language 
word or acronym, and OneLook will search its index of 5,292,362 words in 934 
dictionaries indexed in general and special interest dictionaries for the 
definition.</search_description>
			<url>http://www.onelook.com/index.html</url>
			<search_url>http://www.onelook.com/?ls=a&amp;w={$formKeywords}</search_url>
			
		</search>
		<search>
			<search_title>Wikipedia: The Free Encyclopedia</search_title>
			<search_description>&quot;Wikipedia is a free content encyclopedia that is being written collaboratively by contributors from all around the world. The site is a WikiWiki, meaning that anyone ... can edit any article. ...&quot; Without editorial oversight, the quality of the content on this site varies dramatically, but it is worth exploring. The English version has hundreds of thousands of entries. Spanish, French, and Esperanto are among the several other languages offered.</search_description>
			<url>http://en.wikipedia.org/wiki/Main_Page</url>
			<search_url>http://en.wikipedia.org/wiki/Special:Search?go=Go&amp;fulltext=Search&amp;search={$formKeywords}</search_url>
			
		</search>
		<search>
			<search_title>Infoplease.com</search_title>
			<search_description>This site includes contents of the Information Please Almanacs, a biography database, a dictionary, an atlas, and articles from the Columbia Encyclopedia. You can search these ready reference works together or separately or browse the Almanacs. There are feature stories each week covering topics in the news, with links to pertinent Almanac content and other Web resources.</search_description>
			<url>http://www.infoplease.com</url>
			<search_url>http://www.infoplease.com/search?fr=iptn&amp;in=all&amp;x=0&amp;y=0&amp;query={$formKeywords}</search_url>
			
		</search>
	</context>
	<context>
		<context_title>Related studies</context_title>
		<context_abbrev>Related studies</context_abbrev>
		<context_description>Access to related studies by establishing a working link with an open-access (free) database, with abstracts and/or full texts related to your topic.</context_description>

		<search>
			<search_title>Animal Info: Information on Rare, Threatened and Endangered Mammals</search_title>
			<search_description>Animal Info offers information on the biology and ecology of various species as well as current status of rare and endangered mammals. Also provides links to animal interest organizations and publications. Users can search an individual species index by common and scientific name, a species group index and a country index.</search_description>
			<url>http://www.animalinfo.org/</url>
			<search_url>http://search.atomz.com/search/?sp-a=00081051-sp00000000&amp;sp-q={$formKeywords}</search_url>
			
		</search>
		<search>
			<search_title>ClinicalTrials.gov</search_title>
			<search_description>ClinicalTrials.gov provides patients, family members, health care professionals, and members of the public, easy and free access to information on clinical studies for a wide range of diseases and conditions.</search_description>
			<url>http://www.clinicaltrials.gov/</url>
			<search_url>http://www.clinicaltrials.gov/ct/search;jsessionid=6EC2379952077D66434C74BCF3542697?&amp;submit=Search&amp;term={$formKeywords}</search_url>
			
		</search>
		<search>
			<search_title>FishBase</search_title>
			<search_description>The FishBase Databases contains information on over 27,000 species, over 76,000 synonyms, 137,930 common names, over 35,000 pictures, and over 30,000 references. Entries include family, order, class, English name, distribution, biology, environment, climate zone, and additional information. Entries also offer a number of links for more specific data such as synonyms, countries, key facts, pictures, FAO areas, spawning, reproduction, predators, diet composition, and more.</search_description>
			<url>http://www.fishbase.org/home.htm</url>
			<search_url>http://www.fishbase.org/ComNames/CommonNameSearchList.cfm?Crit1_FieldName=COMNAMES.ComName&amp;Crit1_FieldType=CHAR&amp;Crit1_Operator=CONTAINS&amp;CommonName_required=Common name can not be blank&amp;CommonName={$formKeywords}</search_url>
			
		</search>
		<search>
			<search_title>DOE Information Bridge</search_title>
			<search_description>The Information Bridge provides the open source to full-text and bibliographic records of Department of Energy (DOE) research and development reports in physics, chemistry, materials, biology, environmental sciences, energy technologies, engineering, computer and information science, renewable energy, and other topics.</search_description>
			<url>http://www.osti.gov/bridge/index.jsp</url>
			<search_url>http://www.osti.gov/bridge/basicsearch.jsp?act=Search&amp;formname=basicsearch.jsp&amp;review=1&amp;SortBy=RELV&amp;SortOrder=DESC&amp;querytype=search&amp;searchFor={$formKeywords}</search_url>
			
		</search>
		<search>
			<search_title>BioMed Central (Requires Registration)</search_title>
			<search_description>BioMed Central publishes original, peer-reviewed research in all areas of biomedical research, with immediate, barrier-free access for all. BioMed Central is structured into journals, each of which covers a broad area of biology or medicine.</search_description>
			<url>http://www.biomedcentral.com/</url>
			<search_url>http://www.google.com/search?q=site%3Abiomedcentral.com+{$formKeywords}</search_url>
			
		</search>
		<search>
			<search_title>MEDLINEplus: health information</search_title>
			<search_description>MEDLINEplus presents up-to-date, quality health care information from the National Library of Medicine at the National Institutes of Health. Both health professionals and consumers can depend on MEDLINEplus for accurate, current medical information. This service provides access to extensive information about specific diseases and conditions and also has links to consumer health information from the National Institutes of Health, dictionaries, news, lists of hospitals and physicians, health information in Spanish and other languages, and clinical trials.</search_description>
			<url>http://medlineplus.gov/</url>
			<search_url>http://search.nlm.nih.gov/medlineplus/query?DISAMBIGUATION=true&amp;FUNCTION=search&amp;SERVER2=server2&amp;SERVER1=server1&amp;x=25&amp;y=7&amp;PARAMETER={$formKeywords}</search_url>
			
		</search>
		<search>
			<search_title>PubMed</search_title>
			<search_description>This is an experimental interface to several databases published by the NLM. Included are Medline and Pre-Medline, Popline, Toxline, GenBank DNA sequences, GenBank Protein Sequences, BioMolecule 3D structures, and Complete Genomes. This resource contains links to the full text of the articles when available.</search_description>
			<url>http://www.ncbi.nlm.nih.gov/entrez/query.fcgi?db=PubMed</url>
			<search_url>http://www.ncbi.nlm.nih.gov/entrez/query.fcgi?db=PubMed&amp;orig_db=PubMed&amp;cmd=search&amp;cmd_current=&amp;query_key=1&amp;term={$formKeywords}</search_url>
			
		</search>
		<search>
			<search_title>PubMed Central: an archive of life science journals</search_title>
			<search_description>PubMed Central is a digital archive of life sciences journal literature managed by the National Center</search_description>
			<url>http://www.pubmedcentral.nih.gov/</url>
			<search_url>http://www.ncbi.nlm.nih.gov/entrez/query.fcgi?search=Search&amp;db=pmc&amp;cmd=search&amp;pmfilter_Fulltext=on&amp;pmfilter_Relevance=on&amp;term={$formKeywords}</search_url>
			
		</search>
	</context>
	<context>
		<context_title>Book searches</context_title>
		<context_abbrev>Book searches</context_abbrev>
		<context_description>Book-related Resources</context_description>

		<search>
			<search_title>Google Print</search_title>
			<search_description>Google is working with libraries at the University of Michigan, Harvard University, Stanford University, Oxford University and the New York Public Library to digitize books in their collections and make them accessible via Google Print, a massive scanning project that will bring millions of volumes of printed books into the Google Print database.  Click a book title and you'll see the page of the book that has your search terms, your can search for more information within that specific book, find reviews, find related information, learn about the publisher, buy this book, and find nearby libraries that have it.</search_description>
			<url>http://print.google.com</url>
			<search_url>http://print.google.com/print?q={$formKeywords}</search_url>
			
		</search>
		<search>
			<search_title>Online books Page</search_title>
			<search_description>Online books Page, edited by John Mark Ockerbloom, at the University of Pennsylvania.  This is an excellent starting point in the search for full-text books on the Internet. Over 20,000 English works in various formats available online at different sites. Entries may be searched by author or title. An interesting feature allows browsing by Library of Congress call number categories. New listings are added regularly and are listed on a separate web page at &lt;a href=&quot;http://onlinebooks.library.upenn.edu/new.html&quot;&gt;http://onlinebooks.library.upenn.edu/new.html&lt;/a&gt;.</search_description>
			<url>http://digital.library.upenn.edu/books/</url>
			<search_url>http://onlinebooks.library.upenn.edu/webbin/book/search?tmode=words&amp;title={$formKeywords}</search_url>
			
		</search>
		<search>
			<search_title>Books-On-Line</search_title>
			<search_description>A collection of over 32935 titles, although some are only excerpts. Browse by subject or search by author or title. Not all items are free.</search_description>
			<url>http://www.books-on-line.com/</url>
			<search_url>http://www.books-on-line.com/bol/KeyWordSearch.cfm?RowCount=50&amp;Searchquery={$formKeywords}</search_url>
			
		</search>
		<search>
			<search_title>Universal Library</search_title>
			<search_description>The Universal Library is considerably more involved, and more ambitious -- it has amassed a collection of 100,000 e-books (some of them from Project Gutenberg), and is aiming for 1 million e-books by the end of 2006.</search_description>
			<url>http://tera-3.ul.cs.cmu.edu/</url>
			<search_url>http://tera-3.ul.cs.cmu.edu/cgi-bin/DBscripts/advsearch_db.cgi?perPage=25&amp;listStart=0&amp;author1=&amp;subject1=Any&amp;year1=&amp;year2=&amp;language1=Any&amp;scentre=Any&amp;search=Search&amp;title1={$formKeywords}</search_url>
			
		</search>
	</context>
	<context>
		<context_title>Pay-per-view</context_title>
		<context_abbrev>Pay-per-view</context_abbrev>
		<context_description>A pay-per-view service is for those who do not have direct access to electronic journal articles via subscriptions. The service allows customers to gain direct access to an article by paying by credit card using the RSC's secure payment mechanism. Immediately the payment details have been validated, the customer can gain access to the required article file for a period of 30 days.</context_description>

		<search>
			<search_title>Ingenta</search_title>
			<search_description>Ingenta restricts access to full text articles. Although access to the full text costs money, the site can be used as a free index.</search_description>
			<url>http://www.ingenta.com/</url>
			<search_url>http://www.ingenta.com/isis/searching/Search/ingenta?database=1&amp;title={$formKeywords}</search_url>
			
		</search>
		<search>
			<search_title>ebrary</search_title>
			<search_description>Independent researchers who do not have access to ebrary_ databases through their library may now set up an individual account for as little as $5. ebrary Discover spans multiple academic disciplines and provides anytime, anywhere access to over 20,000 authoritative titles including books in full-text, sheet music, reports and other authoritative documents from more than 175 leading publishers such as Cambridge University Press, Random House, Inc., and The McGraw-Hill Companies.</search_description>
			<url>http://www.ebrary.com/corp/content.htm</url>
			<search_url>http://shop.ebrary.com/Top?layout=search&amp;f00=text&amp;p01=&amp;f01=subject&amp;d=journal&amp;l=en&amp;sch=%A0%A0%A0%A0%A0Search%A0%A0%A0%A0%A0&amp;frm=adv.x&amp;p00={$formKeywords}</search_url>
			
		</search>
		<search>
			<search_title>Questia</search_title>
			<search_description>Questia provides access to over 47,000 books and 375,000 journal, magazine, and newspaper articles. All books and articles are available in their entirety - search every page.  The subscription rate is ranging from 19.05 per month to 119.95 per year.</search_description>
			<url>http://www.questia.com/</url>
			<search_url>http://www.questia.com/SM.qst?act=search&amp;keywordsSearchType=1000&amp;mediaType=book&amp;mediaType=journal&amp;mediaType=magazine&amp;mediaType=newspaper&amp;mediaType=encyclopedia&amp;mediaType=startpage&amp;keywords={$formKeywords}</search_url>
			
		</search>
		<search>
			<search_title>TheScientificWorld</search_title>
			<search_description>TheScientificWorld offers sciBASE to give free access to a collection of databases of scientific, technical and medical research literature. sciBASE now also features immediate digital delivery of full text articles from over 700 journals produced by participating publishers, and sciBASE is particularly effective for users who do not have library support (non-mediated environments).</search_description>
			<url>http://www.thescientificworld.com/</url>
			<search_url>http://www.thescientificworld.com/SCIENTIFICWORLDJOURNAL/search/SearchResults.asp?From=Main&amp;Terms={$formKeywords}</search_url>
			
		</search>
		<search>
			<search_title>Wiley InterScience Pay-per-view Service</search_title>
			<search_description>Wiley InterScience Pay-per-view affords instant, full-text access to an extensive collection of journal articles or book chapters available on Wiley InterScience without the need for a subscription. This service allows anyone to purchase access to individual journal articles or book chapters directly by using a credit card. Access is instant and available for 24 hours.</search_description>
			<url>http://www3.interscience.wiley.com/aboutus/ppv-articleselect.html</url>
			<search_url>http://www3.interscience.wiley.com/search/allsearch</search_url>
			<search_post>allContentSearchForm=&amp;amp;mode=quicksearch&amp;amp;WISindexid1=WISall&amp;amp;WISsearch1={$formKeywords}</search_post>			
		</search>
	</context>
	<context>
		<context_title>Relevant portals</context_title>
		<context_abbrev>Relevant portals</context_abbrev>
		<context_description>Offer an entry point to other websites.</context_description>

		<search>
			<search_title>Nature Biotechnology Directory</search_title>
			<search_description>Nature Biotechnology Directory Website, a global information resource listing over 8,000 organizations, product and service providers in the biotechnology industry.</search_description>
			<url>http://www.guide.nature.com/</url>
			<search_url>http://www.biocompare.com/nature/search.asp?contentid=1&amp;maxrecords=50&amp;search={$formKeywords}</search_url>
			
		</search>
		<search>
			<search_title>Scirus</search_title>
			<search_description>Scirus is the most comprehensive science-specific search engine on the Internet. Driven by the latest search engine technology, Scirus searches over 150 million science-specific Web pages.</search_description>
			<url>http://www.scirus.com/</url>
			<search_url>http://www.scirus.com/search_simple/?frm=simple&amp;dsmem=on&amp;dsweb=on&amp;wordtype_1=phrase&amp;query_1={$formKeywords}</search_url>
			
		</search>
		<search>
			<search_title> National Library of Medicine Gateway</search_title>
			<search_description>NLM Gateway allows users to search in multiple retrieval systems at the U.S. National Library of Medicine (NLM). The current Gateway searches MEDLINE/PubMed, OLDMEDLINE, LOCATORplus, MEDLINEplus, ClinicalTrials.gov, DIRLINE, Meeting Abstracts, and HSRProj. Useful to physicians, researchers, students and the general public for an overall search of NLM's information resources.</search_description>
			<url>http://gateway.nlm.nih.gov/gw/Cmd</url>
			<search_url>http://gateway.nlm.nih.gov/gw/Cmd?GM2K_FORM=GMBasicSearch&amp;enterKey=&amp;ORBagentPort=14610&amp;Perform_Search.x=19&amp;Perform_Search.y=13&amp;UserSearchText={$formKeywords}</search_url>
			
		</search>
		<search>
			<search_title>BiologyBrowser</search_title>
			<search_description>BiologyBrowser, produced by BIOSIS, is a free web site offering resources for the life sciences information community. An interactive portal designed &quot;to connect life sciences researchers with free, useful resources and other like-minded scientists from all around the world.&quot; Includes annotated links to news and life science Web sites, a nomenclatural glossary for zoology, a zoological thesaurus, a forum for biologists and scientists to discuss findings, and more. Searchable.</search_description>
			<url>http://www.biologybrowser.org/</url>
			<search_url>http://www.biologybrowser.org/cgi-bin/search/hyperseek.cgi?howmuch=ALL&amp;Terms={$formKeywords}</search_url>
			
		</search>
		<search>
			<search_title>Bioresearch Online</search_title>
			<search_description>Virtual community for the bioresearch and life sciences industry featuring daily news, product updates, discussion forums, and online chat with information on manufacturing, technology, equipment, supplies, software, and careers.</search_description>
			<url>http://www.bioresearchonline.com/</url>
			<search_url>http://www.bioresearchonline.com/IndustrySearch/SearchResults.aspx?TabIndex=3&amp;keyword={$formKeywords}</search_url>
			
		</search>
		<search>
			<search_title>Biospace</search_title>
			<search_description>BioSpace is a provider of web-based resources and information to the life science industry. For 20 years BioSpace has helped to accelerate communication and discovery among business and scientific leaders in the biopharmaceutical market. With a well-established site infrastructure and loyal online audience of over 1 million unique monthly visitors, BioSpace.com offers an unparalleled distribution channel for recruitment, investment, product, event and other life science industry messages.</search_description>
			<url>http://www.biospace.com</url>
			<search_url>http://www.google.com/search?q=site:www.biospace.com+{$formKeywords}</search_url>
			
		</search>
	</context>
	<context>
		<context_title>Online forums</context_title>
		<context_abbrev>Online forums</context_abbrev>
		<context_description>Choose online, open-access online forums that would enrich the context of the research studies on your site.</context_description>

		<search>
			<search_title>MInd: the Meetings Index</search_title>
			<search_description>Use this service to identify and locate the organizers and sponsors for future conferences, congresses, meetings and symposia, as well as conference proceedings (for future and past conferences).</search_description>
			<url>http://www.interdok.com/</url>
			<search_url>http://www.google.com/search?q=site%3Ainterdok.com/mind/+{$formKeywords}</search_url>
			
		</search>
	</context>
	<context>
		<context_title>Teaching files</context_title>
		<context_abbrev>Instructional</context_abbrev>
		<context_description>Immediately initiates a search based on the subject of the article or paper that connects users to free current and archival articles in the field from leading newspapers around the world.</context_description>

		<search>
			<search_title>Science, Mathematics, Engineering and Technology Education (SMETE)</search_title>
			<search_description>Science, Mathematics, Engineering and Technology Education (SMETE) contains a searchable working prototype of a National Science, Mathematics, Engineering, and Technology Education Digital Library.</search_description>
			<url>http://www.smete.org/</url>
			<search_url>http://www.smete.org/smete/?path=/public/find/search_results.jhtml&amp;_DARGS=/smete/public/find/index_body.jhtml&amp;/smete/forms/FindLearningObjects.operation=search&amp;_D:/smete/forms/FindLearningObjects.operation=%20&amp;_D:/smete/forms/FindLearningObjects.keyword=%20&amp;/smete/forms/FindLearningObjects.learningResourceType=&amp;_D:/smete/forms/FindLearningObjects.learningResourceType=%20&amp;/smete/forms/FindLearningObjects.grade=0-Any&amp;_D:/smete/forms/FindLearningObjects.grade=%20&amp;/smete/forms/FindLearningObjects.title=&amp;_D:/smete/forms/FindLearningObjects.title=%20&amp;/smete/forms/FindLearningObjects.author=&amp;_D:/smete/forms/FindLearningObjects.author=%20&amp;/smete/forms/FindLearningObjects.hostCollection=&amp;_D:/smete/forms/FindLearningObjects.hostCollection=%20&amp;/smete/forms/FindLearningObjects.afterYear=&amp;_D:/smete/forms/FindLearningObjects.afterYear=%20&amp;/smete/forms/FindLearningObjects.beforeYear=&amp;_D:/smete/forms/FindLearningObjects.beforeYear=%20&amp;&amp;/smete/forms/FindLearningObjects.keyword={$formKeywords}</search_url>
			
		</search>
	</context>
	<context>
		<context_title>Government policy</context_title>
		<context_abbrev>Gov Policy</context_abbrev>
		<context_description>Access to Information and services gateway run by the Government of the United States and Canada.</context_description>

		<search>
			<search_title>Access to Australian Government Information and Services</search_title>
			<search_description>The Australian Government Entry Point offers comprehensive and integrated access to Australian Government information and services.  You will find a concentrated body of Australian Government information through this site. &lt;a href=&quot;http://www.australia.gov.au&quot;&gt;www.australia.gov.au&lt;/a&gt; currently signposts over 700 Australian Government web sites, indexes more than 5,000,000 pages and uses both metadata and full text indexing to ensure it is a comprehensive government portal.</search_description>
			<url>http://www.fed.gov.au</url>
			<search_url>http://govsearch.australia.gov.au/search/search.cgi?collection=gov&amp;form=au&amp;query=&amp;query_phrase=&amp;query_or=&amp;query_not=&amp;meta_f_sand=&amp;scope=&amp;fscope=512&amp;num_ranks=20&amp;chksummary=chksummary&amp;query_and={$formKeywords}</search_url>
			
		</search>
		<search>
			<search_title>The Government of Canada</search_title>
			<search_description>You can search across all government departments federal departments and agencies as well as provincial, territorial and municipal governments. There is a Departments and Agencies link, and the A to Z Index offers a keyword search to programmes and services. 

A recent development on Departmental sites is the inclusion of a &quot;Proactive Disclosure&quot; page, which outlines travel and hospitality expenses, disclosure of contracts, grants and awards. 

The About Canada page includes links to Departments and Agencies, Structure of the Canadian Government, Commissions of Inquiry and more. 

In addition to Department web sites, the government has been creating Portals which bring together information from across federal and provincial sources, and non-governmental organizations as well.</search_description>
			<url>http://www.canada.gc.ca/main_e.html</url>
			<search_url>http://search-recherche.gc.ca/cgi-bin/query?mss=canada%2Fen%2Fsimple&amp;pg=q&amp;enc=iso88591&amp;site=main&amp;bridge=&amp;stt=&amp;lowercaseq=&amp;what=web&amp;user=searchintranet&amp;browser=N6E&amp;kl=XX&amp;op=a&amp;q={$formKeywords}</search_url>
			
		</search>
		<search>
			<search_title>Directgov</search_title>
			<search_description>Directgov is a government service giving people access to the latest and widest range of public service information in one place on the Web and on Digital TV. Directgov uses the specifications formulated and consulted on through UK GovTalk.</search_description>
			<url>http://www.direct.gov.uk</url>
			<search_url>http://www.direct.gov.uk/AdvancedSearch/SearchResults/fs/en?NP=1&amp;PO1=C&amp;PI1=W&amp;PF1=A&amp;PG=1&amp;RP=20&amp;SC=__dgov_site&amp;Z=1&amp;PT1={$formKeywords}</search_url>
			
		</search>
		<search>
			<search_title>Info4local.gov.uk</search_title>
			<search_description>Information for local government from central government.  This site gives local authorities a quick and easy way to find relevant information on the web sites of central government departments, agencies and public bodies. It includes extensive information on implementing electronic government.</search_description>
			<url>http://www.info4local.gov.uk</url>
			<search_url>http://www.info4local.gov.uk/?view=Search+results&amp;subjects=all&amp;departmentsIds=0&amp;informationTypesIds=all&amp;query={$formKeywords}</search_url>
			
		</search>
		<search>
			<search_title>The New Zealand government portal</search_title>
			<search_description>The New Zealand government portal is a website providing search capability for, and links into the online and offline information and services of most government agencies.  This site is managed and maintained by the State Services Commission, a New Zealand government department.</search_description>
			<url>http://www.govt.nz</url>
			<search_url>http://www.govt.nz/search?type=spider&amp;t=spider&amp;q={$formKeywords}</search_url>
			
		</search>
		<search>
			<search_title>Europa</search_title>
			<search_description>Current information on the member countries of the European Union, including statistical data, policies, news, official documents, legal texts, and other publications.</search_description>
			<url>http://europa.eu.int/index_en.htm</url>
			<search_url>http://europa.eu.int/geninfo/query/resultaction.jsp?page=1</search_url>
			<search_post>Collection=EuropaFull&amp;ResultTemplate=/result_en.jsp&amp;ResultCount=25&amp;qtype=simple&amp;ResultMaxDocs=200&amp;DefaultLG=en&amp;QueryText={$formKeywords}</search_post>			
		</search>
		<search>
			<search_title>The Global Legal Information Network (GLIN)</search_title>
			<search_description>The Global Legal Information Network (GLIN) is a database of laws, regulations, judicial decisions, and other complementary legal sources contributed by governmental agencies and international organizations. These GLIN members contribute the official full texts of published documents to the database in their original language. Each document is accompanied by a summary in English and subject terms selected from the multilingual index to GLIN.</search_description>
			<url>http://www.glin.gov</url>
			<search_url>http://www.glin.gov/search.do?refineQuery=&amp;offset=0&amp;refineQueryType=&amp;fromSearch=true&amp;queryType=ALL&amp;searchBtn=Search&amp;includeAllFields=on&amp;searchAll=on&amp;sumLanguage=any&amp;pubLanguage=any&amp;pubJurisdiction=any&amp;publicationJurisdictionExclude=false&amp;searchPublicationDate=true&amp;dateFromDay=01&amp;dateFromMonth=01&amp;dateFromYear=&amp;dateToDay=01&amp;dateToMonth=01&amp;dateToYear=&amp;subjTerm=&amp;subjTermConjunction%5B0%5D=AND&amp;subjTerm=&amp;subjTermConjunction%5B1%5D=AND&amp;subjTerm=&amp;subjTermConjunction%5B2%5D=AND&amp;subjTerm=&amp;subjTermConjunction%5B3%5D=AND&amp;subjTerm=&amp;searchOrder=default&amp;hitsPerPage=10&amp;showSummary=on&amp;queryString={$formKeywords}</search_url>
			
		</search>
		<search>
			<search_title>FirstGov</search_title>
			<search_description>FirstGov (U.S. federal and state) is a public-private partnership, led by a cross-agency board.</search_description>
			<url>http://www.firstgov.gov/</url>
			<search_url>http://www.firstgov.gov/fgsearch/index.jsp?db=www&amp;st=AS&amp;ms0=should&amp;mt0=all&amp;rn=2&amp;parsed=true&amp;x=2&amp;y=8&amp;mw0={$formKeywords}</search_url>
			
		</search>
		<search>
			<search_title>Canada Sites</search_title>
			<search_description>Canada Sites provides an information and services gateway run by the Government of Canada and each of the provinces.</search_description>
			<url>http://www.canada.gc.ca/main_e.html</url>
			<search_url>http://search-recherche.gc.ca/cgi-bin/query?mss=canada%2Fen%2Fsimple.html&amp;enc=iso88591&amp;pg=q&amp;kl=en&amp;site=main&amp;q={$formKeywords}</search_url>
			
		</search>
	</context>
	<context>
		<context_title>Media reports</context_title>
		<context_abbrev>Media reports</context_abbrev>
		<context_description>Immediately initiates a search based on the subject of the article or paper that connects users to free current and archival articles in the field from leading newspapers around the world.</context_description>

		<search>
			<search_title>Biospace</search_title>
			<search_description>BioSpace is a provider of web-based resources and information to the life science industry. For 20 years BioSpace has helped to accelerate communication and discovery among business and scientific leaders in the biopharmaceutical market. With a well-established site infrastructure and loyal online audience of over 1 million unique monthly visitors, BioSpace.com offers an unparalleled distribution channel for recruitment, investment, product, event and other life science industry messages.</search_description>
			<url>http://www.biospace.com</url>
			<search_url>http://www.biospace.com/Default.aspx</search_url>
			<search_post>ctl00$DropDownList1=News&amp;ctl00$TextBox1={$formKeywords}</search_post>			
		</search>
		<search>
			<search_title>Google News</search_title>
			<search_description>Search news reports using the popular search engine Google's news feature.</search_description>
			<url>http://news.google.com/</url>
			<search_url>http://news.google.com/news?hl=en&amp;q={$formKeywords}</search_url>
			
		</search>
		<search>
			<search_title>The Scientist</search_title>
			<search_description>The Scientist is the online resource for the printed magazine, The Scientist. Provides access to information useful to those working in or studying the life sciences.</search_description>
			<url>http://www.the-scientist.com/</url>
			<search_url>http://www.the-scientist.com/search/dosearch/</search_url>
			<search_post>box_type=toolbar&amp;search_restriction=all&amp;order_by=date&amp;search_terms={$formKeywords}</search_post>			
		</search>
		<search>
			<search_title>Nature Science Update</search_title>
			<search_description>Nature Science Update provides daily news stories written by the editors of the Nature Journal.</search_description>
			<url>http://www.nature.com/nsu/</url>
			<search_url>http://search.nature.com/search/?sp-x-9=cat&amp;sp-q-9=NEWS&amp;submit=go&amp;sp-a=sp1001702d&amp;sp-sfvl-field=subject%7Cujournal&amp;sp-t=results&amp;sp-x-1=ujournal&amp;sp-p-1=phrase&amp;sp-p=all&amp;sp-q={$formKeywords}</search_url>
			
		</search>
		<search>
			<search_title>Scientific American Archive</search_title>
			<search_description>Scientific American Archive is the online science and technology resource offering access to every page and every issue of Scientific American magazine from 1993 to the present.</search_description>
			<url>http://www.sciamdigital.com/</url>
			<search_url>http://www.sciamdigital.com/index.cfm?fa=Search.ViewSearchForItemResultList&amp;AUTHOR_CHAR=TITLE_CHAR&amp;FullText_CHAR={$formKeywords}</search_url>
			
		</search>
		<search>
			<search_title>Newsdirectory</search_title>
			<search_description>Newsdirectory is a comprehensive and searchable guide to the world's English-language online media. Currently over 8,000 newspapers and magazines are listed, as well as more than 1,000 U.S. television broadcasters.</search_description>
			<url>http://www.newsdirectory.com/</url>
			<search_url>http://www.newsdirectory.com/hbSearch.php</search_url>
			<search_post>s={$formKeywords}&amp; submit=Go</search_post>
			
		</search>
	</context>
	<context>
		<context_title>Web search</context_title>
		<context_abbrev>Web search</context_abbrev>
		<context_description>Enter a search term for Internet resources through various search engines.</context_description>

		<search>
			<search_title>Google</search_title>
			<search_description>Search using the popular Google search engine.</search_description>
			<url>http://www.google.com/</url>
			<search_url>http://www.google.com/search?q={$formKeywords}</search_url>
			
		</search>
		<search>
			<search_title>Google Scholar</search_title>
			<search_description>Google Scholar enables specific searches of scholarly literature, including peer-reviewed papers, theses, books, pre-prints, abstracts, and technical reports. Content includes a range of publishers and aggregators with whom Google already has standing arrangements, e.g., the Association for Computing Machinery, IEEE, OCLC's Open WorldCat library locator service, etc. Result displays will show different version clusters, citation analysis, and library location (currently books only).</search_description>
			<url>http://scholar.google.com</url>
			<search_url>http://scholar.google.com/scholar?ie=UTF-8&amp;oe=UTF-8&amp;hl=en&amp;q={$formKeywords}</search_url>
			
		</search>
		<search>
			<search_title>Clusty the Clustering Engine</search_title>
			<search_description>This search tool from Vivismo offers clustered results for a selection of searches.  Metasearch the whole web, or use tabs to search for news, gossip, images, orproducts via Bizrate or eBay.</search_description>
			<url>http://clusty.com/</url>
			<search_url>http://clusty.com/search?query={$formKeywords}</search_url>
			
		</search>
		<search>
			<search_title>Vivisimo</search_title>
			<search_description>The award-winning Vivisimo clustering technology, developed by Carnegie Mellon research scientists, is unlocking the value of stored information at Fortune 500 companies, top websites, prestigious publishers and government agencies by categorizing research results on the fly into meaningful orders, thus achieving breakthrough improvement in access to relevant information.</search_description>
			<url>http://vivisimo.com</url>
			<search_url>http://vivisimo.com/search?tb=homepage&amp;v%3Asources=Web&amp;query={$formKeywords}</search_url>
			
		</search>
	</context>
</version>
