<?xml version="1.0" encoding="UTF-8"?>
<!DOCTYPE version SYSTEM "../../lib/pkp/dtd/rtVersion.dtd">

<!--
  * Life_Sciences.xml
  *
  * Copyright (c) 2013-2016 Simon Fraser University Library
  * Copyright (c) 2003-2016 John Willinsky
  * Distributed under the GNU GPL v2. For full terms see the file docs/COPYING.
  *
  * Reading Tools version: Life Sciences (en_US)
  *
  -->

<version id="Life_Sciences" locale="en_US">
	<version_title>Life Sciences</version_title>
	<version_description>The Reading Tools can help readers of this study consult a wide range of related resources that can provide a context for interpreting, situating and evaluating the study.</version_description>

	<context>
		<context_title>Author's work</context_title>
		<context_abbrev>Other Works</context_abbrev>
		<context_description>Identify other works by the article's author(s) by using OAI engines.</context_description>
		<author_terms />
		<search>
			<search_title>Google Scholar</search_title>
			<search_description>Google Scholar enables specific searches of scholarly literature, including peer-reviewed papers, theses, books, pre-prints, abstracts, and technical reports. Content includes a range of publishers and aggregators with whom Google already has standing arrangements, e.g., the Association for Computing Machinery, IEEE, OCLC's Open WorldCat library locator service, etc. Result displays will show different version clusters, citation analysis, and library location (currently books only).</search_description>
			<url>http://scholar.google.com</url>
			<search_url>http://scholar.google.com/scholar?ie=UTF-8&amp;oe=UTF-8&amp;hl=eng&amp;as_sauthors={$formKeywords}</search_url>
			
		</search>
		<search>
			<search_title>OAIster (Open Archives Initiative research databases)</search_title>
			<search_description>OAIster is a project of the University of Michigan Digital Library Production Services, and provides searching a wide variety of collections from a wide variety of institutions. These institutions have made the records of their digital resources available to access, and the project team has gathered and aggregated them into the OAIster service.</search_description>
			<url>http://oaister.umdl.umich.edu/</url>
			<search_url>http://oaister.umdl.umich.edu/cgi/b/bib/bib-idx?type=boolean&amp;size=10&amp;c=oaister&amp;q1=&amp;rgn1=entire+record&amp;op2=and&amp;q2=&amp;rgn2=entire+record&amp;op3=And&amp;q3=&amp;rgn3=title&amp;op4=And&amp;rgn4=author&amp;op5=And&amp;q5=&amp;rgn5=subject&amp;op6=And&amp;rgn6=norm&amp;q6=all+types&amp;sort=author%2Fcreator&amp;submit2=search&amp;q4={$formKeywords}</search_url>
			
		</search>
		<search>
			<search_title>Scirus</search_title>
			<search_description>Scirus searches both free and access controlled journal sources. It currently covers the Web, ScienceDirect, MEDLINE on BioMedNet, Beilstein on ChemWeb, Neuroscion, BioMed Central and Patents from the USPTO.</search_description>
			<url>http://www.scirus.com/</url>
			<search_url>http://www.scirus.com/search_simple/?frm=simple&amp;dsmem=on&amp;dsweb=on&amp;wordtype_1=phrase&amp;query_1={$formKeywords}</search_url>
			
		</search>
		<search>
			<search_title>Public Knowledge Project Open Archives Harvester</search_title>
			<search_description>The PKP Open Archives Harvester is a free metadata indexing system developed by the Public Knowledge Project through its federally funded efforts to expand and improve access to research. The PKP OAI Harvester allows you to create a searchable index of the metadata from Open Archives Initiative-compliant archives, such as sites using Open Journal Systems or Open Conference Systems.</search_description>
			<url>http://pkp.sfu.ca/harvester/</url>
			<search_url>http://pkp.sfu.ca/harvester/search.php?limit=author&amp;query={$formKeywords}</search_url>
			
		</search>
		<search>
			<search_title>Centers for Disease Control and Prevention (CDC)</search_title>
			<search_description>The CDC Web site provides access to the full text of MMWR and other CDC publications and data archives. Publications are searchable through CDC Wonder.</search_description>
			<url>http://www.cdc.gov/</url>
			<search_url>http://www.cdc.gov/search.do?action=search&amp;x=0&amp;y=0&amp;queryText={$formKeywords}</search_url>
			
		</search>
		<search>
			<search_title>HighWire</search_title>
			<search_description>HighWire is one of the highest-impact journals in the field of science, technology and medicine. As of March 2002 HighWire contained 11,785,877 articles in over 4,500 Medline journals and 405,385 free full text articles from 321 HighWire-based journals.</search_description>
			<url>http://highwire.stanford.edu/lists/freeart.dtl</url>
			<search_url>http://highwire.stanford.edu/cgi/searchresults?andorexactfulltext=and&amp;resourcetype=1&amp;src=hw&amp;fulltext=&amp;pubdate_year=&amp;volume=&amp;firstpage=&amp;disp_type=&amp;author1={$formKeywords}</search_url>
			
		</search>
		<search>
			<search_title>MEDLINE/PubMed</search_title>
			<search_description>MEDLINE is the National Library of Medicine's database of references to more than 11 million articles published in 4300 biomedical journals.</search_description>
			<url>http://www.ncbi.nlm.nih.gov/pubmed/</url>
			<search_url>http://www.ncbi.nlm.nih.gov/entrez/query.fcgi?db=PubMed&amp;orig_db=PubMed&amp;cmd=search&amp;cmd_current=&amp;query_key=1&amp;term={$formKeywords}</search_url>
			
		</search>
		<search>
			<search_title>NetPrints</search_title>
			<search_description>NetPrints provides a place for authors to archive their completed studies before, during, or after peer review by other agencies. Its scope is original research into clinical medicine and health.</search_description>
			<url>http://clinmed.netprints.org/search.dtl</url>
			<search_url>http://www.google.com/search?hl=en&amp;q=site%3Aclinmed.netprints.org+{$formKeywords}</search_url>
			
		</search>
		<search>
			<search_title>Intute: Health &amp; Life Sciences</search_title>
			<search_description>The Health and Life Sciences pages of Intute is a free online service providing you with access to the very best web resources for education and research, evaluated and selected by a network of subject specialists. There are over 31,000 resource descriptions listed here that are freely accessible for keyword searching or browsing.

This service was formerly known as BIOME.</search_description>
			<url>http://www.intute.ac.uk/healthandlifesciences/</url>
			<search_url>http://www.intute.ac.uk/healthandlifesciences/cgi-bin/search.pl?submit.x=20&amp;submit.y=16&amp;submit=Go&amp;limit=0&amp;subject=healthandlifesciences&amp;term1={$formKeywords}</search_url>
			
		</search>
	</context>
	<context>
		<context_title>Look up terms</context_title>
		<context_abbrev>Look up terms</context_abbrev>
		<context_description>Double click on any word in the text and it will appear in the &quot;Definition of terms&quot; box. You can also type or paste a word into the box. Then use the search function to find a definition for the word. These resources have been selected because of their relevance and their open (free) access to all or part of their contents.</context_description>
		<define_terms />
		<search>
			<search_title>Google</search_title>
			<search_description>Search for definitions using the popular Google search engine.</search_description>
			<url>http://www.google.com/</url>
			<search_url>http://www.google.com/search?hl=en&amp;q=define%3A{$formKeywords}</search_url>
			
		</search>
		<search>
			<search_title>ADAM Medical Encyclopedia</search_title>
			<search_description>The ADAM Medical Encyclopedia includes over 4,000 articles about diseases, tests, symptoms, injuries, and surgeries. It also contains an extensive library of medical photographs and illustrations.</search_description>
			<url>http://www.nlm.nih.gov/medlineplus/encyclopedia.html</url>
			<search_url>http://search.nlm.nih.gov/medlineplus/query?DISAMBIGUATION=true&amp;FUNCTION=search&amp;SHOWTOPICS=5&amp;SERVER2=server2&amp;SERVER1=server1&amp;ASPECT=-1&amp;START=0&amp;END=0&amp;x=29&amp;y=10&amp;PARAMETER={$formKeywords}</search_url>
			
		</search>
		<search>
			<search_title>Life Sciences Dictionary from BioTech</search_title>
			<search_description>Life Sciences Dictionary from BioTech comprises 8,300+ terms relating to biochemistry, biotechnology, botany, cell biology and genetics, as well as selective entries on ecology, limnology, pharmacology, toxicology and medicine.</search_description>
			<url>http://biotech.icmb.utexas.edu/search/dict-search.html</url>
			<search_url>http://biotech.icmb.utexas.edu/search/dict-search2.html?bo1=AND&amp;search_type=normal&amp;def=&amp;word={$formKeywords}</search_url>
			
		</search>
		<search>
			<search_title>MedTerms Medical Dictionary Index</search_title>
			<search_description>MedTerms Medical Dictionary Index is a doctor-produced encyclopedic medical dictionary, almost daily updated. Can be browsed by using the A to Z Index above or by typing the term in the Search Box below and click.</search_description>
			<url>http://www.medicinenet.com/script/main/AlphaIdx.asp?li=MNI&amp;p=A_DICT</url>
			<search_url>http://www.medicinenet.com/script/main/srchCont.asp?li=MNI&amp;ArtTypeID=DICT&amp;op=MM&amp;SRC={$formKeywords}</search_url>
			
		</search>
		<search>
			<search_title>Merriam-Webster Online</search_title>
			<search_description>A dictionary based on the Webster 10th Collegiate edition, 1993, with updates added annually. More than 160,000 entries. Each word is accompanied by definition, pronunciation, usage, grammatical function, and a brief etymology. Includes a thesaurus. Misspellings return suggested spellings. The dictionary's search system supports internal wildcards and right hand truncation searching. Includes an extensive pronunciation guide and sound files for the pronunciation of many terms.</search_description>
			<url>http://www.merriam-webster.com/</url>
			<search_url>http://www.merriam-webster.com/cgi-bin/dictionary?book=Dictionary&amp;va={$formKeywords}</search_url>
			
		</search>
		<search>
			<search_title>OneLook Dictionaries</search_title>
			<search_description>OneLook is a meta-dictionary. Enter an English language word or acronym, and OneLook will search its index of 5,292,362 words in 934 dictionaries indexed in general and special interest dictionaries for the definition.</search_description>
			<url>http://www.onelook.com/index.html</url>
			<search_url>http://www.onelook.com/?ls=a&amp;w={$formKeywords}</search_url>
			
		</search>
		<search>
			<search_title>On-Line Medical Dictionary</search_title>
			<search_description>The dictionary started in early 1997 and has grown, to contain over 46,000 definitions totalling 17.5 megabytes. Entries are cross-referenced to each other and to related resources elsewhere on the net. It is freely available on the Internet via the World-Wide Web.  OMD is a searchable dictionary created by Dr Graham Dark and contains terms relating to biochemistry, cell biology, chemistry, medicine, molecular biology, physics, plant biology, radiobiology, science and technology. It includes: acronyms, jargon, theory, conventions, standards, institutions, projects, eponyms, history, in fact anything to do with medicine or science.</search_description>
			<url>http://cancerweb.ncl.ac.uk/cgi-bin/omd?</url>
			<search_url>http://cancerweb.ncl.ac.uk/cgi-bin/omd?query={$formKeywords}</search_url>
			
		</search>
		<search>
			<search_title>Wikipedia: The Free Encyclopedia</search_title>
			<search_description>&quot;Wikipedia is a free content encyclopedia that is being written collaboratively by contributors from all around the world. The site is a WikiWiki, meaning that anyone ... can edit any article. ...&quot; Without editorial oversight, the quality of the content on this site varies dramatically, but it is worth exploring. The English version has hundreds of thousands of entries. Spanish, French, and Esperanto are among the several other languages offered.</search_description>
			<url>http://en.wikipedia.org/wiki/Main_Page</url>
			<search_url>http://en.wikipedia.org/wiki/Special:Search?go=Go&amp;fulltext=Search&amp;search={$formKeywords}</search_url>
			
		</search>
		<search>
			<search_title>Infoplease.com</search_title>
			<search_description>This site includes contents of the Information Please Almanacs, a biography database, a dictionary, an atlas, and articles from the Columbia Encyclopedia. You can search these ready reference works together or separately or browse the Almanacs. There are feature stories each week covering topics in the news, with links to pertinent Almanac content and other Web resources.</search_description>
			<url>http://www.infoplease.com</url>
			<search_url>http://www.infoplease.com/search?fr=iptn&amp;in=all&amp;x=0&amp;y=0&amp;query={$formKeywords}</search_url>
			
		</search>
	</context>
	<context>
		<context_title>Related studies</context_title>
		<context_abbrev>Related studies</context_abbrev>
		<context_description>Access to related studies by establishing a working link with an open-access (free) database, with abstracts and/or full texts related to your topic.</context_description>

		<search>
			<search_title>Centers for Disease Control and Prevention (CDC)</search_title>
			<search_description>The CDC Web site provides access to the full text of MMWR and other CDC publications and data archives. Publications are searchable through CDC Wonder.</search_description>
			<url>http://www.cdc.gov/</url>
			<search_url>http://www.cdc.gov/search.do?action=search&amp;x=0&amp;y=0&amp;queryText={$formKeywords}</search_url>
			
		</search>
		<search>
			<search_title>ClinicalTrials.gov</search_title>
			<search_description>ClinicalTrials.gov (National Institutes of Health) provides information for patients about clinical research studies.</search_description>
			<url>http://www.clinicaltrials.gov</url>
			<search_url>http://search.nhsdirect.nhs.uk/kbroker/nhsdirect/nhsdirect/search.lsim?hs=0&amp;sm=0&amp;ha=1054&amp;sc=nhsdirect&amp;mt=0&amp;sb=0&amp;nh=3&amp;qt={$formKeywords}</search_url>
			
		</search>
		<search>
			<search_title>Scirus</search_title>
			<search_description>Scirus searches both free and access controlled journal sources. It currently covers the Web, ScienceDirect, MEDLINE on BioMedNet, Beilstein on ChemWeb, Neuroscion, BioMed Central and Patents from the USPTO.</search_description>
			<url>http://www.scirus.com/</url>
			<search_url>http://www.scirus.com/search_simple/?frm=simple&amp;dsmem=on&amp;dsweb=on&amp;wordtype_1=phrase&amp;query_1={$formKeywords}</search_url>
			
		</search>
		<search>
			<search_title>Emedicine</search_title>
			<search_description>Emedicine is a directory of free online medical articles and up-to-date, searchable, peer-reviewed medical textbooks for physicians, veterinarians, medical students, physician assistants, nurse practitioners, nurses and the public.</search_description>
			<url>http://www.emedicine.com/</url>
			<search_url>http://www.emedicine.com/cgi-bin/foxweb.exe/searchengine@/em/searchengine?boolean=and&amp;book=all&amp;maxhits=100&amp;HiddenURL=&amp;query={$formKeywords}</search_url>
			
		</search>
		<search>
			<search_title>HealthWeb</search_title>
			<search_description>Provides links to evaluated information resources selected by librarians and information professionals at academic medical centers in the Midwest. The goal is to meet the health information needs of both health care professionals and consumers. A collaborative project of the health sciences libraries of the Greater Midwest Region (GMR), of the National Network of Libraries of Medicine (NN/LM), and of the Committee for Institutional Cooperation.</search_description>
			<url>http://www.healthweb.org/</url>
			<search_url>http://www.healthweb.org/quicksearch_results5.cfm?StartRow=1&amp;maxrows=25&amp;Criteria_required=You+Must+enter+a+Keyword&amp;where=1&amp;criteria={$formKeywords}</search_url>
			
		</search>
		<search>
			<search_title>HighWire</search_title>
			<search_description>HighWire is one of the highest-impact journals in the field of science, technology and medicine. As of March 2002 HighWire contained 11,785,877 articles in over 4,500 Medline journals and 405,385 free full text articles from 321 HighWire-based journals.</search_description>
			<url>http://highwire.stanford.edu/lists/freeart.dtl</url>
			<search_url>http://highwire.stanford.edu/cgi/searchresults?andorexactfulltext=and&amp;resourcetype=1&amp;author1=&amp;src=ml&amp;disp_type=&amp;fulltext={$formKeywords}</search_url>
			
		</search>
		<search>
			<search_title>MEDLINE/PubMed</search_title>
			<search_description>MEDLINE is the National Library of Medicine's database of references to more than 11 million articles published in 4300 biomedical journals.</search_description>
			<url>http://www.ncbi.nlm.nih.gov/pubmed/</url>
			<search_url>http://www.ncbi.nlm.nih.gov/entrez/query.fcgi?db=PubMed&amp;orig_db=PubMed&amp;cmd=search&amp;cmd_current=&amp;query_key=1&amp;term={$formKeywords}</search_url>
			
		</search>
		<search>
			<search_title>MEDLINEplus</search_title>
			<search_description>MEDLINEplus will direct you to information to help answer health questions. It brings together, by health topic, authoritative information from the world's largest medical library, the National Library of Medicine at the National Institutes of Health. Designed for both health professionals and consumers, this service provides extensive information about specific diseases and conditions.</search_description>
			<url>http://medlineplus.gov/</url>
			<search_url>http://search.nlm.nih.gov/medlineplus/query?DISAMBIGUATION=true&amp;FUNCTION=search&amp;SERVER2=server2&amp;SERVER1=server1&amp;PARAMETER={$formKeywords}</search_url>
			
		</search>
		<search>
			<search_title>NetPrints</search_title>
			<search_description>NetPrints provides a place for authors to archive their completed studies before, during, or after peer review by other agencies. Its scope is original research into clinical medicine and health.</search_description>
			<url>http://clinmed.netprints.org/search.dtl</url>
			<search_url>http://www.google.com/search?hl=en&amp;q=site%3Aclinmed.netprints.org+{$formKeywords}</search_url>
			
		</search>
		<search>
			<search_title>Intute: Health &amp; Life Sciences</search_title>
			<search_description>The Health and Life Sciences pages of Intute is a free online service providing you with access to the very best web resources for education and research, evaluated and selected by a network of subject specialists. There are over 31,000 resource descriptions listed here that are freely accessible for keyword searching or browsing.</search_description>
			<url>http://www.intute.ac.uk/healthandlifesciences/</url>
			<search_url>http://www.intute.ac.uk/healthandlifesciences/cgi-bin/search.pl?submit.x=20&amp;submit.y=16&amp;submit=Go&amp;limit=0&amp;subject=healthandlifesciences&amp;term1={$formKeywords}</search_url>
			
		</search>
	</context>
	<context>
		<context_title>Multimedia</context_title>
		<context_abbrev>Multimedia</context_abbrev>
		<context_description>Multimedia content</context_description>

		<search>
			<search_title>The Open Video Project</search_title>
			<search_description>The Open Video project is a collection of public domain digital video available for research and other purposes.  The purpose of the Open Video Project is to collect and make available a repository of digitized video content for the digital video, multimedia retrieval, digital library, and other research communities.</search_description>
			<url>http://www.open-video.org/index.php</url>
			<search_url>http://www.open-video.org/results.php?search_field=all&amp;terms={$formKeywords}</search_url>
			
		</search>
	</context>
	<context>
		<context_title>Book searches</context_title>
		<context_abbrev>Book searches</context_abbrev>
		<context_description>Book-related Resources</context_description>

		<search>
			<search_title>Google Print</search_title>
			<search_description>Google is working with libraries at the University of Michigan, Harvard University, Stanford University, Oxford University and the New York Public Library to digitize books in their collections and make them accessible via Google Print, a massive scanning project that will bring millions of volumes of printed books into the Google Print database.  Click a book title and you'll see the page of the book that has your search terms, your can search for more information within that specific book, find reviews, find related information, learn about the publisher, buy this book, and find nearby libraries that have it.</search_description>
			<url>http://print.google.com</url>
			<search_url>http://print.google.com/print?q={$formKeywords}</search_url>
			
		</search>
		<search>
			<search_title>Online books Page</search_title>
			<search_description>Online books Page, edited by John Mark Ockerbloom, at the University of Pennsylvania.  This is an excellent starting point in the search for full-text books on the Internet. Over 20,000 English works in various formats available online at different sites. Entries may be searched by author or title. An interesting feature allows browsing by Library of Congress call number categories. New listings are added regularly and are listed on a separate web page at &lt;a href=&quot;http://onlinebooks.library.upenn.edu/new.html&quot;&gt;http://onlinebooks.library.upenn.edu/new.html&lt;/a&gt;.</search_description>
			<url>http://digital.library.upenn.edu/books/</url>
			<search_url>http://onlinebooks.library.upenn.edu/webbin/book/search?tmode=words&amp;title={$formKeywords}</search_url>
			
		</search>
		<search>
			<search_title>Books-On-Line</search_title>
			<search_description>A collection of over 32935 titles, although some are only excerpts. Browse by subject or search by author or title. Not all items are free.</search_description>
			<url>http://www.books-on-line.com/</url>
			<search_url>http://www.books-on-line.com/bol/KeyWordSearch.cfm?RowCount=50&amp;Searchquery={$formKeywords}</search_url>
			
		</search>
		<search>
			<search_title>National Academy Press(NAP)</search_title>
			<search_description>The National Academy Press (NAP) publishes over 200 books a year on a wide range of topics in science, engineering, and health, capturing the most authoritative views on important issues in science and health policy.</search_description>
			<url>http://books.nap.edu/books/0309070317/html/177.html</url>
			<search_url>http://search.nap.edu/nap-cgi/napsearch.cgi?term={$formKeywords}</search_url>
			
		</search>
		<search>
			<search_title>Universal Library</search_title>
			<search_description>The Universal Library is considerably more involved, and more ambitious -- it has amassed a collection of 100,000 e-books (some of them from Project Gutenberg), and is aiming for 1 million e-books by the end of 2006.</search_description>
			<url>http://tera-3.ul.cs.cmu.edu/</url>
			<search_url>http://tera-3.ul.cs.cmu.edu/cgi-bin/DBscripts/advsearch_db.cgi?perPage=25&amp;listStart=0&amp;author1=&amp;subject1=Any&amp;year1=&amp;year2=&amp;language1=Any&amp;scentre=Any&amp;search=Search&amp;title1={$formKeywords}</search_url>
			
		</search>
	</context>
	<context>
		<context_title>Pay-per-view</context_title>
		<context_abbrev>Pay-per-view</context_abbrev>
		<context_description>A pay-per-view service is for those who do not have direct access to electronic journal articles via subscriptions. The service allows customers to gain direct access to an article by paying by credit card using the RSC's secure payment mechanism. Immediately the payment details have been validated, the customer can gain access to the required article file for a period of 30 days.</context_description>

		<search>
			<search_title>Ingenta</search_title>
			<search_description>Ingenta restricts access to full text articles. Although access to the full text costs money, the site can be used as a free index.</search_description>
			<url>http://www.ingenta.com/</url>
			<search_url>http://www.ingenta.com/isis/searching/Search/ingenta?database=1&amp;title={$formKeywords}</search_url>
			
		</search>
		<search>
			<search_title>ebrary</search_title>
			<search_description>Independent researchers who do not have access to ebrary?s databases through their library may now set up an individual account for as little as $5. ebrary Discover spans multiple academic disciplines and provides anytime, anywhere access to over 20,000 authoritative titles including books in full-text, sheet music, reports and other authoritative documents from more than 175 leading publishers such as Cambridge University Press, Random House, Inc., and The McGraw-Hill Companies.</search_description>
			<url>http://www.ebrary.com/corp/content.htm</url>
			<search_url>http://shop.ebrary.com/Top?layout=search&amp;f00=text&amp;p01=&amp;f01=subject&amp;d=journal&amp;l=en&amp;sch=%A0%A0%A0%A0%A0Search%A0%A0%A0%A0%A0&amp;frm=adv.x&amp;p00={$formKeywords}</search_url>
			
		</search>
		<search>
			<search_title>Questia</search_title>
			<search_description>Questia provides access to over 47,000 books and 375,000 journal, magazine, and newspaper articles. All books and articles are available in their entirety - search every page. The subscription rate is ranging from 19.05 per month to 119.95 per year.</search_description>
			<url>http://www.questia.com</url>
			<search_url>http://www.questia.com/SM.qst?act=search&amp;keywordsSearchType=1000&amp;mediaType=book&amp;mediaType=journal&amp;mediaType=magazine&amp;mediaType=newspaper&amp;mediaType=encyclopedia&amp;mediaType=startpage&amp;keywords={$formKeywords}</search_url>
			
		</search>
		<search>
			<search_title>TheScientificWorld</search_title>
			<search_description>TheScientificWorld offers sciBASE to give free access to a collection of databases of scientific, technical and medical research literature. sciBASE now also features immediate digital delivery of full text articles from over 700 journals produced by participating publishers, and sciBASE is particularly effective for users who do not have library support (non-mediated environments).</search_description>
			<url>http://www.thescientificworld.com/</url>
			<search_url>http://www.thescientificworld.com/SCIENTIFICWORLDJOURNAL/search/SearchResults.asp?From=Main&amp;Terms={$formKeywords}</search_url>
			
		</search>
		<search>
			<search_title>Wiley InterScience Pay-per-view Service</search_title>
			<search_description>Wiley InterScience Pay-per-view affords instant, full-text access to an extensive collection of journal articles or book chapters available on Wiley InterScience without the need for a subscription. This service allows anyone to purchase access to individual journal articles or book chapters directly by using a credit card. Access is instant and available for 24 hours.</search_description>
			<url>http://www3.interscience.wiley.com/aboutus/ppv-articleselect.html</url>
			<search_url>http://www3.interscience.wiley.com/search/allsearch</search_url>
			<search_post>allContentSearchForm=&amp;mode=quicksearch&amp;WISindexid1=WISall&amp;WISsearch1={$formKeywords}</search_post>			
		</search>
	</context>
	<context>
		<context_title>Government health sites</context_title>
		<context_abbrev>Gov Health Sites</context_abbrev>
		<context_description>Access to health information resources provided by govenment.</context_description>

		<search>
			<search_title>Canadian Health Network</search_title>
			<search_description>Canadian Health Network (Canada) The Canadian Health Network (CHN) is a growing network, bringing together the best information resources of leading Canadian and international health information.</search_description>
			<url>http://www.canadian-health-network.ca/servlet/ContentServer?pagename=CHN-RCS/Page/HomePageTemplate&amp;cid=1038611684536&amp;c=Page&amp;lang=En</url>
			<search_url>http://www.canadian-health-network.ca/servlet/ContentServer?cid=1046357853421&amp;pagename=CHN-RCS%2FPage%2FSearchPageTemplate&amp;c=Page&amp;lang=En&amp;orderBy=ORDER_RANK&amp;searchType=ALL_WORDS&amp;logSearch=true&amp;searchStr={$formKeywords}</search_url>
			
		</search>
		<search>
			<search_title>Directgov</search_title>
			<search_description>Directgov is replacing UK online as the place to turn to for the latest and widest range of public service information from the UK government.</search_description>
			<url>http://www.direct.gov.uk/Homepage/fs/en</url>
			<search_url>http://www.direct.gov.uk/AdvancedSearch/SearchResults/fs/en?NP=1&amp;PO1=C&amp;PI1=W&amp;PF1=A&amp;PG=1&amp;RP=20&amp;SC=__dgov_site&amp;Z=1&amp;PT1={$formKeywords}</search_url>
			
		</search>
		<search>
			<search_title>HealthInsite</search_title>
			<search_description>HealthInsite (Australia) aims to improve the health of Australians by providing easy access to quality information about human health.</search_description>
			<url>http://www.healthinsite.gov.au</url>
			<search_url>http://www.healthinsite.gov.au/search97cgi/s97_cgi?Action=FilterSearch&amp;Filter=ve_quick_search_filter.hts&amp;ResultErrorTemplate=ve_error.hts&amp;ResultCount=10&amp;ResultMaxDocs=600&amp;gl_search_collection=full&amp;searchtype=simple&amp;collection=healthinsite_coll&amp;SortSpec=Score+desc+VDKDate_Modified+desc+VdkMeta_Title+asc+vdktarget_comp_num+asc&amp;ResultTemplate=ve_search_results_new.hts&amp;gl_search_text={$formKeywords}</search_url>
			
		</search>
		<search>
			<search_title>NHS Direct</search_title>
			<search_description>NHS Direct (UK) is a gateway to health information on the Internet in the United Kingdom. NHS Direct Online provides health advice and is supported by a 24 hour nurse advice and information help line.</search_description>
			<url>http://www.nhsdirect.nhs.uk</url>
			<search_url>http://search.nhsdirect.nhs.uk/kbroker/nhsdirect/nhsdirect/search.lsim?hs=0&amp;sm=0&amp;ha=1054&amp;sc=nhsdirect&amp;mt=0&amp;sb=0&amp;nh=3&amp;qt={$formKeywords}</search_url>
			
		</search>
		<search>
			<search_title>PubMed Central</search_title>
			<search_description>PubMed Central is a free online archive of full-text, peer-reviewed research papers in the life sciences.</search_description>
			<url>http://pubmedcentral.nih.gov/</url>
			<search_url>http://www.ncbi.nlm.nih.gov/entrez/query.fcgi?db=pmc&amp;cmd=search&amp;pmfilter_Fulltext=on&amp;pmfilter_Relevance=on&amp;term={$formKeywords}</search_url>
			
		</search>
	</context>
	<context>
		<context_title>Relevant portals</context_title>
		<context_abbrev>Relevant portals</context_abbrev>
		<context_description>Offer an entry point to other websites.</context_description>

		<search>
			<search_title>Hardin Meta Directory of Internet Health Resources</search_title>
			<search_description>List of lists compiled by the Hardin Library of the Health Sciences at the University of Iowa. Divided into longer, medium-sized and shorter lists of links. The Hardin MD Clean Bill of Health Award is given to the best sites that have connection rates of at least 93%.</search_description>
			<url>http://www.lib.uiowa.edu/hardin/md/index.html</url>
			<search_url>http://search.atomz.com/search/?sp-a=00050f6e-sp00000000&amp;sp-q={$formKeywords}</search_url>
			
		</search>
		<search>
			<search_title>AMEDEO</search_title>
			<search_description>AMEDEO has been created to serve the needs of healthcare professionals.  AMEDEO's core components include weekly emails with bibliographic lists about new scientific publications, personal Web pages for one-time download of available abstracts, and an overview of the medical literature published in relevant journals over the past 12 to 24 months.</search_description>
			<url>http://www.amedeo.com</url>
			<search_url>http://www.google.com/custom?sa=Search&amp;sitesearch=www.amedeo.com&amp;q={$formKeywords}</search_url>
			
		</search>
	</context>
	<context>
		<context_title>Databases</context_title>
		<context_abbrev>Databases</context_abbrev>
		<context_description>Provide access to open-access abstract and/or full-text databases.</context_description>

		<search>
			<search_title>AMA Physician Select</search_title>
			<search_description>This American Medical Association site provides addresses, specialties, education and other background information on licensed physicians in the U.S. and its possessions. Search by physician name or medical specialty.</search_description>
			<url>http://www.ama-assn.org/aps/amahg.htm</url>
			<search_url>http://search.ama-assn.org/Search/query.html?qc=public+amnews&amp;qt={$formKeywords}</search_url>
			
		</search>
		<search>
			<search_title>Diseases Databases Ver 1.6; Medical lists and links</search_title>
			<search_description>Diseases Databases Ver 1.6: medical lists and links - a cross-referenced index of human disease, medications, symptoms, signs, abnormal investigation findings etc.; provides a medical textbook-like index and search portal.</search_description>
			<url>http://www.diseasesdatabase.com/begin.asp?gif=1</url>
			<search_url>http://www.diseasesdatabase.com/item_choice.asp? bytSearchType=0&amp;strUserInput={$formKeywords}</search_url>
			
		</search>
		<search>
			<search_title>Drugs.com</search_title>
			<search_description>Drugs.com is a free resource for medical professionals and consumers providing convenient and reliable drug information. Drug monographs are presented at both professional (USPDI), and consumer levels. The drug information could be found by browsing the alphabetical listing of the drugs or by search using generic or trade name. The drug interaction guide allows check for drug-drug and drug-food interactions.</search_description>
			<url>http://www.drugs.com/</url>
			<search_url>http://www.drugs.com/search.php?is_main_search=1&amp;searchterm={$formKeywords}</search_url>
			
		</search>
		<search>
			<search_title>National Center for Biotechnology Information</search_title>
			<search_description>In addition to maintaining the GenBank nucleic acid sequence database, the National Center for Biotechnology Information (NCBI) provides data analysis and retrieval and resources that operate on the data in GenBank and a varity of other biological data made available through NCBI's Web site. NCBI data retrieval resources include Entrez, PubMed, LocusLink and the Taxonomy Browser. Data analysis resources include BLAST, Electronic PCR, OrfFinder, RefSeq, UniGene, Databases of Single Nucleotide Polymorphisms (dbSNP), Human Genome Sequencing pages, GeneMap '99, Davis Human-Mouse Homology Map, Cancer Chromosome Abberation Project (CCAP) pages, Entrez Genomes, Clusters of Orthologous Groups (COGs) database, Retroviral Genotyping Tools, Cancer Genome Anatomy Project (CGAP) pages, SAGEmap, Online Mendelian Inheritance in Man (OMIM) and the Molecular Modeling Databases (MMDB).</search_description>
			<url>http://www.ncbi.nlm.nih.gov/</url>
			<search_url>http://www.ncbi.nlm.nih.gov/gquery/gquery.fcgi?term={$formKeywords}</search_url>
			
		</search>
		<search>
			<search_title>RxList</search_title>
			<search_description>RxList: The Internet drug index - Searchable cross index of US prescription products for both consumers and medical professionals</search_description>
			<url>http://www.rxlist.com/</url>
			<search_url>http://www.rxlist.com/cgi/rxlist.cgi?drug=acetaminophen</search_url>
			
		</search>
	</context>
	<context>
		<context_title>Online forums</context_title>
		<context_abbrev>Online forums</context_abbrev>
		<context_description>Choose online, open-access online forums that would enrich the context of the research studies on your site.</context_description>

		<search>
			<search_title>EurekAlert!</search_title>
			<search_description>EurekAlert! is an online press service created by the American Association for the Advancement of Science (AAAS). The primary goal of EurekAlert! is to provide a forum where research institutions, universities, government agencies, corporations and the like can distribute science-related news to reporters and news media. The secondary goal of EurekAlert! is to archive these press releases and make them available to the public in an easily retrievable system.</search_description>
			<url>http://www.eurekalert.org/links.php</url>
			<search_url>http://search.eurekalert.org/e3/query.html?col=ev3rel&amp;qc=ev3rel&amp;qt={$formKeywords}</search_url>
			
		</search>
		<search>
			<search_title>Mad Science Net: The 24-hour exploding laboratory</search_title>
			<search_description>Mad Science Net: The 24-hour exploding laboratory is a collective cranium of scientists providing answers to your questions.</search_description>
			<url>http://www.madsci.org/</url>
			<search_url>http://www.madsci.org/cgi-bin/search?Submit=Submit+Query&amp;or=AND&amp;words=1&amp;index=MadSci+Archives&amp;MAX_TOTAL=25&amp;area=All+areas&amp;grade=All+grades&amp;query={$formKeywords}</search_url>
			
		</search>
	</context>
	<context>
		<context_title>Teaching files</context_title>
		<context_abbrev>Instructional</context_abbrev>
		<context_description>Immediately initiates a search based on the subject of the article or paper that connects users to free current and archival articles in the field from leading newspapers around the world.</context_description>

		<search>
			<search_title>Science, Mathematics, Engineering and Technology Education (SMETE)</search_title>
			<search_description>Science, Mathematics, Engineering and Technology Education (SMETE) contains a searchable working prototype of a National Science, Mathematics, Engineering, and Technology Education Digital Library.</search_description>
			<url>http://www.smete.org/</url>
			<search_url>http://www.smete.org/smete/?path=/public/find/search_results.jhtml&amp;_DARGS=/smete/public/find/index_body.jhtml&amp;/smete/forms/FindLearningObjects.operation=search&amp;_D:/smete/forms/FindLearningObjects.operation=%20&amp;_D:/smete/forms/FindLearningObjects.keyword=%20&amp;/smete/forms/FindLearningObjects.learningResourceType=&amp;_D:/smete/forms/FindLearningObjects.learningResourceType=%20&amp;/smete/forms/FindLearningObjects.grade=0-Any&amp;_D:/smete/forms/FindLearningObjects.grade=%20&amp;/smete/forms/FindLearningObjects.title=&amp;_D:/smete/forms/FindLearningObjects.title=%20&amp;/smete/forms/FindLearningObjects.author=&amp;_D:/smete/forms/FindLearningObjects.author=%20&amp;/smete/forms/FindLearningObjects.hostCollection=&amp;_D:/smete/forms/FindLearningObjects.hostCollection=%20&amp;/smete/forms/FindLearningObjects.afterYear=&amp;_D:/smete/forms/FindLearningObjects.afterYear=%20&amp;/smete/forms/FindLearningObjects.beforeYear=&amp;_D:/smete/forms/FindLearningObjects.beforeYear=%20&amp;&amp;/smete/forms/FindLearningObjects.keyword={$formKeywords}</search_url>
			
		</search>
	</context>
	<context>
		<context_title>Government policy</context_title>
		<context_abbrev>Gov Policy</context_abbrev>
		<context_description>Access to Information and services gateway run by the Government of the United States and Canada.</context_description>

		<search>
			<search_title>Access to Australian Government Information and Services</search_title>
			<search_description>The Australian Government Entry Point offers comprehensive and integrated access to Australian Government information and services.  You will find a concentrated body of Australian Government information through this site. &lt;a href=&quot;http://www.australia.gov.au&quot;&gt;www.australia.gov.au&lt;/a&gt; currently signposts over 700 Australian Government web sites, indexes more than 5,000,000 pages and uses both metadata and full text indexing to ensure it is a comprehensive government portal.</search_description>
			<url>http://www.fed.gov.au</url>
			<search_url>http://govsearch.australia.gov.au/search/search.cgi?collection=gov&amp;form=au&amp;query=&amp;query_phrase=&amp;query_or=&amp;query_not=&amp;meta_f_sand=&amp;scope=&amp;fscope=512&amp;num_ranks=20&amp;chksummary=chksummary&amp;query_and={$formKeywords}</search_url>
			
		</search>
		<search>
			<search_title>The Government of Canada</search_title>
			<search_description>You can search across all government departments federal departments and agencies as well as provincial, territorial and municipal governments. There is a Departments and Agencies link, and the A to Z Index offers a keyword search to programmes and services. 

A recent development on Departmental sites is the inclusion of a &quot;Proactive Disclosure&quot; page, which outlines travel and hospitality expenses, disclosure of contracts, grants and awards. 

The About Canada page includes links to Departments and Agencies, Structure of the Canadian Government, Commissions of Inquiry and more. 

In addition to Department web sites, the government has been creating Portals which bring together information from across federal and provincial sources, and non-governmental organizations as well.</search_description>
			<url>http://www.canada.gc.ca/main_e.html</url>
			<search_url>http://search-recherche.gc.ca/cgi-bin/query?mss=canada%2Fen%2Fsimple&amp;pg=q&amp;enc=iso88591&amp;site=main&amp;bridge=&amp;stt=&amp;lowercaseq=&amp;what=web&amp;user=searchintranet&amp;browser=N6E&amp;kl=XX&amp;op=a&amp;q={$formKeywords}</search_url>
			
		</search>
		<search>
			<search_title>Directgov</search_title>
			<search_description>Directgov is a government service giving people access to the latest and widest range of public service information in one place on the Web and on Digital TV. Directgov uses the specifications formulated and consulted on through UK GovTalk.</search_description>
			<url>http://www.direct.gov.uk</url>
			<search_url>http://www.direct.gov.uk/AdvancedSearch/SearchResults/fs/en?NP=1&amp;PO1=C&amp;PI1=W&amp;PF1=A&amp;PG=1&amp;RP=20&amp;SC=__dgov_site&amp;Z=1&amp;PT1={$formKeywords}</search_url>
			
		</search>
		<search>
			<search_title>Info4local.gov.uk</search_title>
			<search_description>Information for local government from central government.  This site gives local authorities a quick and easy way to find relevant information on the web sites of central government departments, agencies and public bodies. It includes extensive information on implementing electronic government.</search_description>
			<url>http://www.info4local.gov.uk</url>
			<search_url>http://www.info4local.gov.uk/?view=Search+results&amp;subjects=all&amp;departmentsIds=0&amp;informationTypesIds=all&amp;query={$formKeywords}</search_url>
			
		</search>
		<search>
			<search_title>The New Zealand government portal</search_title>
			<search_description>The New Zealand government portal is a website providing search capability for, and links into the online and offline information and services of most government agencies.  This site is managed and maintained by the State Services Commission, a New Zealand government department.</search_description>
			<url>http://www.govt.nz</url>
			<search_url>http://www.govt.nz/search?type=spider&amp;t=spider&amp;q={$formKeywords}</search_url>
			
		</search>
		<search>
			<search_title>Europa</search_title>
			<search_description>Current information on the member countries of the European Union, including statistical data, policies, news, official documents, legal texts, and other publications.</search_description>
			<url>http://europa.eu.int/index_en.htm</url>
			<search_url>http://europa.eu.int/geninfo/query/resultaction.jsp?page=1</search_url>
			<search_post>Collection=EuropaFull&amp;ResultTemplate=/result_en.jsp&amp;ResultCount=25&amp;qtype=simple&amp;ResultMaxDocs=200&amp;DefaultLG=en&amp;QueryText={$formKeywords}</search_post>			
		</search>
		<search>
			<search_title>The Global Legal Information Network (GLIN)</search_title>
			<search_description>The Global Legal Information Network (GLIN) is a database of laws, regulations, judicial decisions, and other complementary legal sources contributed by governmental agencies and international organizations. These GLIN members contribute the official full texts of published documents to the database in their original language. Each document is accompanied by a summary in English and subject terms selected from the multilingual index to GLIN.</search_description>
			<url>http://www.glin.gov</url>
			<search_url>http://www.glin.gov/search.do?refineQuery=&amp;offset=0&amp;refineQueryType=&amp;fromSearch=true&amp;queryType=ALL&amp;searchBtn=Search&amp;includeAllFields=on&amp;searchAll=on&amp;sumLanguage=any&amp;pubLanguage=any&amp;pubJurisdiction=any&amp;publicationJurisdictionExclude=false&amp;searchPublicationDate=true&amp;dateFromDay=01&amp;dateFromMonth=01&amp;dateFromYear=&amp;dateToDay=01&amp;dateToMonth=01&amp;dateToYear=&amp;subjTerm=&amp;subjTermConjunction%5B0%5D=AND&amp;subjTerm=&amp;subjTermConjunction%5B1%5D=AND&amp;subjTerm=&amp;subjTermConjunction%5B2%5D=AND&amp;subjTerm=&amp;subjTermConjunction%5B3%5D=AND&amp;subjTerm=&amp;searchOrder=default&amp;hitsPerPage=10&amp;showSummary=on&amp;queryString={$formKeywords}</search_url>
			
		</search>
		<search>
			<search_title>Health Canada</search_title>
			<search_description>Health Canada is the federal department responsible for helping the people of Canada maintain and improve their health.  Health Canada is committed to improving the lives of all of Canada's people and to making this country's population among the healthiest in the world as measured by longevity, lifestyle and effective use of the public health care system.</search_description>
			<url>http://search.hc-sc.gc.ca/cgi-bin/query?mss=hcsearch</url>
			<search_url>http://search.hc-sc.gc.ca/cgi-bin/query?mss=hcresult&amp;pg=aq&amp;enc=iso88591&amp;ft=adverse+drug&amp;doc=all&amp;results=any&amp;exclude=&amp;r=&amp;kl=en&amp;subsite=both&amp;search=Search&amp;q={$formKeywords}</search_url>
			
		</search>
		<search>
			<search_title>FirstGov</search_title>
			<search_description>FirstGov (U.S. federal and state) is a public-private partnership, led by a cross-agency board.</search_description>
			<url>http://www.firstgov.gov/</url>
			<search_url>http://www.firstgov.gov/fgsearch/index.jsp?db=www&amp;st=AS&amp;ms0=should&amp;mt0=all&amp;rn=2&amp;parsed=true&amp;x=2&amp;y=8&amp;mw0={$formKeywords}</search_url>
			
		</search>
		<search>
			<search_title>Canada Sites</search_title>
			<search_description>Canada Sites provides an information and services gateway run by the Government of Canada and each of the provinces.</search_description>
			<url>http://www.canada.gc.ca/main_e.html</url>
			<search_url>http://search-recherche.gc.ca/cgi-bin/query?mss=canada%2Fen%2Fsimple.html&amp;enc=iso88591&amp;pg=q&amp;kl=en&amp;site=main&amp;q={$formKeywords}</search_url>
			
		</search>
	</context>
	<context>
		<context_title>Media reports</context_title>
		<context_abbrev>Media reports</context_abbrev>
		<context_description>Immediately initiates a search based on the subject of the article or paper that connects users to free current and archival articles in the field from leading newspapers around the world.</context_description>

		<search>
			<search_title>Google News</search_title>
			<search_description>Search news reports using the popular search engine Google's news feature.</search_description>
			<url>http://news.google.com/</url>
			<search_url>http://news.google.com/news?hl=en&amp;q={$formKeywords}</search_url>
			
		</search>
		<search>
			<search_title>Nature Science Update</search_title>
			<search_description>Nature Science Update provides daily news stories written by the editors of the Nature Journal.</search_description>
			<url>http://www.nature.com/nsu/</url>
			<search_url>http://search.nature.com/search/?sp-x-9=cat&amp;sp-q-9=NEWS&amp;submit=go&amp;sp-a=sp1001702d&amp;sp-sfvl-field=subject%7Cujournal&amp;sp-t=results&amp;sp-x-1=ujournal&amp;sp-p-1=phrase&amp;sp-p=all&amp;sp-q={$formKeywords}</search_url>
			
		</search>
		<search>
			<search_title>The Scientist</search_title>
			<search_description>The Scientist is the online resource for the printed magazine, The Scientist. Provides access to information useful to those working in or studying the life sciences.</search_description>
			<url>http://www.the-scientist.com/</url>
			<search_url>http://www.the-scientist.com/search/dosearch/</search_url>
			<search_post>box_type=toolbar&amp;search_restriction=all&amp;order_by=date&amp;search_terms={$formKeywords}</search_post>			
		</search>
		<search>
			<search_title>New York Times</search_title>
			<search_description>New York Times, New York (last seven days)</search_description>
			<url>http://www.nytimes.com/</url>
			<search_url>http://query.nytimes.com/search/query?date=site1week&amp;submit.x=1&amp;submit.y=9&amp;query={$formKeywords}</search_url>
			
		</search>
		<search>
			<search_title>Scientific American Archive</search_title>
			<search_description>Scientific American Archive is the online science and technology resource offering access to every page and every issue of Scientific American magazine from 1993 to the present.</search_description>
			<url>http://www.sciamdigital.com/</url>
			<search_url>http://www.sciamdigital.com/index.cfm?fa=Search.ViewSearchForItemResultList&amp;AUTHOR_CHAR=&amp;TITLE_CHAR=&amp;FullText_CHAR={$formKeywords}</search_url>
			
		</search>
		<search>
			<search_title>Newsdirectory</search_title>
			<search_description>Newsdirectory is a comprehensive and searchable guide to the world's English-language online media. Currently over 8,000 newspapers and magazines are listed, as well as more than 1,000 U.S. television broadcasters.</search_description>
			<url>http://www.newsdirectory.com/</url>
			<search_url>http://www.newsdirectory.com/hbSearch.php</search_url>
			<search_post>s={$formKeywords}&amp; submit=Go</search_post>
			
		</search>
	</context>
	<context>
		<context_title>Web search</context_title>
		<context_abbrev>Web search</context_abbrev>
		<context_description>Enter a search term for Internet resources through various search engines.</context_description>

		<search>
			<search_title>Google</search_title>
			<search_description>Search using the popular Google search engine.</search_description>
			<url>http://www.google.com/</url>
			<search_url>http://www.google.com/search?q={$formKeywords}</search_url>
			
		</search>
		<search>
			<search_title>Google Scholar</search_title>
			<search_description>Google Scholar enables specific searches of scholarly literature, including peer-reviewed papers, theses, books, pre-prints, abstracts, and technical reports. Content includes a range of publishers and aggregators with whom Google already has standing arrangements, e.g., the Association for Computing Machinery, IEEE, OCLC's Open WorldCat library locator service, etc. Result displays will show different version clusters, citation analysis, and library location (currently books only).</search_description>
			<url>http://scholar.google.com</url>
			<search_url>http://scholar.google.com/scholar?ie=UTF-8&amp;oe=UTF-8&amp;hl=en&amp;q={$formKeywords}</search_url>
			
		</search>
		<search>
			<search_title>Clusty the Clustering Engine</search_title>
			<search_description>This search tool from Vivismo offers clustered results for a selection of searches.  Metasearch the whole web, or use tabs to search for news, gossip, images, orproducts via Bizrate or eBay.</search_description>
			<url>http://clusty.com/about</url>
			<search_url>http://clusty.com/search?query={$formKeywords}</search_url>
			
		</search>
		<search>
			<search_title>Vivisimo</search_title>
			<search_description>The award-winning Vivisimo clustering technology, developed by Carnegie Mellon research scientists, is unlocking the value of stored information at Fortune 500 companies, top websites, prestigious publishers and government agencies by categorizing research results on the fly into meaningful orders, thus achieving breakthrough improvement in access to relevant information.</search_description>
			<url>http://vivisimo.com</url>
			<search_url>http://vivisimo.com/search?tb=homepage&amp;v%3Asources=Web&amp;query={$formKeywords}</search_url>
			
		</search>
	</context>
</version>
