<?xml version="1.0" encoding="UTF-8"?>
<!DOCTYPE version SYSTEM "../../lib/pkp/dtd/rtVersion.dtd">

<!--
  * Mathematics.xml
  *
  * Copyright (c) 2013-2016 Simon Fraser University Library
  * Copyright (c) 2003-2016 John Willinsky
  * Distributed under the GNU GPL v2. For full terms see the file docs/COPYING.
  *
  * Reading Tools version: Mathematics (en_US)
  *
  -->

<version id="Mathematics" locale="en_US">
	<version_title>Mathematics</version_title>
	<version_description>The Reading Tools can help readers of this study consult a wide range of related resources that can provide a context for interpreting, situating and evaluating the study.</version_description>

	<context>
		<context_title>Author's work</context_title>
		<context_abbrev>Other Works</context_abbrev>
		<context_description>Identify other works by the article's author(s) by using OAI engines.</context_description>
		<author_terms />
		<search>
			<search_title>Google Scholar</search_title>
			<search_description>Google Scholar enables specific searches of scholarly literature, including peer-reviewed papers, theses, books, pre-prints, abstracts, and technical reports. Content includes a range of publishers and aggregators with whom Google already has standing arrangements, e.g., the Association for Computing Machinery, IEEE, OCLC's Open WorldCat library locator service, etc. Result displays will show different version clusters, citation analysis, and library location (currently books only).</search_description>
			<url>http://scholar.google.com</url>
			<search_url>http://scholar.google.com/scholar?ie=UTF-8&amp;oe=UTF-8&amp;hl=eng&amp;as_sauthors={$formKeywords}</search_url>
			
		</search>
		<search>
			<search_title>Intute: Science, Engineering &amp; Technology</search_title>
			<search_description>Intute: Science, Engineering and Technology is a free online service providing you with access to the very best Web resources for education and research, evaluated and selected by a network of subject specialists. It covers the physical sciences, engineering, computing, geography, mathematics and environmental science. The database currently contains 33349 records.</search_description>
			<url>http://www.intute.ac.uk/sciences/</url>
			<search_url>http://www.intute.ac.uk/sciences/cgi-bin/search.pl?submit.x=0&amp;submit.y=0&amp;submit=Go&amp;limit=0&amp;subject=sciences&amp;term1={$formKeywords}</search_url>
			
		</search>
		<search>
			<search_title>OAIster (Open Archives Inititive research databases)</search_title>
			<search_description>OAIster is a project of the University of Michigan Digital Library Production Services, and provides searching a wide variety of collections from a wide variety of institutions. These institutions have made the records of their digital resources available to access, and the project team has gathered and aggregated them into the OAIster service.</search_description>
			<url>http://oaister.umdl.umich.edu/</url>
			<search_url>http://oaister.umdl.umich.edu/cgi/b/bib/bib-idx?type=boolean&amp;size=10&amp;c=oaister&amp;q1=&amp;rgn1=entire+record&amp;op2=and&amp;q2=&amp;rgn2=entire+record&amp;op3=And&amp;q3=&amp;rgn3=title&amp;op4=And&amp;rgn4=author&amp;op5=And&amp;q5=&amp;rgn5=subject&amp;op6=And&amp;rgn6=norm&amp;q6=all+types&amp;sort=author%2Fcreator&amp;submit2=search&amp;q4={$formKeywords}</search_url>
			
		</search>
		<search>
			<search_title>Public Knowledge Project Open Archives Harvester</search_title>
			<search_description>The PKP Open Archives Harvester is a free metadata indexing system developed by the Public Knowledge Project through its federally funded efforts to expand and improve access to research. The PKP OAI Harvester allows you to create a searchable index of the metadata from Open Archives Initiative-compliant archives, such as sites using Open Journal Systems or Open Conference Systems.</search_description>
			<url>http://pkp.sfu.ca/harvester/</url>
			<search_url>http://pkp.sfu.ca/harvester/search.php?limit=author&amp;query={$formKeywords}</search_url>
			
		</search>
		<search>
			<search_title>EULER</search_title>
			<search_description>EULER provides a world reference and delivery service, transparent to the end user and offering full coverage of the mathematics literature world-wide, including bibliographic data, peer reviews and/or abstracts, indexing, classification and search, transparent access to library services, co-operating with commercial information providers (publishers, bookstores).</search_description>
			<url>http://www.emis.ams.org/projects/EULER/</url>
			<search_url>http://www.emis.de/projects/EULER/search?q={$formKeywords}</search_url>
			
		</search>
		<search>
			<search_title>Math Archives: Topics in Mathematics</search_title>
			<search_description>A large, searchable collection of categorized teaching materials, software, and Web links. While not annotated, keywords for each site provide insight into the site's offerings.</search_description>
			<url>http://archives.math.utk.edu/topics/</url>
			<search_url>http://www.google.com/search?q=site%3Aarchives.math.utk.edu+topics+{$formKeywords}</search_url>
			
		</search>
		<search>
			<search_title>MathSearch</search_title>
			<search_description>an excellent tool for searching the contents of more than 80,000 mathematics pages world wide, via Sydney University work, network security, digital signal processing and related topics.</search_description>
			<url>http://www.maths.usyd.edu.au:8000/MathSearch.html</url>
			<search_url>http://www.maths.usyd.edu.au:8000/s/search/p?p2=&amp;p3=&amp;p4=&amp;p1={$formKeywords}</search_url>
			
		</search>
		<search>
			<search_title>MPRESS/MATHNET</search_title>
			<search_description>MPRESS/MathNet is a concept/installation to provide quality indexing of mathematical preprints (servers). It is in itself operated in a distributed way. MPRESS improves access to the full texts of preprints in mathematics by means of metadata and provides comprehensive and easily searchable information on the preprints available.</search_description>
			<url>http://mathnet.preprints.org/</url>
			<search_url>http://mathnet.preprints.org/cgi-bin/harvest/MPRESS.pl.cgi?title=&amp;metaquery=&amp;keyword=&amp;query=&amp;broker=FraGer&amp;errorflag=0&amp;wordflag=off&amp;opaqueflag=off&amp;csumflag=off&amp;maxobjflag=10000&amp;maxlineflag=10000&amp;maxresultflag=10000&amp;author={$formKeywords}</search_url>
			
		</search>
		<search>
			<search_title>CiteSeer</search_title>
			<search_description>CiteSeer makes available a broad, fully indexed, database of research papers from the various computer science fields.</search_description>
			<url>http://citeseer.ist.psu.edu/cs</url>
			<search_url>http://citeseer.ist.psu.edu/cs?submit=Search+Documents&amp;cs=1&amp;q={$formKeywords}</search_url>
			
		</search>
	</context>
	<context>
		<context_title>Look up terms</context_title>
		<context_abbrev>Look up terms</context_abbrev>
		<context_description>Double click on any word in the text and it will appear in the &quot;Definition of terms&quot; box. You can also type or paste a word into the box. Then use the search function to find a definition for the word. These resources have been selected because of their relevance and their open (free) access to all or part of their contents.</context_description>
		<define_terms />
		<search>
			<search_title>Google</search_title>
			<search_description>Search for definitions using the popular Google search engine.</search_description>
			<url>http://www.google.com/</url>
			<search_url>http://www.google.com/search?hl=en&amp;q=define%3A{$formKeywords}</search_url>
			
		</search>
		<search>
			<search_title>Wolfram Research's Mathematical Functions</search_title>
			<search_description>More than 37,000 facts about mathematical functions as of July 2003. This site was created as a resource for the educational, mathematical, and scientific communities. It contains the world's most encyclopedic collection of information about mathematical functions. The site also details the interrelationships between the special functions of mathematical physics and the elementary functions of mathematical analysis as well as the interrelationships between the functions in each group.</search_description>
			<url>http://functions.wolfram.com/</url>
			<search_url>http://functions.wolfram.com/search/index.cgi?filter=1&amp;q={$formKeywords}</search_url>
			
		</search>
		<search>
			<search_title>Merriam-Webster Online</search_title>
			<search_description>A dictionary based on the Webster 10th Collegiate edition, 1993, with updates added annually. More than 160,000 entries. Each word is accompanied by definition, pronunciation, usage, grammatical function, and a brief etymology. Includes a thesaurus. Misspellings return suggested spellings. The dictionary's search system supports internal wildcards and right hand truncation searching. Includes an extensive pronunciation guide and sound files for the pronunciation of many terms.</search_description>
			<url>http://www.merriam-webster.com/</url>
			<search_url>http://www.merriam-webster.com/cgi-bin/dictionary?book=Dictionary&amp;va={$formKeywords}</search_url>
			
		</search>
		<search>
			<search_title>OneLook Dictionaries</search_title>
			<search_description>OneLook is a meta-dictionary. Enter an English language word or acronym, and OneLook will search its index of 5,292,362 words in 934 dictionaries indexed in general and special interest dictionaries for the definition.</search_description>
			<url>http://www.onelook.com/index.html</url>
			<search_url>http://www.onelook.com/?ls=a&amp;w={$formKeywords}</search_url>
			
		</search>
		<search>
			<search_title>Wikipedia: The Free Encyclopedia</search_title>
			<search_description>&quot;Wikipedia is a free content encyclopedia that is being written collaboratively by contributors from all around the world. The site is a WikiWiki, meaning that anyone ... can edit any article. ...&quot; Without editorial oversight, the quality of the content on this site varies dramatically, but it is worth exploring. The English version has hundreds of thousands of entries. Spanish, French, and Esperanto are among the several other languages offered.</search_description>
			<url>http://en.wikipedia.org/wiki/Main_Page</url>
			<search_url>http://en.wikipedia.org/wiki/Special:Search?go=Go&amp;fulltext=Search&amp;search={$formKeywords}</search_url>
			
		</search>
		<search>
			<search_title>Infoplease.com</search_title>
			<search_description>This site includes contents of the Information Please Almanacs, a biography database, a dictionary, an atlas, and articles from the Columbia Encyclopedia. You can search these ready reference works together or separately or browse the Almanacs. There are feature stories each week covering topics in the news, with links to pertinent Almanac content and other Web resources.</search_description>
			<url>http://www.infoplease.com</url>
			<search_url>http://www.infoplease.com/search?fr=iptn&amp;in=all&amp;x=0&amp;y=0&amp;query={$formKeywords}</search_url>
			
		</search>
	</context>
	<context>
		<context_title>Book searches</context_title>
		<context_abbrev>Book searches</context_abbrev>
		<context_description>Book-related Resources</context_description>

		<search>
			<search_title>Google Print</search_title>
			<search_description>Google is working with libraries at the University of Michigan, Harvard University, Stanford University, Oxford University and the New York Public Library to digitize books in their collections and make them accessible via Google Print, a massive scanning project that will bring millions of volumes of printed books into the Google Print database.  Click a book title and you'll see the page of the book that has your search terms, your can search for more information within that specific book, find reviews, find related information, learn about the publisher, buy this book, and find nearby libraries that have it.</search_description>
			<url>http://print.google.com</url>
			<search_url>http://print.google.com/print?q={$formKeywords}</search_url>
			
		</search>
		<search>
			<search_title>Online books Page</search_title>
			<search_description>Online books Page, edited by John Mark Ockerbloom, at the University of Pennsylvania.  This is an excellent starting point in the search for full-text books on the Internet. Over 20,000 English works in various formats available online at different sites. Entries may be searched by author or title. An interesting feature allows browsing by Library of Congress call number categories. New listings are added regularly and are listed on a separate web page at &lt;a href=&quot;http://onlinebooks.library.upenn.edu/new.html&quot;&gt;http://onlinebooks.library.upenn.edu/new.html&lt;/a&gt;.</search_description>
			<url>http://digital.library.upenn.edu/books/</url>
			<search_url>http://onlinebooks.library.upenn.edu/webbin/book/search?tmode=words&amp;title={$formKeywords}</search_url>
			
		</search>
		<search>
			<search_title>Books-On-Line</search_title>
			<search_description>A collection of over 32935 titles, although some are only excerpts. Browse by subject or search by author or title. Not all items are free.</search_description>
			<url>http://www.books-on-line.com/</url>
			<search_url>http://www.books-on-line.com/bol/KeyWordSearch.cfm?RowCount=50&amp;Searchquery={$formKeywords}</search_url>
			
		</search>
		<search>
			<search_title>Universal Library</search_title>
			<search_description>The Universal Library is considerably more involved, and more ambitious -- it has amassed a collection of 100,000 e-books (some of them from Project Gutenberg), and is aiming for 1 million e-books by the end of 2006.</search_description>
			<url>http://tera-3.ul.cs.cmu.edu/</url>
			<search_url>http://tera-3.ul.cs.cmu.edu/cgi-bin/DBscripts/advsearch_db.cgi?perPage=25&amp;listStart=0&amp;author1=&amp;subject1=Any&amp;year1=&amp;year2=&amp;language1=Any&amp;scentre=Any&amp;search=Search&amp;title1={$formKeywords}</search_url>
			
		</search>
	</context>
	<context>
		<context_title>Databases</context_title>
		<context_abbrev>Databases</context_abbrev>
		<context_description>Databases</context_description>

		<search>
			<search_title>MacTutor History of Mathematics</search_title>
			<search_description>Includes biographies of more than 1100 mathematicians and a special index of women mathematicians.</search_description>
			<url>http://www-groups.dcs.st-and.ac.uk/%7Ehistory/index.html</url>
			<search_url>http://www-history.mcs.st-andrews.ac.uk/Search/historysearch.cgi?SUGGESTION={$formKeywords}</search_url>
			
		</search>
	</context>
	<context>
		<context_title>Math theory</context_title>
		<context_abbrev>Math theory</context_abbrev>
		<context_description>Access to glossary of terms ranges from undergraduate to research level.</context_description>

		<search>
			<search_title>Eric Weisstein's MathWorld</search_title>
			<search_description>Eric Weisstein's MathWorld is a comprehensive mathematics information bank. The site currently consists of some 10,228 searchable entries, 89,364 cross-references, 4,205 figures, 125 animated graphics, 964 live Java applets and receives an average of 135 updates and new entries each month.</search_description>
			<url>http://mathworld.wolfram.com/</url>
			<search_url>http://mathworld.wolfram.com/search/?x=0&amp;y=0&amp;query={$formKeywords}</search_url>
			
		</search>
	</context>
	<context>
		<context_title>Related studies</context_title>
		<context_abbrev>Related studies</context_abbrev>
		<context_description>Access to related studies by establishing a working link with an open-access (free) database, with abstracts and/or full texts related to your topic.</context_description>

		<search>
			<search_title>CiteSeer</search_title>
			<search_description>CiteSeer makes available a broad, fully indexed, database of research papers from the various computer science fields.</search_description>
			<url>http://citeseer.ist.psu.edu/cs</url>
			<search_url>http://citeseer.ist.psu.edu/cs?submit=Search+Documents&amp;cs=1&amp;q={$formKeywords}</search_url>
			
		</search>
		<search>
			<search_title>Intute: Science, Engineering &amp; Technology</search_title>
			<search_description>Intute: Science, Engineering and Technology is a free online service providing you with access to the very best Web resources for education and research, evaluated and selected by a network of subject specialists. It covers the physical sciences, engineering, computing, geography, mathematics and environmental science. The database currently contains 33349 records.</search_description>
			<url>http://www.intute.ac.uk/sciences/</url>
			<search_url>http://www.intute.ac.uk/sciences/cgi-bin/search.pl?submit.x=0&amp;submit.y=0&amp;submit=Go&amp;limit=0&amp;subject=sciences&amp;term1={$formKeywords}</search_url>
			
		</search>
		<search>
			<search_title>EULER</search_title>
			<search_description>EULER provides a world reference and delivery service, transparent to the end user and offering full coverage of the mathematics literature world-wide, including bibliographic data, peer reviews and/or abstracts, indexing, classification and search, transparent access to library services, co-operating with commercial information providers (publishers, bookstores).</search_description>
			<url>http://www.emis.ams.org/projects/EULER/</url>
			<search_url>http://www.emis.de/projects/EULER/search?q={$formKeywords}</search_url>
			
		</search>
		<search>
			<search_title>Math Archives: Topics in Mathematics</search_title>
			<search_description>A large, searchable collection of categorized teaching materials, software, and Web links. While not annotated, keywords for each site provide insight into the site's offerings.</search_description>
			<url>http://archives.math.utk.edu/topics/</url>
			<search_url>http://www.google.com/search?q=site%3Aarchives.math.utk.edu+topics+{$formKeywords}</search_url>
			
		</search>
		<search>
			<search_title>MathSearch</search_title>
			<search_description>An excellent tool for searching the contents of more than 80,000 mathematics pages world wide, via Sydney University work, network security, digital signal processing and related topics.</search_description>
			<url>http://www.maths.usyd.edu.au:8000/MathSearch.html</url>
			<search_url>http://www.maths.usyd.edu.au:8000/s/search/p?p2=&amp;p3=&amp;p4=&amp;p1={$formKeywords}</search_url>
			
		</search>
		<search>
			<search_title>MPRESS/MATHNET</search_title>
			<search_description>MPRESS/MathNet is a concept/installation to provide quality indexing of mathematical preprints (servers). It is in itself operated in a distributed way. MPRESS improves access to the full texts of preprints in mathematics by means of metadata and provides comprehensive and easily searchable information on the preprints available.</search_description>
			<url>http://mathnet.preprints.org/</url>
			<search_url>http://mathnet.preprints.org/cgi-bin/harvest/MPRESS.pl.cgi?author=&amp;keyword=&amp;title=&amp;metaquery=&amp;broker=FraGer&amp;errorflag=0&amp;wordflag=off&amp;opaqueflag=off&amp;csumflag=off&amp;maxobjflag=10000&amp;maxlineflag=10000&amp;maxresultflag=10000&amp;query={$formKeywords}</search_url>
			
		</search>
		<search>
			<search_title>SIAM Review</search_title>
			<search_description>The SIAM Review consists of five sections, all containing articles of broad interest. Survey and Review features papers with a deliberately integrative and up-to-date perspective on a major topic in applied or computational mathematics or scientific computing.</search_description>
			<url>http://epubs.siam.org/sam-bin/dbq/toclist/SIREV</url>
			<search_url>http://epubs.siam.org/search/search.pl</search_url>
			<search_post>field1=anyfield&amp;jrnlname=all&amp;boolean1=and&amp;search_field=anyfield&amp;quicksearchstring={$formKeywords}</search_post>			
		</search>
		<search>
			<search_title>Zentralblatt MATH</search_title>
			<search_description>Zentralblatt MATH is the world's most complete and longest running abstracting and reviewing service in pure and applied mathematics. The Zentralblatt MATH Database contains more than 2.0 million entries drawn from more than 2300 serials and journals, which are listed in this Database of Serials and Journals.</search_description>
			<url>http://www.zblmath.fiz-karlsruhe.de/serials/</url>
			<search_url>http://www.zblmath.fiz-karlsruhe.de/serials/?hits_per_page=10&amp;is=&amp;bi={$formKeywords}</search_url>
			
		</search>
	</context>
	<context>
		<context_title>Pay-per-view</context_title>
		<context_abbrev>Pay-per-view</context_abbrev>
		<context_description>A pay-per-view service is for those who do not have direct access to electronic journal articles via subscriptions. The service allows customers to gain direct access to an article by paying by credit card using the RSC's secure payment mechanism. Immediately the payment details have been validated, the customer can gain access to the required article file for a period of 30 days.</context_description>

		<search>
			<search_title>Ingenta</search_title>
			<search_description>Ingenta restricts access to full text articles. Although access to the full text costs money, the site can be used as a free index.</search_description>
			<url>http://www.ingenta.com/</url>
			<search_url>http://www.ingenta.com/isis/searching/Search/ingenta?database=1&amp;title={$formKeywords}</search_url>
			
		</search>
		<search>
			<search_title>ebrary</search_title>
			<search_description>Independent researchers who do not have access to ebrary?s databases through their library may now set up an individual account for as little as $5. ebrary Discover spans multiple academic disciplines and provides anytime, anywhere access to over 20,000 authoritative titles including books in full-text, sheet music, reports and other authoritative documents from more than 175 leading publishers such as Cambridge University Press, Random House, Inc., and The McGraw-Hill Companies.</search_description>
			<url>http://www.ebrary.com/corp/content.htm</url>
			<search_url>http://shop.ebrary.com/Top?layout=search&amp;f00=text&amp;p01=&amp;f01=subject&amp;d=journal&amp;l=en&amp;sch=%A0%A0%A0%A0%A0Search%A0%A0%A0%A0%A0&amp;frm=adv.x&amp;p00={$formKeywords}</search_url>
			
		</search>
		<search>
			<search_title>Questia</search_title>
			<search_description>Questia provides access to over 47,000 books and 375,000 journal, magazine, and newspaper articles. All books and articles are available in their entirety - search every page. The subscription rate is ranging from 19.05 per month to 119.95 per year.</search_description>
			<url>http://www.questia.com/</url>
			<search_url>http://www.questia.com/SM.qst?act=search&amp;keywordsSearchType=1000&amp;mediaType=book&amp;mediaType=journal&amp;mediaType=magazine&amp;mediaType=newspaper&amp;mediaType=encyclopedia&amp;mediaType=startpage&amp;keywords={$formKeywords}</search_url>
			
		</search>
		<search>
			<search_title>TheScientificWorld</search_title>
			<search_description>TheScientificWorld offers sciBASE to give free access to a collection of databases of scientific, technical and medical research literature. sciBASE now also features immediate digital delivery of full text articles from over 700 journals produced by participating publishers, and sciBASE is particularly effective for users who do not have library support (non-mediated environments).</search_description>
			<url>http://www.thescientificworld.com/</url>
			<search_url>http://www.thescientificworld.com/SCIENTIFICWORLDJOURNAL/search/SearchResults.asp?From=Main&amp;Terms={$formKeywords}</search_url>
			
		</search>
		<search>
			<search_title>Wiley InterScience Pay-per-view Service</search_title>
			<search_description>Wiley InterScience Pay-per-view affords instant, full-text access to an extensive collection of journal articles or book chapters available on Wiley InterScience without the need for a subscription. This service allows anyone to purchase access to individual journal articles or book chapters directly by using a credit card. Access is instant and available for 24 hours.</search_description>
			<url>http://www3.interscience.wiley.com/aboutus/ppv-articleselect.html</url>
			<search_url>http://www3.interscience.wiley.com/search/allsearch</search_url>
			<search_post>allContentSearchForm=&amp;mode=quicksearch&amp;WISindexid1=WISall&amp;WISsearch1={$formKeywords}</search_post>			
		</search>
	</context>
	<context>
		<context_title>Online forums</context_title>
		<context_abbrev>Online forums</context_abbrev>
		<context_description>Choose online, open-access online forums that would enrich the context of the research studies on your site.</context_description>

		<search>
			<search_title>The Mathematical Atlas: A Gateway to Modern Mathematics</search_title>
			<search_description>This searchable site provides a collection of articles about the many subfields of math and includes definitions, brief biographies, and explanations. Each topic includes a history, related areas, and subfields as well as related print and Internet resources. It also includes an introduction to the Mathematics Subject Classification (MSC) scheme on which the site's arrangement is based.</search_description>
			<url>http://www.math-atlas.org/</url>
			<search_url>http://www.math.niu.edu/cgi-bin/ffw.cgi/known-math?&amp;go=Search&amp;key={$formKeywords}</search_url>
			
		</search>
		<search>
			<search_title>MathForum's Search All Epigone Discussions</search_title>
			<search_description>MathForum's Search All Epigone Discussions provides resources, materials, activities, person-to-person interactions, and educational products and services that enrich and support teaching and learning in an increasingly technological world. The Math Forum's Epigone discussion archives include mathematics and math education-related newsgroups, mailing lists, and Web-based discussions.</search_description>
			<url>http://mathforum.com/discussions/epi-search/all.html</url>
			<search_url>http://mathforum.org/search/results.html?bool_type=and&amp;whole_words=yes&amp;match_case=no&amp;ctrlfile=/var/www/search/ctrl/all.search.ctrl&amp;textsearch={$formKeywords}</search_url>
			
		</search>
		<search>
			<search_title>AMS Meetings &amp; Conferences</search_title>
			<search_description>Meetings &amp; Conferences, provided by the American Mathematical Society (AMS), contains a comprehensive list of important meetings information.</search_description>
			<url>http://www.ams.org/meetings/</url>
			<search_url>http://www.google.com/search?q=site%3Awww.ams.org%2Fmeetings%2F+{$formKeywords}</search_url>
			
		</search>
	</context>
	<context>
		<context_title>Teaching files</context_title>
		<context_abbrev>Instructional</context_abbrev>
		<context_description>Immediately initiates a search based on the subject of the article or paper that connects users to free current and archival articles in the field from leading newspapers around the world.</context_description>

		<search>
			<search_title>National Science Digital Library</search_title>
			<search_description>The National Science Digital Library (NSDL) was created by the National Science Foundation to provide organized access to high quality resources and tools that support innovations in teaching and learning at all levels of science, technology, engineering, and mathematics education.</search_description>
			<url>http://nsdl.org/about</url>
			<search_url>http://nsdl.org/search/?</search_url>
			<search_post>formview=searchresults&amp;verb=Search&amp;s=0&amp;n=10&amp;boost%5B%5D=compoundTitle&amp;boost%5B%5D=compoundDescription&amp;q={$formKeywords}</search_post>			
		</search>
		<search>
			<search_title>MSTE</search_title>
			<search_description>MSTE serves as a model-builder for innovative, standards-based, technology-intensive mathematics and science instruction at the K-16 levels.</search_description>
			<url>http://www.mste.uiuc.edu/</url>
			<search_url>http://www.google.com/custom?ie=UTF-8&amp;oe=UTF-8&amp;sa=&amp;cof=GALT%3A%2393AAC6%3BS%3Ahttp%3A%2F%2Fwww.mste.uiuc.edu%2F%3BGL%3A1%3BVLC%3Aorange%3BAH%3Acenter%3BBGC%3A%233d4b66%3BLH%3A255%3BLC%3Aorange%3BGFNT%3A%2393AAC6%3BL%3Ahttp%3A%2F%2Fwww.mste.uiuc.edu%2Fimages%2Fmstelogo.gif%3BALC%3A%23d3d3d3%3BLW%3A600%3BT%3A%23FFFFFF%3BGIMP%3A%2393AAC6%3BAWFID%3A174a51c6937b9927%3B&amp;domains=http%3A%2F%2Fwww.mste.uiuc.edu%2F&amp;sitesearch=http%3A%2F%2Fwww.mste.uiuc.edu%2F&amp;q={$formKeywords}</search_url>
			
		</search>
		<search>
			<search_title>Illuminations</search_title>
			<search_description>This site is to improve the teaching and learning of mathematics. This site offers interactive lessons for students, lesson plans for teachers, and math applets, all arranged by grade level. Includes a large collection of Web resources, arranged by concept and grade, and the standards for teaching math. From the National Council of Teachers of Mathematics (NCTM).</search_description>
			<url>http://illuminations.nctm.org/</url>
			<search_url>http://marcopolosearch.org/MPSearch/Search_Results.asp?orgn_id=6&amp;log_type=1&amp;hdnFilter=&amp;hdnPerPage=15&amp;selUsing=all&amp;txtSearchFor={$formKeywords}</search_url>
			
		</search>
		<search>
			<search_title>MarcoPolo Internet Content for the Classroom</search_title>
			<search_description>MarcoPolo Internet Content for the Classroom is a consortium of premier national education organizations, state education agencies and the MarcoPolo Education Foundation dedicated to providing the highest quality Internet content and professional development to teachers and students throughout the United States. Subjects include: Arts, Economics, Foreign Language, Geography, Language Arts, Mathematics, Philosophy &amp; Religion, Science, and Social Studies.</search_description>
			<url>http://www.marcopolo-education.org/home.aspx</url>
			<search_url>http://www.marcopolosearch.org/mpsearch/Search_Results.asp?orgn_id=2&amp;log_type=1&amp;hdnFilter=&amp;hdnPerPage=15&amp;selUsing=all&amp;txtSearchFor={$formKeywords}</search_url>
			
		</search>
		<search>
			<search_title>The Math Forum</search_title>
			<search_description>The Math Forum gateway provides easy access to high quality resources for mathematicians and math teachers, and it provides resources that cover the use and administration of Internet sites as well as other educational resources. Among its features are the following: five ways to search with well written instructions for using each type; interactive sites; multilingual sites; choice of resource listings by knowledge levels from elementary to research level; and resources displayed in either an outline form or as an annotated listing with the ability to switch back and forth between the two.</search_description>
			<url>http://mathforum.org/grepform.html</url>
			<search_url>http://mathforum.org/search/results.html?bool_type=and&amp;whole_words=yes&amp;match_case=no&amp;ctrlfile=%2Fvar%2Fwww%2Fsearch%2Fctrl%2Fall.search.ctrl&amp;textsearch={$formKeywords}</search_url>
			
		</search>
		<search>
			<search_title>PBS Mathline</search_title>
			<search_description>PBS Mathline features a specific math topic for teachers of grades K-12. Each month an in-depth article is linked to related resources, and daily facts related to the topic. PBS Mathline also offers an extensive professional development program.</search_description>
			<url>http://www.pbs.org/teachersource/math.htm</url>
			<search_url>http://www.pbs.org/teachersource/search/standards_results.shtm?start=1&amp;end=20&amp;subjects=NULL&amp;grades=NULL&amp;query={$formKeywords}</search_url>
			
		</search>
		<search>
			<search_title>Science, Mathematics, Engineering and Technology Education (SMETE)</search_title>
			<search_description>Science, Mathematics, Engineering and Technology Education (SMETE) contains a searchable working prototype of a National Science, Mathematics, Engineering, and Technology Education Digital Library.</search_description>
			<url>http://www.smete.org/</url>
			<search_url>http://www.smete.org/smete/?path=/public/find/search_results.jhtml&amp;_DARGS=/smete/public/find/index_body.jhtml&amp;/smete/forms/FindLearningObjects.operation=search&amp;_D:/smete/forms/FindLearningObjects.operation=%20&amp;_D:/smete/forms/FindLearningObjects.keyword=%20&amp;/smete/forms/FindLearningObjects.learningResourceType=&amp;_D:/smete/forms/FindLearningObjects.learningResourceType=%20&amp;/smete/forms/FindLearningObjects.grade=0-Any&amp;_D:/smete/forms/FindLearningObjects.grade=%20&amp;/smete/forms/FindLearningObjects.title=&amp;_D:/smete/forms/FindLearningObjects.title=%20&amp;/smete/forms/FindLearningObjects.author=&amp;_D:/smete/forms/FindLearningObjects.author=%20&amp;/smete/forms/FindLearningObjects.hostCollection=&amp;_D:/smete/forms/FindLearningObjects.hostCollection=%20&amp;/smete/forms/FindLearningObjects.afterYear=&amp;_D:/smete/forms/FindLearningObjects.afterYear=%20&amp;/smete/forms/FindLearningObjects.beforeYear=&amp;_D:/smete/forms/FindLearningObjects.beforeYear=%20&amp;&amp;/smete/forms/FindLearningObjects.keyword={$formKeywords}</search_url>
			
		</search>
		<search>
			<search_title>Ask Dr. Math</search_title>
			<search_description>Search the archives for elementary through college level questions and answers. Sponsored by Drexel University.</search_description>
			<url>http://www.mathforum.org/library/drmath/</url>
			<search_url>http://mathforum.org/library/drmath/results.html?textsearch_bool_type=and&amp;textsearch_whole_words=no&amp;textsearch={$formKeywords}</search_url>
			
		</search>
	</context>
	<context>
		<context_title>Government policy</context_title>
		<context_abbrev>Gov Policy</context_abbrev>
		<context_description>Access to Information and services gateway run by the Government of the United States and Canada.</context_description>

		<search>
			<search_title>Access to Australian Government Information and Services</search_title>
			<search_description>The Australian Government Entry Point offers comprehensive and integrated access to Australian Government information and services.  You will find a concentrated body of Australian Government information through this site. &lt;a href=&quot;http://www.australia.gov.au&quot;&gt;www.australia.gov.au&lt;/a&gt; currently signposts over 700 Australian Government web sites, indexes more than 5,000,000 pages and uses both metadata and full text indexing to ensure it is a comprehensive government portal.</search_description>
			<url>http://www.fed.gov.au</url>
			<search_url>http://govsearch.australia.gov.au/search/search.cgi?collection=gov&amp;form=au&amp;query=&amp;query_phrase=&amp;query_or=&amp;query_not=&amp;meta_f_sand=&amp;scope=&amp;fscope=512&amp;num_ranks=20&amp;chksummary=chksummary&amp;query_and={$formKeywords}</search_url>
			
		</search>
		<search>
			<search_title>The Government of Canada</search_title>
			<search_description>You can search across all government departments federal departments and agencies as well as provincial, territorial and municipal governments. There is a Departments and Agencies link, and the A to Z Index offers a keyword search to programmes and services. 

A recent development on Departmental sites is the inclusion of a &quot;Proactive Disclosure&quot; page, which outlines travel and hospitality expenses, disclosure of contracts, grants and awards. 

The About Canada page includes links to Departments and Agencies, Structure of the Canadian Government, Commissions of Inquiry and more. 

In addition to Department web sites, the government has been creating Portals which bring together information from across federal and provincial sources, and non-governmental organizations as well.</search_description>
			<url>http://www.canada.gc.ca/main_e.html</url>
			<search_url>http://search-recherche.gc.ca/cgi-bin/query?mss=canada%2Fen%2Fsimple&amp;pg=q&amp;enc=iso88591&amp;site=main&amp;bridge=&amp;stt=&amp;lowercaseq=&amp;what=web&amp;user=searchintranet&amp;browser=N6E&amp;kl=XX&amp;op=a&amp;q={$formKeywords}</search_url>
			
		</search>
		<search>
			<search_title>Directgov</search_title>
			<search_description>Directgov is a government service giving people access to the latest and widest range of public service information in one place on the Web and on Digital TV. Directgov uses the specifications formulated and consulted on through UK GovTalk.</search_description>
			<url>http://www.direct.gov.uk</url>
			<search_url>http://www.direct.gov.uk/AdvancedSearch/SearchResults/fs/en?NP=1&amp;PO1=C&amp;PI1=W&amp;PF1=A&amp;PG=1&amp;RP=20&amp;SC=__dgov_site&amp;Z=1&amp;PT1={$formKeywords}</search_url>
			
		</search>
		<search>
			<search_title>Info4local.gov.uk</search_title>
			<search_description>Information for local government from central government.  This site gives local authorities a quick and easy way to find relevant information on the web sites of central government departments, agencies and public bodies. It includes extensive information on implementing electronic government.</search_description>
			<url>http://www.info4local.gov.uk</url>
			<search_url>http://www.info4local.gov.uk/?view=Search+results&amp;subjects=all&amp;departmentsIds=0&amp;informationTypesIds=all&amp;query={$formKeywords}</search_url>
			
		</search>
		<search>
			<search_title>The New Zealand government portal</search_title>
			<search_description>The New Zealand government portal is a website providing search capability for, and links into the online and offline information and services of most government agencies.  This site is managed and maintained by the State Services Commission, a New Zealand government department.</search_description>
			<url>http://www.govt.nz</url>
			<search_url>http://www.govt.nz/search?type=spider&amp;t=spider&amp;q={$formKeywords}</search_url>
			
		</search>
		<search>
			<search_title>Europa</search_title>
			<search_description>Current information on the member countries of the European Union, including statistical data, policies, news, official documents, legal texts, and other publications.</search_description>
			<url>http://europa.eu.int/index_en.htm</url>
			<search_url>http://europa.eu.int/geninfo/query/resultaction.jsp?page=1</search_url>
			<search_post>Collection=EuropaFull&amp;ResultTemplate=/result_en.jsp&amp;ResultCount=25&amp;qtype=simple&amp;ResultMaxDocs=200&amp;DefaultLG=en&amp;QueryText={$formKeywords}</search_post>			
		</search>
		<search>
			<search_title>The Global Legal Information Network (GLIN)</search_title>
			<search_description>The Global Legal Information Network (GLIN) is a database of laws, regulations, judicial decisions, and other complementary legal sources contributed by governmental agencies and international organizations. These GLIN members contribute the official full texts of published documents to the database in their original language. Each document is accompanied by a summary in English and subject terms selected from the multilingual index to GLIN.</search_description>
			<url>http://www.glin.gov</url>
			<search_url>http://www.glin.gov/search.do?refineQuery=&amp;offset=0&amp;refineQueryType=&amp;fromSearch=true&amp;queryType=ALL&amp;searchBtn=Search&amp;includeAllFields=on&amp;searchAll=on&amp;sumLanguage=any&amp;pubLanguage=any&amp;pubJurisdiction=any&amp;publicationJurisdictionExclude=false&amp;searchPublicationDate=true&amp;dateFromDay=01&amp;dateFromMonth=01&amp;dateFromYear=&amp;dateToDay=01&amp;dateToMonth=01&amp;dateToYear=&amp;subjTerm=&amp;subjTermConjunction%5B0%5D=AND&amp;subjTerm=&amp;subjTermConjunction%5B1%5D=AND&amp;subjTerm=&amp;subjTermConjunction%5B2%5D=AND&amp;subjTerm=&amp;subjTermConjunction%5B3%5D=AND&amp;subjTerm=&amp;searchOrder=default&amp;hitsPerPage=10&amp;showSummary=on&amp;queryString={$formKeywords}</search_url>
			
		</search>
		<search>
			<search_title>FirstGov</search_title>
			<search_description>FirstGov (U.S. federal and state) is a public-private partnership, led by a cross-agency board.</search_description>
			<url>http://www.firstgov.gov/</url>
			<search_url>http://www.firstgov.gov/fgsearch/index.jsp?db=www&amp;st=AS&amp;ms0=should&amp;mt0=all&amp;rn=2&amp;parsed=true&amp;x=2&amp;y=8&amp;mw0={$formKeywords}</search_url>
			
		</search>
		<search>
			<search_title>Canada Sites</search_title>
			<search_description>Canada Sites provides an information and services gateway run by the Government of Canada and each of the provinces.</search_description>
			<url>http://www.canada.gc.ca/main_e.html</url>
			<search_url>http://search-recherche.gc.ca/cgi-bin/query?mss=canada%2Fen%2Fsimple.html&amp;enc=iso88591&amp;pg=q&amp;kl=en&amp;site=main&amp;q={$formKeywords}</search_url>
			
		</search>
	</context>
	<context>
		<context_title>Media reports</context_title>
		<context_abbrev>Media reports</context_abbrev>
		<context_description>Immediately initiates a search based on the subject of the article or paper that connects users to free current and archival articles in the field from leading newspapers around the world.</context_description>

		<search>
			<search_title>Google News</search_title>
			<search_description>Search news reports using the popular search engine Google's news feature.</search_description>
			<url>http://news.google.com/</url>
			<search_url>http://news.google.com/news?hl=en&amp;q={$formKeywords}</search_url>
			
		</search>
		<search>
			<search_title>Notice of the American Mathematical Society</search_title>
			<search_description>Notices of the American Mathematical Society is one of the world's most widely read periodicals for professional mathematicians.</search_description>
			<url>http://www.ams.org/noticessearch/</url>
			<search_url>http://www.google.com/custom?sa=Search+Notices&amp;cof=S%3Ahttp%3A%2F%2Fwww.ams.org%2Fnotices%3BGL%3A0%3BVLC%3A%23004080%3BAH%3Aleft%3BBGC%3A%23ffffff%3BLH%3A55%3BLC%3A+%23004080%3BL%3Ahttp%3A%2F%2Fwww.ams.org%2Fimages%2Fnotices-search-banner.gif%3BALC%3A%23ff2b2b%3BLW%3A1200%3BT%3A%23000000%3BAWFID%3A39742761a368da0f%3B&amp;domains=www.ams.org%2Fnotices&amp;sitesearch=www.ams.org%2Fnotices&amp;q={$formKeywords}</search_url>
			
		</search>
		<search>
			<search_title>Nature Science Update</search_title>
			<search_description>Nature Science Update provides daily news stories written by the editors of the Nature Journal.</search_description>
			<url>http://www.nature.com/nsu/</url>
			<search_url>http://search.nature.com/search/?sp-x-9=cat&amp;sp-q-9=NEWS&amp;submit=go&amp;sp-a=sp1001702d&amp;sp-sfvl-field=subject%7Cujournal&amp;sp-t=results&amp;sp-x-1=ujournal&amp;sp-p-1=phrase&amp;sp-p=all&amp;sp-q={$formKeywords}</search_url>
			
		</search>
		<search>
			<search_title>Science News Online</search_title>
			<search_description>Science News Online is one of the most useful science news magazines is now online. The 75 year old weekly is putting a generous number of full-text articles on the Web each week. They've archived them back to 1994.</search_description>
			<url>http://www.sciencenews.org/search.asp</url>
			<search_url>http://www.sciencenews.org/pages/search_results.asp?search={$formKeywords}</search_url>
			
		</search>
		<search>
			<search_title>Scientific American Archive</search_title>
			<search_description>Scientific American Archive is the online science and technology resource offering access to every page and every issue of Scientific American magazine from 1993 to the present.</search_description>
			<url>http://www.sciamdigital.com/</url>
			<search_url>http://www.sciamdigital.com/index.cfm?fa=Search.ViewSearchForItemResultList&amp;AUTHOR_CHAR=&amp;TITLE_CHAR=&amp;FullText_CHAR={$formKeywords}</search_url>
			
		</search>
		<search>
			<search_title>Newsdirectory</search_title>
			<search_description>Newsdirectory is a comprehensive and searchable guide to the world's English-language online media. Currently over 8,000 newspapers and magazines are listed, as well as more than 1,000 U.S. television broadcasters.</search_description>
			<url>http://www.newsdirectory.com/</url>
			<search_url>http://www.newsdirectory.com/hbSearch.php</search_url>
			<search_post>s={$formKeywords}&amp; submit=Go</search_post>
			
		</search>
	</context>
	<context>
		<context_title>Web search</context_title>
		<context_abbrev>Web search</context_abbrev>
		<context_description>Enter a search term for Internet resources through various search engines.</context_description>

		<search>
			<search_title>Google</search_title>
			<search_description>Search using the popular Google search engine.</search_description>
			<url>http://www.google.com/</url>
			<search_url>http://www.google.com/search?q={$formKeywords}</search_url>
			
		</search>
		<search>
			<search_title>Google Scholar</search_title>
			<search_description>Google Scholar enables specific searches of scholarly literature, including peer-reviewed papers, theses, books, pre-prints, abstracts, and technical reports. Content includes a range of publishers and aggregators with whom Google already has standing arrangements, e.g., the Association for Computing Machinery, IEEE, OCLC's Open WorldCat library locator service, etc. Result displays will show different version clusters, citation analysis, and library location (currently books only).</search_description>
			<url>http://scholar.google.com</url>
			<search_url>http://scholar.google.com/scholar?ie=UTF-8&amp;oe=UTF-8&amp;hl=en&amp;q={$formKeywords}</search_url>
			
		</search>
		<search>
			<search_title>Clusty the Clustering Engine</search_title>
			<search_description>This search tool from Vivismo offers clustered results for a selection of searches.  Metasearch the whole web, or use tabs to search for news, gossip, images, orproducts via Bizrate or eBay.</search_description>
			<url>http://clusty.com/about</url>
			<search_url>http://clusty.com/search?query={$formKeywords}</search_url>
			
		</search>
		<search>
			<search_title>Vivisimo</search_title>
			<search_description>The award-winning Vivisimo clustering technology, developed by Carnegie Mellon research scientists, is unlocking the value of stored information at Fortune 500 companies, top websites, prestigious publishers and government agencies by categorizing research results on the fly into meaningful orders, thus achieving breakthrough improvement in access to relevant information.</search_description>
			<url>http://vivisimo.com</url>
			<search_url>http://vivisimo.com/search?tb=homepage&amp;v%3Asources=Web&amp;query={$formKeywords}</search_url>
			
		</search>
	</context>
</version>
