<?xml version="1.0" encoding="UTF-8"?>
<!DOCTYPE version SYSTEM "../../lib/pkp/dtd/rtVersion.dtd">

<!--
  * Social_Sciences.xml
  *
  * Copyright (c) 2013-2016 Simon Fraser University Library
  * Copyright (c) 2003-2016 John Willinsky
  * Distributed under the GNU GPL v2. For full terms see the file docs/COPYING.
  *
  * Reading Tools version: Social Sciences (en_US)
  *
  -->

<version id="Social_Sciences" locale="en_US">
	<version_title>Social Sciences</version_title>
	<version_description>The Reading Tools can help readers of this study consult a wide range of related resources that can provide a context for interpreting, situating and evaluating the study.</version_description>

	<context>
		<context_title>Author's work</context_title>
		<context_abbrev>Other Works</context_abbrev>
		<context_description>Identify other works by the article's author(s) by using OAI engines.</context_description>
		<author_terms />
		<search>
			<search_title>Google Scholar</search_title>
			<search_description>Google Scholar enables specific searches of scholarly literature, including peer-reviewed papers, theses, books, pre-prints, abstracts, and technical reports. Content includes a range of publishers and aggregators with whom Google already has standing arrangements, e.g., the Association for Computing Machinery, IEEE, OCLC's Open WorldCat library locator service, etc. Result displays will show different version clusters, citation analysis, and library location (currently books only).</search_description>
			<url>http://scholar.google.com</url>
			<search_url>http://scholar.google.com/scholar?ie=UTF-8&amp;oe=UTF-8&amp;hl=eng&amp;as_sauthors={$formKeywords}</search_url>
			
		</search>
		<search>
			<search_title>OAIster (Open Archives Initiative research databases)</search_title>
			<search_description>OAIster is a project of the University of Michigan Digital Library Production Services, and provides searching a wide variety of collections from a wide variety of institutions. These institutions have made the records of their digital resources available to access, and the project team has gathered and aggregated them into the OAIster service.</search_description>
			<url>http://oaister.umdl.umich.edu/</url>
			<search_url>http://oaister.umdl.umich.edu/cgi/b/bib/bib-idx?type=boolean&amp;size=10&amp;c=oaister&amp;q1=&amp;rgn1=entire+record&amp;op2=and&amp;q2=&amp;rgn2=entire+record&amp;op3=And&amp;q3=&amp;rgn3=title&amp;op4=And&amp;rgn4=author&amp;op5=And&amp;q5=&amp;rgn5=subject&amp;op6=And&amp;rgn6=norm&amp;q6=all+types&amp;sort=author%2Fcreator&amp;submit2=search&amp;q4={$formKeywords}</search_url>
			
		</search>
		<search>
			<search_title>Public Knowledge Project Open Archives Harvester</search_title>
			<search_description>The PKP Open Archives Harvester is a free metadata indexing system developed by the Public Knowledge Project through its federally funded efforts to expand and improve access to research. The PKP OAI Harvester allows you to create a searchable index of the metadata from Open Archives Initiative-compliant archives, such as sites using Open Journal Systems or Open Conference Systems.</search_description>
			<url>http://pkp.sfu.ca/harvester/</url>
			<search_url>http://pkp.sfu.ca/harvester/search.php?limit=author&amp;query={$formKeywords}</search_url>
			
		</search>
		<search>
			<search_title>Find articles</search_title>
			<search_description>Provides citations, abstracts and fulltext articles for over 300 magazines and journals on topics such as business, health, society, entertainment and sports.</search_description>
			<url>http://www.findarticles.com/PI/index.jhtml</url>
			<search_url>http://www.findarticles.com/cf_0/PI/search.jhtml?magR=all+magazines&amp;key={$formKeywords}</search_url>
			
		</search>
		<search>
			<search_title>H-Net Reviews</search_title>
			<search_description>H-Net Reviews in the Humanities and Social Sciences is an online scholarly review resource. reviews are published online via discussion networks and the H-Net web site. This permits our reviews to reach scholars with a speed unmatched in any other medium. It also makes a new kind of interactivity possible, as reviewers, authors and readers engage in discussions of the reviews online. Through the power of e-mail and the web H-Net has helped pioneer online scholarly reviewing.</search_description>
			<url>http://www2.h-net.msu.edu/reviews/</url>
			<search_url>http://www2.h-net.msu.edu/reviews/search.cgi?maxlines=25&amp;maxfiles=25&amp;all=all&amp;query={$formKeywords}</search_url>
			
		</search>
		<search>
			<search_title>Intute: Social Sciences</search_title>
			<search_description>Intute: Social Sciences is a free online service providing you with access to the very best Web resources for education and research, evaluated and selected by a network of subject specialists.</search_description>
			<url>http://www.intute.ac.uk/socialsciences//</url>
			<search_url>http://www.intute.ac.uk/socialsciences/cgi-bin/search.pl?submit.x=0&amp;submit.y=0&amp;submit=Go&amp;limit=0&amp;subject=socialsciences&amp;term1={$formKeywords}</search_url>
			
		</search>
		<search>
			<search_title>SocioSite</search_title>
			<search_description>SocioSite gives access to the worldwide scene of social sciences. The intention is to provide a comprehensive listing of all sociology resources on the Internet.</search_description>
			<url>http://www.pscw.uva.nl/sociosite/</url>
			<search_url>http://www.google.com/u/sociosite?sa=sociosite&amp;domains=www2.fmg.uva.nl&amp;sitesearch=www2.fmg.uva.nl&amp;hq=inurl:www2.fmg.uva.nl/sociosite&amp;q={$formKeywords}</search_url>
			
		</search>
		<search>
			<search_title>Voice of the Shuttle</search_title>
			<search_description>Voice of the Shuttle emphasizes both primary and secondary (or theoretical) resources of American literature, including links of syllabi, electronic journals and newsgroups.</search_description>
			<url>http://vos.ucsb.edu/</url>
			<search_url>http://vos.ucsb.edu/search-results.asp?Submit=Go&amp;search={$formKeywords}</search_url>
			
		</search>
	</context>
	<context>
		<context_title>Look up terms</context_title>
		<context_abbrev>Look up terms</context_abbrev>
		<context_description>Double click on any word in the text and it will appear in the &quot;Definition of terms&quot; box. You can also type or paste a word into the box. Then use the search function to find a definition for the word. These resources have been selected because of their relevance and their open (free) access to all or part of their contents.</context_description>
		<define_terms />
		<search>
			<search_title>Google</search_title>
			<search_description>Search for definitions using the popular Google search engine.</search_description>
			<url>http://www.google.com/</url>
			<search_url>http://www.google.com/search?hl=en&amp;q=define%3A{$formKeywords}</search_url>
			
		</search>
		<search>
			<search_title>Online Dictionary of the Social Sciences</search_title>
			<search_description>Online Dictionary of the Social Sciences is a searchable dictionary of terms commonly used in the social sciences. Both phrase and keyword searches are facilitated.</search_description>
			<url>http://bitbucket.icaap.org/</url>
			<search_url>http://bitbucket.icaap.org/dict.pl?fuzzy={$formKeywords}</search_url>
			
		</search>
		<search>
			<search_title>OneLook Dictionaries</search_title>
			<search_description>OneLook is a meta-dictionary. Enter an English language word or acronym, and OneLook will search its index of 5,292,362 words in 934 dictionaries indexed in general and special interest dictionaries for the definition.</search_description>
			<url>http://www.onelook.com/index.html</url>
			<search_url>http://www.onelook.com/?ls=a&amp;w={$formKeywords}</search_url>
			
		</search>
		<search>
			<search_title>Merriam-Webster Online</search_title>
			<search_description>A dictionary based on the Webster 10th Collegiate edition, 1993, with updates added annually. More than 160,000 entries. Each word is accompanied by definition, pronunciation, usage, grammatical function, and a brief etymology. Includes a thesaurus. Misspellings return suggested spellings. The dictionary's search system supports internal wildcards and right hand truncation searching. Includes an extensive pronunciation guide and sound files for the pronunciation of many terms.</search_description>
			<url>http://www.merriam-webster.com/</url>
			<search_url>http://www.merriam-webster.com/cgi-bin/dictionary?book=Dictionary&amp;va={$formKeywords}</search_url>
			
		</search>
		<search>
			<search_title>Wikipedia: The Free Encyclopedia</search_title>
			<search_description>&quot;Wikipedia is a free content encyclopedia that is being written collaboratively by contributors from all around the world. The site is a WikiWiki, meaning that anyone ... can edit any article. ...&quot; Without editorial oversight, the quality of the content on this site varies dramatically, but it is worth exploring. The English version has hundreds of thousands of entries. Spanish, French, and Esperanto are among the several other languages offered.</search_description>
			<url>http://en.wikipedia.org/wiki/Main_Page</url>
			<search_url>http://en.wikipedia.org/wiki/Special:Search?go=Go&amp;fulltext=Search&amp;search={$formKeywords}</search_url>
			
		</search>
		<search>
			<search_title>Infoplease.com</search_title>
			<search_description>This site includes contents of the Information Please Almanacs, a biography database, a dictionary, an atlas, and articles from the Columbia Encyclopedia. You can search these ready reference works together or separately or browse the Almanacs. There are feature stories each week covering topics in the news, with links to pertinent Almanac content and other Web resources.</search_description>
			<url>http://www.infoplease.com</url>
			<search_url>http://www.infoplease.com/search?fr=iptn&amp;in=all&amp;x=0&amp;y=0&amp;query={$formKeywords}</search_url>
			
		</search>
	</context>
	<context>
		<context_title>Related studies</context_title>
		<context_abbrev>Related studies</context_abbrev>
		<context_description>Access to related studies by establishing a working link with an open-access (free) database, with abstracts and/or full texts related to your topic.</context_description>

		<search>
			<search_title>CIAO (Columbia International Affairs Online)</search_title>
			<search_description>Established as a collaboration between the Columbia University libraries and Columbia University Press with a grant from the Andrew W. Mellon Foundation, CIAO comprises a collection of theory and research materials in the field of international affairs. Working papers from university research institutes, policy briefs, country data, journal abstracts, and conference proceedings, all from 1991 - present, are among the materials available from this resource.</search_description>
			<url>http://www.ciaonet.org/</url>
			<search_url>http://usearch.cc.columbia.edu/ciao/query.html?qp=url%3Awps&amp;qp=url%3Aolj&amp;qp=url%3Apbei&amp;qp=url%3Abook&amp;qp=url%3Acasestudy&amp;op1=%2B&amp;fl1=&amp;ty1=w&amp;tx1=&amp;dt=in&amp;inthe=2147483647&amp;op0=&amp;fl0=&amp;ty0=w&amp;qt=&amp;ht=0&amp;qp=&amp;qs=&amp;col=ciao&amp;qc=ciao&amp;pw=100%25&amp;ws=0&amp;la=en&amp;qm=0&amp;st=1&amp;nh=25&amp;lk=1&amp;rf=0&amp;oq=&amp;rq=0&amp;si=0&amp;ql=a&amp;x=34&amp;y=8&amp;tx0={$formKeywords}</search_url>
			
		</search>
		<search>
			<search_title>Find articles</search_title>
			<search_description>Provides citations, abstracts and fulltext articles for over 300 magazines and journals on topics such as business, health, society, entertainment and sports.</search_description>
			<url>http://www.findarticles.com/PI/index.jhtml</url>
			<search_url>http://www.findarticles.com/cf_0/PI/search.jhtml?magR=all+magazines&amp;key={$formKeywords}</search_url>
			
		</search>
		<search>
			<search_title>H-Net Reviews</search_title>
			<search_description>H-Net Reviews in the Humanities and Social Sciences is an online scholarly review resource. reviews are published online via discussion networks and the H-Net web site. This permits our reviews to reach scholars with a speed unmatched in any other medium. It also makes a new kind of interactivity possible, as reviewers, authors and readers engage in discussions of the reviews online. Through the power of e-mail and the web H-Net has helped pioneer online scholarly reviewing.</search_description>
			<url>http://www2.h-net.msu.edu/reviews/</url>
			<search_url>http://www2.h-net.msu.edu/reviews/search.cgi?maxlines=25&amp;maxfiles=25&amp;all=all&amp;query={$formKeywords}</search_url>
			
		</search>
		<search>
			<search_title>Intute: Social Sciences</search_title>
			<search_description>Intute: Social Sciences is a free online service providing you with access to the very best Web resources for education and research, evaluated and selected by a network of subject specialists.</search_description>
			<url>http://www.intute.ac.uk/socialsciences//</url>
			<search_url>http://www.intute.ac.uk/socialsciences/cgi-bin/search.pl?submit.x=0&amp;submit.y=0&amp;submit=Go&amp;limit=0&amp;subject=socialsciences&amp;term1={$formKeywords}</search_url>
			
		</search>
		<search>
			<search_title>SocioSite</search_title>
			<search_description>SocioSite gives access to the worldwide scene of social sciences. The intention is to provide a comprehensive listing of all sociology resources on the Internet.</search_description>
			<url>http://www.pscw.uva.nl/sociosite/</url>
			<search_url>http://www.google.com/u/sociosite?sa=sociosite&amp;domains=www2.fmg.uva.nl&amp;sitesearch=www2.fmg.uva.nl&amp;hq=inurl:www2.fmg.uva.nl/sociosite&amp;q={$formKeywords}</search_url>
			
		</search>
		<search>
			<search_title>Voice of the Shuttle</search_title>
			<search_description>Voice of the Shuttle emphasizes both primary and secondary (or theoretical) resources of American literature, including links of syllabi, electronic journals and newsgroups.</search_description>
			<url>http://vos.ucsb.edu/</url>
			<search_url>http://vos.ucsb.edu/search-results.asp?Submit=Go&amp;search={$formKeywords}</search_url>
			
		</search>
	</context>
	<context>
		<context_title>Book reviews</context_title>
		<context_abbrev>Book reviews</context_abbrev>
		<context_description>Click on the search urls to check for book reviews.</context_description>

		<search>
			<search_title>Anthropology Review Databases (ARD)</search_title>
			<search_description>The Anthropology Review Databases is intended to improve the level of access of anthropologists to anthropological literature by making them more aware of what is being published and helping them to evaluate its relevance to their own interests.</search_description>
			<url>http://wings.buffalo.edu/ARD/</url>
			<search_url>http://wings.buffalo.edu/ARD/cgi/search.cgi?authors=&amp;subject=&amp;date1=&amp;date2=&amp;medium=&amp;reviewer=&amp;title={$formKeywords}</search_url>
			
		</search>
		<search>
			<search_title>Books-on-Law</search_title>
			<search_description>Books-on-Law reviewing new and forthcoming scholarly and trade books related to law; from JURIST: The Law Professors' Network</search_description>
			<url>http://jurist.law.pitt.edu/lawbooks/</url>
			<search_url>http://search.freefind.com/find.html?id=9814374&amp;pageid=r&amp;mode=ALL&amp;query={$formKeywords}</search_url>
			
		</search>
		<search>
			<search_title>Law and Politics Book reviews</search_title>
			<search_description>The Law and Politics Book reviews is sponsored by the Law and Courts Section of the American Political Science Association. The electronic medium enables us to review almost every book about the legal process and politics, to do longer reviews than are usually published, and to make the reviews available within six months of our receipt of the book.</search_description>
			<url>http://www.bsos.umd.edu/gvpt/lpbr/</url>
			<search_url>http://www.searchum.umd.edu/search?btnG=Search&amp;output=xml_no_dtd&amp;proxystylesheet=UMCP&amp;as_sitesearch=http://www.bsos.umd.edu/gvpt/lpbr&amp;client=UMCP&amp;site=UMCP&amp;q={$formKeywords}</search_url>
			
		</search>
	</context>
	<context>
		<context_title>Pay-per-view</context_title>
		<context_abbrev>Pay-per-view</context_abbrev>
		<context_description>A pay-per-view service is for those who do not have direct access to electronic journal articles via subscriptions. The service allows customers to gain direct access to an article by paying by credit card using the RSC's secure payment mechanism. Immediately the payment details have been validated, the customer can gain access to the required article file for a period of 30 days.</context_description>

		<search>
			<search_title>Ingenta</search_title>
			<search_description>Ingenta restricts access to full text articles. Although access to the full text costs money, the site can be used as a free index.</search_description>
			<url>http://www.ingenta.com/</url>
			<search_url>http://www.ingenta.com/isis/searching/Search/ingenta?database=1&amp;title={$formKeywords}</search_url>
			
		</search>
		<search>
			<search_title>ebrary</search_title>
			<search_description>Independent researchers who do not have access to ebrary?s databases through their library may now set up an individual account for as little as $5. ebrary Discover spans multiple academic disciplines and provides anytime, anywhere access to over 20,000 authoritative titles including books in full-text, sheet music, reports and other authoritative documents from more than 175 leading publishers such as Cambridge University Press, Random House, Inc., and The McGraw-Hill Companies.</search_description>
			<url>http://www.ebrary.com/corp/content.htm</url>
			<search_url>http://shop.ebrary.com/Top?layout=search&amp;f00=text&amp;p01=&amp;f01=subject&amp;d=journal&amp;l=en&amp;sch=%A0%A0%A0%A0%A0Search%A0%A0%A0%A0%A0&amp;frm=adv.x&amp;p00={$formKeywords}</search_url>
			
		</search>
		<search>
			<search_title>Questia</search_title>
			<search_description>Questia provides access to over 47,000 books and 375,000 journal, magazine, and newspaper articles. All books and articles are available in their entirety - search every page. The subscription rate is ranging from 19.05 per month to 119.95 per year.</search_description>
			<url>http://www.questia.com/</url>
			<search_url>http://www.questia.com/SM.qst?act=search&amp;keywordsSearchType=1000&amp;mediaType=book&amp;mediaType=journal&amp;mediaType=magazine&amp;mediaType=newspaper&amp;mediaType=encyclopedia&amp;mediaType=startpage&amp;keywords={$formKeywords}</search_url>
			
		</search>
		<search>
			<search_title>Wiley InterScience Pay-per-view Service</search_title>
			<search_description>Wiley InterScience Pay-per-view affords instant, full-text access to an extensive collection of journal articles or book chapters available on Wiley InterScience without the need for a subscription. This service allows anyone to purchase access to individual journal articles or book chapters directly by using a credit card. Access is instant and available for 24 hours.</search_description>
			<url>http://www3.interscience.wiley.com/aboutus/ppv-articleselect.html</url>
			<search_url>http://www3.interscience.wiley.com/search/allsearch</search_url>
			<search_post>allContentSearchForm=&amp;mode=quicksearch&amp;WISindexid1=WISall&amp;WISsearch1={$formKeywords}</search_post>			
		</search>
	</context>
	<context>
		<context_title>Surveys</context_title>
		<context_abbrev>Surveys</context_abbrev>
		<context_description>Access to important surveys in social science.</context_description>

		<search>
			<search_title>The Gallup Organization</search_title>
			<search_description>The Gallup site allows for topic keyword searches and also has a topic index, listing major issues such as Abortion, Campaign Finance, Illegal Drugs, and Taxes, with retrospective poll results, sometimes dating back to the 1950s, included for each.</search_description>
			<url>http://www.gallup.com/</url>
			<search_url>http://www.gallup.com/search/results.aspx?SearchConType=&amp;SearchTypeAll=any&amp;SearchTypeExa=any&amp;SearchTypeAny=any&amp;SearchTypeNon=any&amp;SearchTextExa=&amp;SearchTextAny=&amp;SearchTextNon=&amp;SearchSiteInd=&amp;SearchSiteAll=&amp;SearchDateBef=&amp;SearchDateAft=&amp;SearchDateBMo=&amp;SearchDateAMo=&amp;SearchDateBDa=&amp;SearchDateADa=&amp;SearchDateBYe=&amp;SearchDateAYe=&amp;SearchTextAll={$formKeywords}</search_url>
			
		</search>
		<search>
			<search_title>Public Agenda Online</search_title>
			<search_description>Sponsored by fourteen public service-oriented foundations, Public Agenda Online offers 21 issue guides for such topics as Abortion, Crime, the Federal Budget, Race, and Welfare. Analytical essays, summaries of news articles, and graphs representing poll results enhance Public Agenda's extensive coverage of each topic.</search_description>
			<url>http://www.publicagenda.org/</url>
			<search_url>http://www.publicagenda.org/search/search_details.cfm</search_url>
			<search_post>StartRow=1&amp;searchstring={$formKeywords}</search_post>			
		</search>
		<search>
			<search_title>PollingReport.com</search_title>
			<search_description>PollingReport.com is an independent, nonpartisan resource on trends in American public opinion.</search_description>
			<url>http://www.pollingreport.com/</url>
			<search_url>http://www.pollingreport.com/_vti_bin/shtml.exe/search.htm</search_url>
			<search_post>VTI-GROUP=0&amp;search={$formKeywords}</search_post>			
		</search>
	</context>
	<context>
		<context_title>Soc sci data</context_title>
		<context_abbrev>Soc sci data</context_abbrev>
		<context_description>Provides access to a vast archive of social science data for research and instruction.</context_description>

		<search>
			<search_title>Inter-university Consortium for Political and Social Research (ICPSR)</search_title>
			<search_description>Inter-university Consortium for Political and Social Research (ICPSR) contains social data archives include nearly 5,000 titles and over 45,000 individual files over 300 institutions in the world.</search_description>
			<url>http://www.icpsr.umich.edu/</url>
			<search_url>http://search.icpsr.umich.edu/ICPSR/query.html?nh=25&amp;rf=3&amp;ws=0&amp;op0=%2B&amp;fl0=&amp;ty0=w&amp;col=abstract&amp;col=series&amp;col=uncat&amp;op1=-&amp;tx1=restricted&amp;ty1=w&amp;fl1=availability%3A&amp;op2=%2B&amp;tx2=ICPSR&amp;ty2=w&amp;fl2=archive%3A&amp;tx0={$formKeywords}</search_url>
			
		</search>
		<search>
			<search_title>The OECD Statistics Portal</search_title>
			<search_description>The OECD Statistics Portal collects the statistics needed for its analytical work from statistical agencies of its Member countries. The OECD promotes and develops international statistical standards and co-ordinates statistical activities with other international agencies.</search_description>
			<url>http://www.oecd.org/statsportal/0,2639,en_2825_293564_1_1_1_1_1,00.html</url>
			<search_url>http://www.oecd.org/searchResult/0,2665,en_2825_293564_1_1_1_1_1,00.html?searchText=&amp;fpDepartment=293564&amp;fpSearchExact=3&amp;fpSearchText={$formKeywords}</search_url>
			
		</search>
		<search>
			<search_title>Australian Social Science Data Archive</search_title>
			<search_description>ASSDA is a member of the International Federation of Data Organisations (IFDO) through which it maintains contacts with data organisations abroad actively engaged in providing the social science community with computerised data and documentation. Links to other data archives.</search_description>
			<url>http://assda.anu.edu.au/</url>
			<search_url>http://assda.anu.edu.au/htdig/htsearch?method=and&amp;format=builtin-long&amp;sort=score&amp;config=assda&amp;restrict=http://assda.anu.edu.au/&amp;exclude=&amp;words={$formKeywords}</search_url>
			
		</search>
		<search>
			<search_title>UK Data Archive</search_title>
			<search_description>The Data Archive at the University of Essex houses the largest collection of accessible computer-readable data in the social sciences and humanities in the United Kingdom. It is a national resource centre, disseminating data throughout the United Kingdom and, by arrangement with other national archives, internationally. Founded in 1967, it now houses approximately seven thousand datasets of interest to researchers in all sectors and from many different disciplines.</search_description>
			<url>http://www.data-archive.ac.uk/</url>
			<search_url>http://www.data-archive.ac.uk/search/allSearch.asp?ct=xmlAll&amp;zoom_and=1&amp;q1={$formKeywords}</search_url>
			
		</search>
		<search>
			<search_title>Social Science Data on the Internet</search_title>
			<search_description>Social Science Data on the Internet is an extensive collection of 873 Internet sites of numeric social science statistical data, data catalogs, data libraries, social science gateways, and financial and economic census files.</search_description>
			<url>http://odwin.ucsd.edu/idata/</url>
			<search_url>http://odwin.ucsd.edu/cgi-bin/easy_search2?print=notitle&amp;file+Data+on+the+Net=%2Fdata%2Fdata.html&amp;amp;skip=search.html&amp;header=%2Fheader%2Fheader&amp;search={$formKeywords}</search_url>
			
		</search>
	</context>
	<context>
		<context_title>Social theories</context_title>
		<context_abbrev>Social theories</context_abbrev>
		<context_description>Search sites contain information on social theories.</context_description>

		<search>
			<search_title>CTheory (Requires registration)</search_title>
			<search_description>An international, electronic review of books on theory, technology and culture. Sponsored by the Canadian Journal of Political and Social Theory, reviews are posted periodically of key books in contemporary discourse as well as theorisations of major &quot;event-scenes&quot; in the mediascape.</search_description>
			<url>http://www.ctheory.net/</url>
			<search_url>http://www.google.com/search?q=site%3Awww.ctheory.net+{$formKeywords}</search_url>
			
		</search>
	</context>
	<context>
		<context_title>Book searches</context_title>
		<context_abbrev>Book searches</context_abbrev>
		<context_description>Book-related Resources</context_description>

		<search>
			<search_title>Google Print</search_title>
			<search_description>Google is working with libraries at the University of Michigan, Harvard University, Stanford University, Oxford University and the New York Public Library to digitize books in their collections and make them accessible via Google Print, a massive scanning project that will bring millions of volumes of printed books into the Google Print database.  Click a book title and you'll see the page of the book that has your search terms, your can search for more information within that specific book, find reviews, find related information, learn about the publisher, buy this book, and find nearby libraries that have it.</search_description>
			<url>http://print.google.com</url>
			<search_url>http://print.google.com/print?q={$formKeywords}</search_url>
			
		</search>
		<search>
			<search_title>Online books Page</search_title>
			<search_description>Online books Page, edited by John Mark Ockerbloom, at the University of Pennsylvania.  This is an excellent starting point in the search for full-text books on the Internet. Over 20,000 English works in various formats available online at different sites. Entries may be searched by author or title. An interesting feature allows browsing by Library of Congress call number categories. New listings are added regularly and are listed on a separate web page at &lt;a href=&quot;http://onlinebooks.library.upenn.edu/new.html&quot;&gt;http://onlinebooks.library.upenn.edu/new.html&lt;/a&gt;.</search_description>
			<url>http://digital.library.upenn.edu/books/</url>
			<search_url>http://onlinebooks.library.upenn.edu/webbin/book/search?tmode=words&amp;title={$formKeywords}</search_url>
			
		</search>
		<search>
			<search_title>Books-On-Line</search_title>
			<search_description>A collection of over 32935 titles, although some are only excerpts. Browse by subject or search by author or title. Not all items are free.</search_description>
			<url>http://www.books-on-line.com/</url>
			<search_url>http://www.books-on-line.com/bol/KeyWordSearch.cfm?RowCount=50&amp;Searchquery={$formKeywords}</search_url>
			
		</search>
		<search>
			<search_title>Universal Library</search_title>
			<search_description>The Universal Library is considerably more involved, and more ambitious -- it has amassed a collection of 100,000 e-books (some of them from Project Gutenberg), and is aiming for 1 million e-books by the end of 2006.</search_description>
			<url>http://tera-3.ul.cs.cmu.edu/</url>
			<search_url>http://tera-3.ul.cs.cmu.edu/cgi-bin/DBscripts/advsearch_db.cgi?perPage=25&amp;listStart=0&amp;author1=&amp;subject1=Any&amp;year1=&amp;year2=&amp;language1=Any&amp;scentre=Any&amp;search=Search&amp;title1={$formKeywords}</search_url>
			
		</search>
	</context>
	<context>
		<context_title>Databases</context_title>
		<context_abbrev>Databases</context_abbrev>
		<context_description>Access to related studies by establishing a working link with an open-access (free) database, with abstracts and/or full texts related to your topic.</context_description>

		<search>
			<search_title>Country Studies: Area Handbook Series</search_title>
			<search_description>From the Library of Congress, this site provides extensive information on foreign countries.  The Country Studies Series presents a description and analysis of the historical setting and the social, economic, political, and national security systems and institutions of countries throughout the world.</search_description>
			<url>http://lcweb2.loc.gov/frd/cs/cshome.html</url>
			<search_url>http://search.loc.gov:8765/query.html?col=loc&amp;qp=url%3A%2Frr%2Ffrd%2F&amp;submit.x=11&amp;submit.y=9&amp;qt={$formKeywords}</search_url>
			
		</search>
		<search>
			<search_title>International Monetary Fund (IMF)</search_title>
			<search_description>International Monetary Fund (IMF). Searchable and browsable database of IMF publications, including IMF Country Reports, Working Papers, Occasional Papers, and Policy Discussion Papers. Some reports listed on the site are not full-text but are available in print in the UCB main library.</search_description>
			<url>http://www.imf.org/external/pubind.htm</url>
			<search_url>http://www.imf.org/external/pubs/cat/shortres.cfm?auth_ed=&amp;subject=&amp;ser_note=All&amp;datecrit=During&amp;YEAR=Year&amp;Lang_F=All&amp;brtype=Date&amp;submit=Search&amp;TITLE={$formKeywords}</search_url>
			
		</search>
		<search>
			<search_title>Inter-American Development Bank Project Documents</search_title>
			<search_description>Inter-American Development Bank Project Documents. Project documents from the Inter-American Development Bank, browseable by country and economic sector. Includes both proposed and approved projects.</search_description>
			<url>http://www.iadb.org/exr/pic/index.cfm?language=english</url>
			<search_url>http://search.iadb.org/search.asp?ServerKey=Primary&amp;collection=newcoll&amp;language=English&amp;ResultTemplate=default1.hts&amp;ResultStyle=normal&amp;ViewTemplate=docview.hts&amp;Querytext={$formKeywords}</search_url>
			
		</search>
		<search>
			<search_title>CIA World Fact Book</search_title>
			<search_description>Unclassified since 1971, The Central Intelligence Agency's annual World Fact Book provides a reliable resource for information on independent states, dependencies, areas of special sovereignty, uninhabitable regions, and oceans (a total of 267 entries). Each entry typically includes concise physical and demographic statistics, an economic overview, as well as communications, transportation, and military information.</search_description>
			<url>https://www.cia.gov/library/publications/the-world-factbook/index.html</url>
			<search_url>https://www.cia.gov/search?NS-search-page=results&amp;NS-tocstart-pat=/text/HTML-advquery-tocstart.pat</search_url>
			<search_post>NS-search-type=NS-boolean-query&amp;NS-max-records=20&amp;NS-sort-by=&amp;NS-max-records=20&amp;NS-collection=Everything&amp;NS-query={$formKeywords}</search_post>			
		</search>
	</context>
	<context>
		<context_title>Relevant portals</context_title>
		<context_abbrev>Relevant portals</context_abbrev>
		<context_description>Relevant portals</context_description>

		<search>
			<search_title>Australian Social Science Data Archive</search_title>
			<search_description>ASSDA is a member of the International Federation of Data Organisations (IFDO) through which it maintains contacts with data organisations abroad actively engaged in providing the social science community with computerised data and documentation. Links to other data archives.</search_description>
			<url>http://assda.anu.edu.au/</url>
			<search_url>http://assda.anu.edu.au/htdig/htsearch?method=and&amp;format=builtin-long&amp;sort=score&amp;config=assda&amp;restrict=http://assda.anu.edu.au/&amp;exclude=&amp;words={$formKeywords}</search_url>
			
		</search>
		<search>
			<search_title>Social Science Research Network - SSRN (Austin, Texas, USA)</search_title>
			<search_description>Social Science Research Network (SSRN) is devoted to the rapid worldwide dissemination of social science research and is composed of a number of specialized research networks in each of the social sciences.</search_description>
			<url>http://www.ssrn.com/</url>
			<search_url>http://papers.ssrn.com/sol3/results.cfm</search_url>
			<search_post>searchTitle=Title&amp;searchAbstract=Abstract&amp;txtAuthorsFName=&amp;txtAuthorsLName=&amp;optionDateLimit=0&amp;Form_Name=Abstract_Search&amp;txtKey_Words={$formKeywords}</search_post>			
		</search>
		<search>
			<search_title>SocioSite</search_title>
			<search_description>SocioSite is a multi-purpose guide for sociologists. Based in the Netherlands, it includes useful links to sites around the world.</search_description>
			<url>http://www2.fmg.uva.nl/sociosite/</url>
			<search_url>http://www.google.com/search?q=site:www2%2Efmg%2Euva%2Enl%2Fsociosite%2F+</search_url>
			
		</search>
		<search>
			<search_title>Statistical Resources on the Web</search_title>
			<search_description>This site, created and maintained by University of Michigan Documents Center, is organized by broad subject area, such as Foreign or Statistics, in order to facilitate research.</search_description>
			<url>http://www.lib.umich.edu/govdocs/statsnew.html</url>
			<search_url>http://www.google.com/u/umlib?hl=en&amp;lr=&amp;ie=ISO-8859-1&amp;domains=www.lib.umich.edu&amp;sitesearch=www.lib.umich.edu&amp;q=inurl%3Agovdocs+-govdocs%2Fadnotes%2F+%0D%0A-govdocs%2Fgodort%2F&amp;q={$formKeywords}</search_url>
			
		</search>
	</context>
	<context>
		<context_title>Online forums</context_title>
		<context_abbrev>Online forums</context_abbrev>
		<context_description>Choose online, open-access online forums that would enrich the context of the research studies on your site.</context_description>

		<search>
			<search_title>H-Net Humanities and Social Sciences Online</search_title>
			<search_description>H-Net Humanities and Social Sciences Online provides information and resources for all those interested in the Humanities and Social Sciences.</search_description>
			<url>http://www.h-net.msu.edu/</url>
			<search_url>http://www.h-net.org/logsearch/index.cgi?type=keyword&amp;order=relevance&amp;list=All+lists&amp;hitlimit=25&amp;smonth=00&amp;syear=1989&amp;emonth=11&amp;eyear=2004&amp;phrase={$formKeywords}</search_url>
			
		</search>
		<search>
			<search_title>Intute: Social Sciences - Conferences and Events</search_title>
			<search_description>Intute: Social Sciences - Conferences and Events provides search of conferences and events for social sciences.</search_description>
			<url>http://www.intute.ac.uk/socialsciences/conferences.html</url>
			<search_url>http://www.intute.ac.uk/socialsciences/cgi-bin/conferences.pl?type=All+events&amp;subject=All%7CAll+subjects&amp;submit.x=0&amp;submit.y=0&amp;submit=Go&amp;term={$formKeywords}</search_url>
			
		</search>
		<search>
			<search_title>Sociology Online</search_title>
			<search_description>Sociology Online is a site for students of sociology, criminology and social theory. The site has slideshows, quizzes, and documents, as well as a Socio-News page.</search_description>
			<url>http://www.sociologyonline.co.uk/</url>
			<search_url>http://ccgi.sociologyonline.force9.co.uk/cgi-bin/site/searchnews.pl?dosearch</search_url>
			<search_post>match=keywords&amp;searchin=(All)&amp;author=(All)&amp;category=(All)&amp;newsfrom=(All)&amp;resultnumber=10&amp;sort=new&amp;multipage=on&amp;linkcompression=10&amp;highlight=on&amp;searchquery={$formKeywords}</search_post>			
		</search>
	</context>
	<context>
		<context_title>Legal materials</context_title>
		<context_abbrev>Legal materials</context_abbrev>
		<context_description>Porvides free Internet access to legal materials of major countries.</context_description>

		<search>
			<search_title>The Australasian Legal Information Institute (AustLII)</search_title>
			<search_description>Australasian Legal Information Institute (AustLII) provides free Internet access to Australian legal materials. AustLII's broad public policy agenda is to improve access to justice through better access to information. To that end, it has become one of the largest sources of legal materials on the net, with over seven gigabytes of raw text materials and over 1.5 million searchable documents.</search_description>
			<url>http://www.austlii.org/</url>
			<search_url>http://www.austlii.edu.au/cgi-bin/sinocgi.cgi?method=any&amp;meta=%2Fau&amp;results=50&amp;submit=Search&amp;rank=on&amp;callback=on&amp;query={$formKeywords}</search_url>
			
		</search>
		<search>
			<search_title>The Legal Information Institute (US)</search_title>
			<search_description>Legal Information Institute (US) is an extensive materials on the law that has overviews of more than 100 legal topics, including: links to the laws and related Web resources; Constitutions &amp; Codes has both state and federal; Court Opinions, available judicial opinion, federal and state; Law by Source, federal, state, and international; Current Awareness includes Eye on the Courts (news on important court decisions); Directories, links to organizations and journals (law reviews); as well as directories of judges, lawyers, and law schools.</search_description>
			<url>http://www.law.cornell.edu/</url>
			<search_url>http://www.law.cornell.edu/wex/index.php/Special:Search?fulltext=Search&amp;search={$formKeywords}</search_url>
			
		</search>
		<search>
			<search_title>The British and Irish Legal Information Institute (BAILII)</search_title>
			<search_description>British and Irish Legal Information Institute (BAILII) provides access to the most comprehensive set of British and Irish primary legal materials that are available for free and in one place on the Internet. As of September 2001, BAILII included 19 databases covering 5 jurisdictions. The system contains over two gigabytes of legal materials and around 275,000 searchable documents with about 10 million internal hypertext links.</search_description>
			<url>http://www.bailii.org/</url>
			<search_url>http://www.bailii.org/cgi-bin/sino_search_1.cgi?sort=rank&amp;method=boolean&amp;highlight=1&amp;mask_path=/&amp;query={$formKeywords}</search_url>
			
		</search>
		<search>
			<search_title>CanLII</search_title>
			<search_description>CanLII is a permanent resource in Canadian Law that was initially built as a prototype site in the field of public and free distribution of Canadian primary legal material.</search_description>
			<url>http://www.canlii.org/en/index.html</url>
			<search_url>http://www.canlii.org/eliisa/search.do?language=en&amp;searchTitle=Search+all+CanLII+Databases&amp;searchPage=eliisa%2FmainPageSearch.vm&amp;id=&amp;startDate=&amp;endDate=&amp;legislation=legislation&amp;caselaw=courts&amp;boardTribunal=tribunals&amp;text={$formKeywords}</search_url>
			
		</search>
		<search>
			<search_title>The World Legal Information Institute (WorldLII)</search_title>
			<search_description>The World Legal Information Institute (WorldLII) is a free, independent and non-profit global legal research facility.</search_description>
			<url>http://www.worldlii.org/</url>
			<search_url>http://www.worldlii.org/form/search/?method=any&amp;meta=%2Fworldlii&amp;results=50&amp;submit=Search&amp;rank=on&amp;callback=on&amp;query={$formKeywords}</search_url>
			
		</search>
		<search>
			<search_title>FindLaw</search_title>
			<search_description>FindLaw is one of the best examples of a subject-specific metasite. More than just an extremely well-organized directory of selected Internet law resources, FindLaw also offers a search tool for legal Web pages, the largest free database of full-text Supreme Court cases, a search engine and directory of online law reviews, a collection of state codes, interactive continuing education courses, and legal online discussions.</search_description>
			<url>http://www.findlaw.com/</url>
			<search_url>http://lawcrawler.findlaw.com/scripts/lc.pl?submit=search&amp;sites=findlaw.com&amp;entry={$formKeywords}</search_url>
			
		</search>
		<search>
			<search_title>Jurist: The Law Professors' Network</search_title>
			<search_description>Jurist-Law professors on the web provides links to the home pages of over fifty law professors, to over fifty pre- and post-prints of articles (in nine subjects from business law to regulation), and to twenty meta-pages, maintained by law professors, on topics from administrative to tax law. Also included are a large list of online law course pages, three lectures, and pointers to other resources. Essentially an annotated tour through the law resources of the Internet conducted by professors of law.</search_description>
			<url>http://www.law.pitt.edu/hibbitts/jurist.htm</url>
			<search_url>http://www.picosearch.com/cgi-bin/ts.pl?index=110412&amp;opt=ALL&amp;SEARCH=Search+JURIST+5000&amp;query={$formKeywords}</search_url>
			
		</search>
	</context>
	<context>
		<context_title>Government policy</context_title>
		<context_abbrev>Gov Policy</context_abbrev>
		<context_description>Access to Information and services gateway run by the Government of the United States and Canada.</context_description>

		<search>
			<search_title>Access to Australian Government Information and Services</search_title>
			<search_description>The Australian Government Entry Point offers comprehensive and integrated access to Australian Government information and services.  You will find a concentrated body of Australian Government information through this site. &lt;a href=&quot;http://www.australia.gov.au&quot;&gt;www.australia.gov.au&lt;/a&gt; currently signposts over 700 Australian Government web sites, indexes more than 5,000,000 pages and uses both metadata and full text indexing to ensure it is a comprehensive government portal.</search_description>
			<url>http://www.fed.gov.au</url>
			<search_url>http://govsearch.australia.gov.au/search/search.cgi?collection=gov&amp;form=au&amp;query=&amp;query_phrase=&amp;query_or=&amp;query_not=&amp;meta_f_sand=&amp;scope=&amp;fscope=512&amp;num_ranks=20&amp;chksummary=chksummary&amp;query_and={$formKeywords}</search_url>
			
		</search>
		<search>
			<search_title>Government of Canada Publicatons</search_title>
			<search_description>The Government of Canada Publications Web site provides a single window access to free and priced publications authored by Government of Canada departments. The database does not have every publication published from all departments. It does however, have over 100,000 publications listed and this number is increasing on a daily basis as this site continues to collaborate with author departments.</search_description>
			<url>http://publications.gc.ca/helpAndInfo/abtpbs-e.htm</url>
			<search_url>http://publications.gc.ca/control/quickPublicSearch?searchAction=2&amp;termValue={$formKeywords}</search_url>
			
		</search>
		<search>
			<search_title>The Government of Canada</search_title>
			<search_description>You can search across all government departments federal departments and agencies as well as provincial, territorial and municipal governments. There is a Departments and Agencies link, and the A to Z Index offers a keyword search to programmes and services. 

A recent development on Departmental sites is the inclusion of a &quot;Proactive Disclosure&quot; page, which outlines travel and hospitality expenses, disclosure of contracts, grants and awards. 

The About Canada page includes links to Departments and Agencies, Structure of the Canadian Government, Commissions of Inquiry and more. 

In addition to Department web sites, the government has been creating Portals which bring together information from across federal and provincial sources, and non-governmental organizations as well.</search_description>
			<url>http://www.canada.gc.ca/main_e.html</url>
			<search_url>http://search-recherche.gc.ca/cgi-bin/query?mss=canada%2Fen%2Fsimple.html&amp;enc=iso88591&amp;pg=q&amp;kl=en&amp;site=main&amp;q={$formKeywords}</search_url>
			
		</search>
		<search>
			<search_title>Directgov</search_title>
			<search_description>Directgov is a government service giving people access to the latest and widest range of public service information in one place on the Web and on Digital TV. Directgov uses the specifications formulated and consulted on through UK GovTalk.</search_description>
			<url>http://www.direct.gov.uk</url>
			<search_url>http://www.direct.gov.uk/AdvancedSearch/SearchResults/fs/en?NP=1&amp;PO1=C&amp;PI1=W&amp;PF1=A&amp;PG=1&amp;RP=20&amp;SC=__dgov_site&amp;Z=1&amp;PT1={$formKeywords}</search_url>
			
		</search>
		<search>
			<search_title>FirstGov</search_title>
			<search_description>FirstGov (U.S. federal and state) is a public-private partnership, led by a cross-agency board.</search_description>
			<url>http://www.firstgov.gov/</url>
			<search_url>http://www.firstgov.gov/fgsearch/index.jsp?db=www-fed-all&amp;st=AS&amp;ms0=should&amp;mt0=all&amp;rn=2&amp;parsed=true&amp;x=5&amp;y=16&amp;mw0={$formKeywords}</search_url>
			
		</search>
		<search>
			<search_title>Info4local.gov.uk</search_title>
			<search_description>Information for local government from central government.  This site gives local authorities a quick and easy way to find relevant information on the web sites of central government departments, agencies and public bodies. It includes extensive information on implementing electronic government.</search_description>
			<url>http://www.info4local.gov.uk</url>
			<search_url>http://www.info4local.gov.uk/?view=Search+results&amp;subjects=all&amp;departmentsIds=0&amp;informationTypesIds=all&amp;query={$formKeywords}</search_url>
			
		</search>
		<search>
			<search_title>The New Zealand government portal</search_title>
			<search_description>The New Zealand government portal is a website providing search capability for, and links into the online and offline information and services of most government agencies.  This site is managed and maintained by the State Services Commission, a New Zealand government department.</search_description>
			<url>http://www.govt.nz</url>
			<search_url>http://www.govt.nz/search?type=spider&amp;t=spider&amp;q={$formKeywords}</search_url>
			
		</search>
		<search>
			<search_title>Europa</search_title>
			<search_description>Current information on the member countries of the European Union, including statistical data, policies, news, official documents, legal texts, and other publications.</search_description>
			<url>http://europa.eu.int/index_en.htm</url>
			<search_url>http://europa.eu.int/geninfo/query/resultaction.jsp?page=1</search_url>
			<search_post>Collection=EuropaFull&amp;ResultTemplate=/result_en.jsp&amp;ResultCount=25&amp;qtype=simple&amp;ResultMaxDocs=200&amp;DefaultLG=en&amp;QueryText={$formKeywords}</search_post>			
		</search>
		<search>
			<search_title>The Global Legal Information Network (GLIN)</search_title>
			<search_description>The Global Legal Information Network (GLIN) is a database of laws, regulations, judicial decisions, and other complementary legal sources contributed by governmental agencies and international organizations. These GLIN members contribute the official full texts of published documents to the database in their original language. Each document is accompanied by a summary in English and subject terms selected from the multilingual index to GLIN.</search_description>
			<url>http://www.glin.gov</url>
			<search_url>http://www.glin.gov/search.do?refineQuery=&amp;offset=0&amp;refineQueryType=&amp;fromSearch=true&amp;queryType=ALL&amp;searchBtn=Search&amp;includeAllFields=on&amp;searchAll=on&amp;sumLanguage=any&amp;pubLanguage=any&amp;pubJurisdiction=any&amp;publicationJurisdictionExclude=false&amp;searchPublicationDate=true&amp;dateFromDay=01&amp;dateFromMonth=01&amp;dateFromYear=&amp;dateToDay=01&amp;dateToMonth=01&amp;dateToYear=&amp;subjTerm=&amp;subjTermConjunction%5B0%5D=AND&amp;subjTerm=&amp;subjTermConjunction%5B1%5D=AND&amp;subjTerm=&amp;subjTermConjunction%5B2%5D=AND&amp;subjTerm=&amp;subjTermConjunction%5B3%5D=AND&amp;subjTerm=&amp;searchOrder=default&amp;hitsPerPage=10&amp;showSummary=on&amp;queryString={$formKeywords}</search_url>
			
		</search>
		<search>
			<search_title>Eur-Lex -- The portal to European Union law</search_title>
			<search_description>Eur-Lex (European Union Law). Free service with access to the The Official Journal of the European Union, full-text of EU Treaties, consolidated versions of existing legislation and recent judgments by the Court of Justice.</search_description>
			<url>http://europa.eu.int/eur-lex/en/index.html</url>
			<search_url>http://europa.eu.int/search/s97.vts?Action=FilterSearch&amp;COLLECTION=EURLEXfiles&amp;Filter=EUROPA_filter.hts&amp;ResultTemplate=eur-lex_res-en.hts&amp;QueryMode=Simple&amp;SearchPage=%2Feur-lex%2Fen%2Findex.html&amp;SearchIn=http%3A%2F%2Feuropa.eu.int%2Feur-lex%2Fen&amp;SortField=Score&amp;SortOrder=desc&amp;StartDate=&amp;HTMLonly=&amp;ResultCount=25&amp;queryText={$formKeywords}</search_url>
			
		</search>
		<search>
			<search_title>Rulers</search_title>
			<search_description>This site contains lists of heads of state and heads of government (and, in certain cases, de facto leaders not occupying either of those formal positions) of all countries and territories, going back to about 1700 in most cases. Also included are the subdivisions of various countries, recent foreign ministers of all countries, and a selection of international organizations, religious leaders and a chronicle of relevant events since 1996.</search_description>
			<url>http://www.rulers.org/</url>
			<search_url>http://www.google.com/search?q=site%3Arulers.org&amp;q={$formKeywords}</search_url>
			
		</search>
		<search>
			<search_title>Thomas Legislative Information on the Internet</search_title>
			<search_description>Through Thomas, the Library of Congress offers the text of bills in the United States Congress, the full text of the Congressional Record, House and Senate committee reports, and historical documents.</search_description>
			<url>http://thomas.loc.gov/</url>
			<search_url>http://thomas.loc.gov/cgi-bin/thomas</search_url>
			<search_post>congress=109&amp;database=text&amp;MaxDocs=1000&amp;querytype=phrase&amp;Search=SEARCH&amp;query={$formKeywords}</search_post>			
		</search>
	</context>
	<context>
		<context_title>Media reports</context_title>
		<context_abbrev>Media reports</context_abbrev>
		<context_description>Immediately initiates a search based on the subject of the article or paper that connects users to free current and archival articles in the field from leading newspapers around the world.</context_description>

		<search>
			<search_title>Google News</search_title>
			<search_description>Search news reports using the popular search engine Google's news feature.</search_description>
			<url>http://news.google.com/</url>
			<search_url>http://news.google.com/news?hl=en&amp;q={$formKeywords}</search_url>
			
		</search>
		<search>
			<search_title>Globe and Mail</search_title>
			<search_description>Globe and Mail, Toronto (last seven days)</search_description>
			<url>http://www.globeandmail.com/</url>
			<search_url>http://www.globeandmail.com/servlet/HTMLTemplate/search?tf=tgam/search/tgam/SearchResults.html&amp;cf=tgam/search/tgam/SearchResults.cfg&amp;current_row=1&amp;start_row=1&amp;num_rows=10&amp;keywords={$formKeywords}</search_url>
			
		</search>
		<search>
			<search_title>People's Daily</search_title>
			<search_description>People's Daily, China (January 1999-)</search_description>
			<url>http://english.peopledaily.com.cn/</url>
			<search_url>http://search.people.com.cn/was40/people/GB/english_index.jsp?type=1&amp;channel=&amp;Content=&amp;searchword={$formKeywords}</search_url>
			
		</search>
		<search>
			<search_title>Mail &amp; Guardian Newspaper</search_title>
			<search_description>Mail &amp; Guardian Newspaper, South Africa (1994-)</search_description>
			<url>http://www.mg.co.za/</url>
			<search_url>http://www.mg.co.za/mg_search_results.aspx?PrintEdition=PrintEdition&amp;DailyNews=DailyNews&amp;SearchSection=&amp;StartDay=&amp;StartMonth=&amp;StartYear=&amp;EndDay=&amp;EndMonth=&amp;EndYear=&amp;keywords={$formKeywords}</search_url>
			
		</search>
		<search>
			<search_title>National Public Radio</search_title>
			<search_description>National Public Radio, United States (unlimited)</search_description>
			<url>http://www.npr.org/archives/</url>
			<search_url>http://www.npr.org/search.php?text={$formKeywords}</search_url>
			
		</search>
		<search>
			<search_title>New York Times</search_title>
			<search_description>New York Times, New York (last seven days)</search_description>
			<url>http://www.nytimes.com/</url>
			<search_url>http://query.nytimes.com/search/query?date=site1week&amp;submit.x=1&amp;submit.y=9&amp;query={$formKeywords}</search_url>
			
		</search>
		<search>
			<search_title>The Japan Times Online</search_title>
			<search_description>The Japan Times Online, Japan (January 1999-)</search_description>
			<url>http://www.japantimes.co.jp/</url>
			<search_url>http://www.google.co.jp/custom?domains=japantimes.co.jp&amp;client=pub-4223870936880387&amp;forid=1&amp;ie=Shift_JIS&amp;oe=Shift_JIS&amp;term1=&amp;cof=GALT%3A%23008000%3BGL%3A1%3BDIV%3A%23336699%3BVLC%3A663399%3BAH%3Acenter%3BBGC%3AFFFFFF%3BLBGC%3AFFFFFF%3BALC%3A0000FF%3BLC%3A0000FF%3BT%3A000000%3BGFNT%3A0000FF%3BGIMP%3A0000FF%3BLH%3A60%3BLW%3A200%3BL%3Ahttp%3A%2F%2Fwww.japantimes.co.jp%2Fimages%2Fheader_title.gif%3BS%3Ahttp%3A%2F%2Fwww.japantimes.co.jp%2F%3BFORID%3A1%3B&amp;hl=ja&amp;advancesearch=&amp;q={$formKeywords}</search_url>
			
		</search>
		<search>
			<search_title>The Moscow Times</search_title>
			<search_description>The Moscow Times, Russia (1994-)</search_description>
			<url>http://www.moscowtimes.ru/doc/Search.html</url>
			<search_url>http://www.moscowtimes.ru/cgi-bin/search?config=&amp;exclude=&amp;method=and&amp;format=long&amp;sort=score&amp;matchesperpage=10&amp;words={$formKeywords}</search_url>
			
		</search>
		<search>
			<search_title>Washington Post</search_title>
			<search_description>Washington Post, Washington, DC (last two weeks)</search_description>
			<url>http://www.washingtonpost.com/</url>
			<search_url>http://www.washingtonpost.com/cgi-bin/search99.pl?searchsection=news&amp;searchdatabase=news&amp;x=11&amp;y=8&amp;searchtext={$formKeywords}</search_url>
			
		</search>
		<search>
			<search_title>Newsdirectory</search_title>
			<search_description>Newsdirectory is a comprehensive and searchable guide to the world's English-language online media. Currently over 8,000 newspapers and magazines are listed, as well as more than 1,000 U.S. television broadcasters.</search_description>
			<url>http://www.newsdirectory.com/</url>
			<search_url>http://www.newsdirectory.com/hbSearch.php</search_url>
			<search_post>s={$formKeywords}&amp; submit=Go</search_post>
			
		</search>
	</context>
	<context>
		<context_title>Web search</context_title>
		<context_abbrev>Web search</context_abbrev>
		<context_description>Enter a search term for Internet resources through various search engines.</context_description>

		<search>
			<search_title>Google</search_title>
			<search_description>Search using the popular Google search engine.</search_description>
			<url>http://www.google.com/</url>
			<search_url>http://www.google.com/search?q={$formKeywords}</search_url>
			
		</search>
		<search>
			<search_title>Google Scholar</search_title>
			<search_description>Google Scholar enables specific searches of scholarly literature, including peer-reviewed papers, theses, books, pre-prints, abstracts, and technical reports. Content includes a range of publishers and aggregators with whom Google already has standing arrangements, e.g., the Association for Computing Machinery, IEEE, OCLC's Open WorldCat library locator service, etc. Result displays will show different version clusters, citation analysis, and library location (currently books only).</search_description>
			<url>http://scholar.google.com</url>
			<search_url>http://scholar.google.com/scholar?ie=UTF-8&amp;oe=UTF-8&amp;hl=en&amp;q={$formKeywords}</search_url>
			
		</search>
		<search>
			<search_title>Clusty the Clustering Engine</search_title>
			<search_description>This search tool from Vivismo offers clustered results for a selection of searches.  Metasearch the whole web, or use tabs to search for news, gossip, images, orproducts via Bizrate or eBay.</search_description>
			<url>http://clusty.com/about</url>
			<search_url>http://clusty.com/search?query={$formKeywords}</search_url>
			
		</search>
		<search>
			<search_title>Vivisimo</search_title>
			<search_description>The award-winning Vivisimo clustering technology, developed by Carnegie Mellon research scientists, is unlocking the value of stored information at Fortune 500 companies, top websites, prestigious publishers and government agencies by categorizing research results on the fly into meaningful orders, thus achieving breakthrough improvement in access to relevant information.</search_description>
			<url>http://vivisimo.com</url>
			<search_url>http://vivisimo.com/search?tb=homepage&amp;v%3Asources=Web&amp;query={$formKeywords}</search_url>
			
		</search>
	</context>
</version>
