<?xml version="1.0" encoding="UTF-8"?>
<!DOCTYPE version SYSTEM "../../lib/pkp/dtd/rtVersion.dtd">

<!--
  * Agriculture.xml
  *
  * Copyright (c) 2013-2016 Simon Fraser University Library
  * Copyright (c) 2003-2016 John Willinsky
  * Distributed under the GNU GPL v2. For full terms see the file docs/COPYING.
  *
  * Reading Tools version: Agriculture (ar_IQ)
  *
  -->

<version id="Agriculture" locale="ar_IQ">
	<version_title>الزراعة</version_title>
	<version_description>أدوات القراءة يمكنها مساعدة قراء هذه الدراسة في الرجوع إلى مدى واسع من الموارد ذات الصلة، التي بإمكانها أن تكون منطلقاً لترجمة الدراسة، أو الاقتباس منها أو تقييمها.</version_description>

	<context>
		<context_title>عمل المؤلف</context_title>
		<context_abbrev>أعمال الآخرين</context_abbrev>
		<context_description>حدد أعمال أخرى حسب مؤلفيها باستعمال محركات بحث OAI.</context_description>
		<author_terms />
		<search>
			<search_title>الباحث العلمي من Google</search_title>
			<search_description>الباحث العلمي من Google يتيح عمليات البحث المتخصصة بالأعمال الأدبية العلمية، بضمنها الأوراق المحكمة، الأطاريح والرسائل، الكتب، الطبعات الأولية، الملخصات، والتقارير التقنية. المحتوى يشمل مدى من الناشرين والتجمعات العلمية التي لها اتفاقيات قائمة مع Google، مثل: رابطة المكائن الحاسوبية، IEEE، مكتبة  Open WorldCat لـ OCLC... إلخ. نتائج العرض ستُظهر نسخ تجاميع مختلفة، وتحليل للاقتباسات، وموقع المكتبة (حالياً كتب فقط).</search_description>
			<url>http://scholar.google.com</url>
			<search_url>http://scholar.google.com/scholar?ie=UTF-8&amp;oe=UTF-8&amp;hl=eng&amp;as_sauthors={$formKeywords}</search_url>
			
		</search>
		<search>
			<search_title>OAIster (Open Archives Initiative research databases)</search_title>
			<search_description>OAIster هو مشروع لجامعة مشغان لخدمات إنتاج المكتبة الرقمية، ويوفر عملية البحث ضمن مجاميع موارد متنوعة في مؤسسات عديدة. هذه المؤسسات جعلت سجلات مواردها الرقمية متاحة مجاناً، وفريق المشروع جمعها ضمن خدمة OAIster.</search_description>
			<url>http://oaister.umdl.umich.edu/</url>
			<search_url>http://oaister.umdl.umich.edu/cgi/b/bib/bib-idx?type=boolean&amp;size=10&amp;c=oaister&amp;q1=&amp;rgn1=entire+record&amp;op2=and&amp;q2=&amp;rgn2=entire+record&amp;op3=And&amp;q3=&amp;rgn3=title&amp;op4=And&amp;rgn4=author&amp;op5=And&amp;q5=&amp;rgn5=subject&amp;op6=And&amp;rgn6=norm&amp;q6=all+types&amp;sort=author%2Fcreator&amp;submit2=search&amp;q4={$formKeywords}</search_url>
			
		</search>
		<search>
			<search_title>ثبت مراجع الرز</search_title>
			<search_description>بدأ عام 1961 وهو الآن المصدر العالمي الأكبر للمعلومات العلمية عن الرز. قرابة 8000 مرجع جديد يضاف إليه كل عام، وهي تغطي كل الموضوعات المتعلقة بثقافة الرز.</search_description>
			<url>http://ricelib.irri.cgiar.org:81/search/w</url>
			<search_url>http://ricelib.irri.cgiar.org:81/search/?searchtype=w&amp;searcharg={$formKeywords}</search_url>
			
		</search>
		<search>
			<search_title>حاصود المحفوظات المفتوحة لمشروع المعرفة العامة</search_title>
			<search_description>هو نظام فهرسة مجاني للبيانات الوصفية، مطور من قبل مشروع المعرفة العامة عبر جهود تمويله الفدرالية لتوسيع وتحسين الوصول إلى الأبحاث. وهو يتيح لك إنشاء فهرس قابل للبحث من البيانات الوصفية لمبادرة المحفوظات المفتوحة، مثل المواقع التي تعمل بنظام المجلات المفتوحة أو أنظمة المؤتمرات المفتوحة.</search_description>
			<url>http://pkp.sfu.ca/harvester/</url>
			<search_url>http://pkp.sfu.ca/harvester/search.php?limit=author&amp;query={$formKeywords}</search_url>
			
		</search>
		<search>
			<search_title>AgEcon Search: أبحاث في اقتصاديات الزراعة</search_title>
			<search_description>هو مصمم للتوزيع الالكتروني للتقارير الخاصة بالأبحاث العلمية في حقل اقتصاديات الزراعة.</search_description>
			<url>http://agecon.lib.umn.edu/</url>
			<search_url>http://agecon.lib.umn.edu/cgi-bin/view.pl?bool=AND&amp;fields=author&amp;detail=0&amp;keywords={$formKeywords}</search_url>
			
		</search>
		<search>
			<search_title>المكتبة الرقمية للعامة (DLC)</search_title>
			<search_description>هي بوابة للأدب العالمي للعامة. هذا الموقع يتضمن أرشيف من أوراق عمل المؤلفين، فضلاً عن أوراق كاملة لمؤتمرات علمية، وأوراق عمل، ومطبوعات أولية، وتقارير.</search_description>
			<url>http://dlc.dlib.indiana.edu/</url>
			<search_url>http://dlc.dlib.indiana.edu/perl/search?abstract%2Fagency%2Fauthors%2Fconfdates%2Fconference%2Fconfloc%2Fcountry%2Fdiscipline%2Feditors%2Fkeywords%2Flanguage%2Fresearch%2Fseries%2Fsubjecttext%2Fthesistype%2Ftitle%2Fyear_srchtype=ALL&amp;_action_search=Search&amp;abstract%2Fagency%2Fauthors%2Fconfdates%2Fconference%2Fconfloc%2Fcountry%2Fdiscipline%2Feditors%2Fkeywords%2Flanguage%2Fresearch%2Fseries%2Fsubjecttext%2Fthesistype%2Ftitle%2Fyear={$formKeywords}</search_url>
			
		</search>
		<search>
			<search_title>قاعدة بيانات مستندات PESTIS</search_title>
			<search_description>هي قاعدة بيانات على الإنترنت لإصلاح استعمال المبيدات ومجتمعات الزراعة المستدامة، وهو متاح على شبكة حاسبات EcoNet. يضم أكثر من 400 فقرة إخبارية، تنبيهات، مقالات إخبارية، وجداول حقائق.</search_description>
			<url>http://www.panna.org/resources/pestis.html</url>
			<search_url>http://www.panna.org/system/searchResults.html?p=1&amp;lang=en&amp;include=&amp;exclude=&amp;penalty=.05&amp;mode=&amp;searchScope=all&amp;q={$formKeywords}</search_url>
			
		</search>
		<search>
			<search_title>الأسماء الشائعة لأمراض النباتات</search_title>
			<search_description>هذا المصدر هو نسخة الكترونية من: الأسماء الشائعة لأمراض النباتات، 1994. منشور: St. Paul, Minn.: APS Press, 1994. هذا التجمع يوفر نسخة محدثة ومجمعة لقوائم أسماء منشورة في Phytopathology News and Plant Disease.</search_description>
			<url>http://www.apsnet.org/online/common/</url>
			<search_url>http://www.apsnet.org/online/common/query.asp</search_url>
			<search_post>scope=/online/common/names/&amp;FreeText=on&amp;SearchString={$formKeywords}</search_post>			
		</search>
		<search>
			<search_title>Vegetable MD online أمراض الخضراوات على الإنترنت</search_title>
			<search_description>تم تطويره لإتاحة الوصول إلى أوراق عديدة عن حقائق أمراض الخضراوات، مؤلفة عبر السنين بواسطة الخدمات الإعلامية في Cornell. إضافة الصور الملونة ساهم في تحسين هذه الأوراق البحثية عن تشخيص أمراض تلك النباتات. تتضمن أيضاً معلومات عن طرق الزراعة، السقي، الأدغال، الحشرات، الرعاية، الانتخاب الحقلي، والعديد من القضايا المتعلقة بالخضراوات وزراعتها.</search_description>
			<url>http://vegetablemdonline.ppath.cornell.edu/Vegmd.asp</url>
			<search_url>http://vegetablemdonline.ppath.cornell.edu/Vegmd.asp?target={$formKeywords}</search_url>
			
		</search>
		<search>
			<search_title>VITIS-VEA</search_title>
			<search_description>VITIS-VEA, Viticulture and Enology Abstracts هي قاعدة بيانات للنشر باللغة الألمانية أو الإنجليزية في حقل زراعة الكروم وعلم التخمير. إنها تغطي علم تشكل الكروم، علم وظائف الأعضاء، الكيمياء الاحيائية، علم التربة، الجينات، تربية الكروم، علم أمراض النبات وحماية الكروم، التقانات الخلوية، اقتصاديات زراعة الكروم والتخمير، وعلم الأحياء المجهرية للنبيذ.</search_description>
			<url>http://vitis-vea.zadi.de/stichwortsuche_eng.htm</url>
			<search_url>http://vitis-vea.zadi.de/VITISVEA_ENG/SDF?STICHWORT_O=includes&amp;FORM_F1=AUT1&amp;FORM_SO=Ascend&amp;STICHWORT={$formKeywords}</search_url>
			
		</search>
		<search>
			<search_title>المركز العالمي لمعلومات الزراعة (WAICENT)</search_title>
			<search_description>هذا الموقع يتضمن إدارة معلومات ونشر ما يتعلق بالتصحر، التطوير المستدام، معايير الغذاء، مصادر علم الجينات الحيواني، عمليات ما قبل الحصاد، التنوع البايولوجي الزراعي، وأنظمة الغذاء في المراكز الحضرية.</search_description>
			<url>http://www.fao.org/waicent/index_en.asp</url>
			<search_url>http://www.fao.org/waicent/search/simple_s_result.asp?publication=1&amp;webpage=2&amp;photo=3&amp;press=5&amp;CGIAR=1&amp;QueryString={$formKeywords}</search_url>
			
		</search>
		<search>
			<search_title>مذخر مستندات FAO</search_title>
			<search_description>مذخر مستندات FAO يجمع وينشر على الإنترنت وثائق كاملة ومنشورات خاصة بـ FAO وحتى من خارجها. يتوفر فيه ثلاث طرق للبحث كما أنه يدعم عدة لغات.</search_description>
			<url>http://www.fao.org/documents/</url>
			<search_url>http://www.fao.org/documents/advanced_s_result.asp?form_c=AND&amp;RecordsPerPage=50&amp;QueryString={$formKeywords}</search_url>
			
		</search>
	</context>
	<context>
		<context_title>البحث عن المصطلحات</context_title>
		<context_abbrev>البحث عن المصطلحات</context_abbrev>
		<context_description>أنقر نقراً مزدوجاً على أي كلمة في النص وستظهر في صندوق &quot;تعريف المصطلحات&quot;. بإمكانك أيضاً طباعة الكلمات أو لصقها فيه. ثم استعمل وظيفة البحث للعثور على تعريف للكلمة. تم اختيار هذه الموارد كونها ذات صلة ومجانية، إذ تتيح الوصول لكل أو بعض محتواها مجاناً.</context_description>
		<define_terms />
		<search>
			<search_title>Google</search_title>
			<search_description>البحث عن تعاريف باستعمال محرك البحث الشائع.</search_description>
			<url>http://www.google.com/</url>
			<search_url>http://www.google.com/search?hl=en&amp;q=define%3A{$formKeywords}</search_url>
			
		</search>
		<search>
			<search_title>قاموس مصطلحات FAO عن التقانات الاحيائية للغذاء والزراعة</search_title>
			<search_description>هذا الموقع يوفر قائمة مجدولة للكلمات وتعاريفها بدون آلية بحث. البحوث المنشورة فيه على الإنترنت مجانية، وهناك نسخة من القاموس بشكل كتاب متاحة للبيع.</search_description>
			<url>http://www.fao.org/biotech/index_glossary.asp</url>
			<search_url>http://www.fao.org/biotech/find-form-n.asp</search_url>
			<search_post>terms={$formKeywords}</search_post>			
		</search>
		<search>
			<search_title>قاموس الزراعة من NAL</search_title>
			<search_description>تم إنشاؤه ليلبي حاجات وزارة الزراعة في الولايات المتحدة (USDA)، وخدمة الأبحاث الزراعية (ARS)، وليكون بمثابة قاموس زراعي. إنه لكل من يريد وصف أو تنظيم أو تصنيف موارد الزراعة، مثل: الكتب، المقالات، الفهارس، قواعد البيانات، براءات الاختراع، الألعاب، المواد التعليمية، الصور، الشرائح، الأفلام، شرائط الفيديو، البرامجيات وغيرها من الوسائط الالكترونية وحتى المواقع على الإنترنت. إنه مبوب في 17 فئة.</search_description>
			<url>http://agclass.nal.usda.gov/agt/agt.htm</url>
			<search_url>http://agclass.nal.usda.gov/agt/mtw.exe?k=default&amp;p=A&amp;l=60&amp;s=2&amp;t=1&amp;n=100&amp;w={$formKeywords}</search_url>
			
		</search>
		<search>
			<search_title>Merriam-Webster Online</search_title>
			<search_description>قاموس مؤسس على الطبعة العاشرة لكلية Webster، 1993، مع تحديثات تضاف له سنوياً. فيه أكثر من 160 ألف مدخل. كل كلمة يرافقها تعريفها ولفظها واستعمالاتها ومحدداتها القواعدية وتحليل موجز لأصلها. عند الإدخال الإملائي الخاطئ يقترح الموقع التصحيح. نظام البحث الداخلي فيه يدعم الحروف البديلة والبحث عبر استقطاع الجزء الأيمن من الكلمة. يتضمن دليل لفظي موسع وملفات صوتية للكثير من المصطلحات.</search_description>
			<url>http://www.merriam-webster.com/</url>
			<search_url>http://www.merriam-webster.com/cgi-bin/dictionary?book=Dictionary&amp;va={$formKeywords}</search_url>
			
		</search>
		<search>
			<search_title>قواميس OneLook</search_title>
			<search_description>هو قاموس يبحث في البيانات الوصفية للقواميس الأخرى. أدخل كلمة إنجليزية أو اختصاراً، وسيقوم بالبحث عن فهارسها ضمن 5292362 كلمة في 934 قاموس مفهرس ما بين عام ومتخصص.</search_description>
			<url>http://www.onelook.com/index.html</url>
			<search_url>http://www.onelook.com/?ls=a&amp;w={$formKeywords}</search_url>
			
		</search>
		<search>
			<search_title>Wikipedia: The Free Encyclopedia</search_title>
			<search_description>&quot;هي موسوعة مجانية ساهم المشاركون من أنحاء العالم في كتابتها. معنى تسمية الموقع أن أي شخص بإمكانه تعديل أي مقال&quot;. بدون إشراف لهيئة تحرير، لذلك فإن رصانة المحتوى المنشور على الموقع متباين بشكل هائل، لكنه جدير بالمعاينة. النسخة الإنجليزية تضم مئات الآلاف من المداخل. كما أنه يقدم نسخ أخرى بالفرنسية والإسبانية ولغات أخرى أيضاً.</search_description>
			<url>http://en.wikipedia.org/wiki/Main_Page</url>
			<search_url>http://en.wikipedia.org/wiki/Special:Search?go=Go&amp;fulltext=Search&amp;search={$formKeywords}</search_url>
			
		</search>
		<search>
			<search_title>Infoplease.com</search_title>
			<search_description>هذا الموقع يتضمن محتوى Information Please Almanacs، وهي قاعدة بيانات للترجمة الذاتية أو السيرة، وقاموس، وأطلس ومقالات من موسوعة كولومبيا. يمكنك البحث في هذه المراجع الجاهزة ككل أو بشكل منفصل أو تصفح الموقع. هناك قصص مميزة كل أسبوع تغطي مواضيع خبرية، مع روابط وثيقة الصلة بمحتوى الموقع وموارد أخرى في الإنترنت.</search_description>
			<url>http://www.infoplease.com</url>
			<search_url>http://www.infoplease.com/search?fr=iptn&amp;in=all&amp;x=0&amp;y=0&amp;query={$formKeywords}</search_url>
			
		</search>
	</context>
	<context>
		<context_title>دراسات ذات صلة</context_title>
		<context_abbrev>دراسات ذات صلة</context_abbrev>
		<context_description>الوصول إلى دراسات مماثلة عبر تأسيس رابط إلى قاعدة بيانات مفتوحة (مجانية)، مع ملخصات و/أو نصوص كاملة متعلقة بموضوعك.</context_description>

		<search>
			<search_title>AgEcon Search: أبحاث في اقتصاديات الزراعة</search_title>
			<search_description>هو مصمم للتوزيع الالكتروني للتقارير الخاصة بالأبحاث العلمية في حقل اقتصاديات الزراعة.</search_description>
			<url>http://agecon.lib.umn.edu/</url>
			<search_url>http://agecon.lib.umn.edu/cgi-bin/view.pl?bool=AND&amp;fields=key&amp;detail=0&amp;keywords={$formKeywords}</search_url>
			
		</search>
		<search>
			<search_title>CropSEARCH</search_title>
			<search_description>فهرس لقوائم تضم المئات من أصناف المحاصيل.</search_description>
			<url>http://www.hort.purdue.edu/newcrop/SearchEngine.html</url>
			<search_url>http://index.cc.purdue.edu:8765/query.html?col=pumerge&amp;charset=iso-8859-1&amp;ht=0&amp;qp=%2Bsite%3Ahort.purdue.edu&amp;qs=&amp;qc=&amp;pw=100%25&amp;ws=0&amp;la=en&amp;qm=0&amp;st=1&amp;nh=10&amp;lk=1&amp;rf=0&amp;rq=0&amp;si=0&amp;puhead=header.html&amp;pufoot=footer.html&amp;qt={$formKeywords}</search_url>
			
		</search>
		<search>
			<search_title>المكتبة الرقمية للعامة (DLC)</search_title>
			<search_description>هي بوابة للأدب العالمي للعامة. هذا الموقع يتضمن أرشيف من أوراق عمل المؤلفين، فضلاً عن أوراق كاملة لمؤتمرات علمية، وأوراق عمل، ومطبوعات أولية، وتقارير.</search_description>
			<url>http://dlc.dlib.indiana.edu/</url>
			<search_url>http://dlc.dlib.indiana.edu/perl/search?abstract%2Fagency%2Fauthors%2Fconfdates%2Fconference%2Fconfloc%2Fcountry%2Fdiscipline%2Feditors%2Fkeywords%2Flanguage%2Fresearch%2Fseries%2Fsubjecttext%2Fthesistype%2Ftitle%2Fyear_srchtype=ALL&amp;_action_search=Search&amp;abstract%2Fagency%2Fauthors%2Fconfdates%2Fconference%2Fconfloc%2Fcountry%2Fdiscipline%2Feditors%2Fkeywords%2Flanguage%2Fresearch%2Fseries%2Fsubjecttext%2Fthesistype%2Ftitle%2Fyear={$formKeywords}</search_url>
			
		</search>
		<search>
			<search_title>FAS online</search_title>
			<search_description>خدمة الزراعة الأجنبية The Foreign Agricultural Service (FAS) التابعة للحكومة الأمريكية، وزارة الزراعة تحديداً (USDA)، تنتج مئات الوثائق سنوياً، تعرض وتحلل إنتاج، استهلاك، مسار التجارة، وفرص التسويق لحوالي 100 منتج زراعي. تتضمن تقارير متخصصة بالسوق والسلع، بيانات وإحصائيات، أخبار، منافذ التجارة، معلومات عن برامج الاستيراد والتصدير... والمزيد.</search_description>
			<url>http://www.fas.usda.gov/fassearch.asp</url>
			<search_url>http://www.fas.usda.gov/FASSearch_results_H.asp?SearchString={$formKeywords}</search_url>
			
		</search>
		<search>
			<search_title>قاعدة بيانات مستندات PESTIS</search_title>
			<search_description>هي قاعدة بيانات على الإنترنت لإصلاح استعمال المبيدات ومجتمعات الزراعة المستدامة، وهو متاح على شبكة حاسبات EcoNet. يضم أكثر من 400 فقرة إخبارية، تنبيهات، مقالات إخبارية، وجداول حقائق.</search_description>
			<url>http://www.panna.org/resources/pestis.html</url>
			<search_url>http://www.panna.org/system/searchResults.html?p=1&amp;lang=en&amp;include=&amp;exclude=&amp;penalty=.05&amp;mode=&amp;searchScope=all&amp;q={$formKeywords}</search_url>
			
		</search>
		<search>
			<search_title>PlantFacts</search_title>
			<search_description>يتضمن دليل للإجابة عن الأسئلة المتعلقة بالنبات من 46 جامعة مختلفة ومؤسسة حكومية عبر الولايات المتحدة وكندا. أكثر من 20 ألف صفحة من أوراق حقائق موسعة ونشرات توفر مصدراً مركزاً لمعلومات ذات صلة بالنبات. لقد قام بدمج مجموعات رقمية متعددة طورت في جامعة أوهايو لتكون بنك معرفة عالمي ومركز تعليمي متعدد الوسائط.</search_description>
			<url>http://plantfacts.osu.edu/</url>
			<search_url>http://plantfacts.osu.edu/action.lasso?-Layout=input&amp;-Search=-nothing&amp;-Response=results_list2.lasso&amp;-AnyError=error.lasso&amp;searchitem={$formKeywords}</search_url>
			
		</search>
		<search>
			<search_title>قاعدة بيانات النبات الوطنية</search_title>
			<search_description>يركز على النباتات الوعائية وغير الوعائية في الولايات المتحدة وأراضيها. تتضمن قاعدة البيانات قائمة مهام، بيانات موزعة، معلومات عن المحاصيل، نماذج للنباتات، بيانات نمو النبات، مراجع، ومعلومات أخرى.</search_description>
			<url>http://plants.usda.gov/</url>
			<search_url>http://www.nrcs.usda.gov/search.asp?site=NPDC&amp;ct=ALL&amp;qu={$formKeywords}</search_url>
			
		</search>
		<search>
			<search_title>الأسماء الشائعة لأمراض النباتات</search_title>
			<search_description>هذا المصدر هو نسخة الكترونية من: الأسماء الشائعة لأمراض النباتات، 1994. منشور: St. Paul, Minn.: APS Press, 1994. هذا التجمع يوفر نسخة محدثة ومجمعة لقوائم أسماء منشورة في Phytopathology News and Plant Disease.</search_description>
			<url>http://www.apsnet.org/online/common/</url>
			<search_url>http://www.apsnet.org/online/common/query.asp</search_url>
			<search_post>scope=/online/common/names/&amp;FreeText=on&amp;SearchString={$formKeywords}</search_post>			
		</search>
		<search>
			<search_title>ثبت مراجع الرز</search_title>
			<search_description>بدأ عام 1961 وهو الآن المصدر العالمي الأكبر للمعلومات العلمية عن الرز. قرابة 8000 مرجع جديد يضاف إليه كل عام، وهي تغطي كل الموضوعات المتعلقة بثقافة الرز.</search_description>
			<url>http://ricelib.irri.cgiar.org:81/search/w</url>
			<search_url>http://ricelib.irri.cgiar.org:81/search/w?SEARCH={$formKeywords}</search_url>
			
		</search>
		<search>
			<search_title>Vegetable MD online أمراض الخضراوات على الإنترنت</search_title>
			<search_description>تم تطويره لإتاحة الوصول إلى أوراق عديدة عن حقائق أمراض الخضراوات، مؤلفة عبر السنين بواسطة الخدمات الإعلامية في Cornell. إضافة الصور الملونة ساهم في تحسين هذه الأوراق البحثية عن تشخيص أمراض تلك النباتات. تتضمن أيضاً معلومات عن طرق الزراعة، السقي، الأدغال، الحشرات، الرعاية، الانتخاب الحقلي، والعديد من القضايا المتعلقة بالخضراوات وزراعتها.</search_description>
			<url>http://vegetablemdonline.ppath.cornell.edu/Vegmd.asp</url>
			<search_url>http://vegetablemdonline.ppath.cornell.edu/Vegmd.asp?target={$formKeywords}</search_url>
			
		</search>
		<search>
			<search_title>VITIS-VEA</search_title>
			<search_description>VITIS-VEA, Viticulture and Enology Abstracts هي قاعدة بيانات للنشر باللغة الألمانية أو الإنجليزية في حقل زراعة الكروم وعلم التخمير. إنها تغطي علم تشكل الكروم، علم وظائف الأعضاء، الكيمياء الاحيائية، علم التربة، الجينات، تربية الكروم، علم أمراض النبات وحماية الكروم، التقانات الخلوية، اقتصاديات زراعة الكروم والتخمير، وعلم الأحياء المجهرية للنبيذ.</search_description>
			<url>http://vitis-vea.zadi.de/stichwortsuche_eng.htm</url>
			<search_url>http://vitis-vea.zadi.de/VITISVEA_ENG/SDF?STICHWORT_O=includes&amp;FORM_F1=AUT1&amp;FORM_SO=Ascend&amp;STICHWORT={$formKeywords}</search_url>
			
		</search>
	</context>
	<context>
		<context_title>سياسة الدولة</context_title>
		<context_abbrev>سياسة الدولة</context_abbrev>
		<context_description>يفحص موارد حكومية متعددة.</context_description>

		<search>
			<search_title>مدخل لمعلومات وخدمات الحكومة الأسترالية</search_title>
			<search_description>يقدم وصول شامل ومتكامل لمعلومات وخدمات الحكومة الأسترالية. ستجد بنية مركزة لبيانات الحكومة الأسترالية في هذا الموقع. &lt;a href=&quot;http://www.australia.gov.au&quot;&gt;www.australia.gov.au&lt;/a&gt; حالياً يشتمل على إدراجات من أكثر من 700 موقع حكومي أسترالي وفهارس وأكثر من 5 ملايين صفحة، ويستعمل البيانات الوصفية والنصوص الكاملة لأغراض الفهرسة لضمان كونه مدخلاً حكومياً شاملاً.</search_description>
			<url>http://www.fed.gov.au</url>
			<search_url>http://govsearch.australia.gov.au/search/search.cgi?collection=gov&amp;form=au&amp;query=&amp;query_phrase=&amp;query_or=&amp;query_not=&amp;meta_f_sand=&amp;scope=&amp;fscope=512&amp;num_ranks=20&amp;chksummary=chksummary&amp;query_and={$formKeywords}</search_url>
			
		</search>
		<search>
			<search_title>حكومة كندا</search_title>
			<search_description>بإمكانك البحث عبر كل الوزارات الحكومية الفدرالية ووكالاتها والإدارات الريفية وفي المقاطعات والمدن. هناك روابط لتلك الوزارات والوكالات. الفهرس من أ إلى ي يقدم خدمة البحث عبر الكلمات المفتاحية للبرامج والخدمات. 

يشمل التطور الأخير في جانب عمل الوزارات تضمين صفحة &quot;الإفصاح الحكومي&quot; حيث تستعرض مصاريف السفر والإسكان، الإفصاح عن العقود، المنح والهبات. 

صفحة (عن كندا) تتضمن روابط للوزارات والوكالات، هيكلية الحكومة الكندية، لجان التحقيق، والمزيد. 

إضافة إلى مواقع الوزارات، أنشأت الحكومة مداخل تقوم بربط المعلومات من مختلف الموارد الفدرالية والمقاطعاتية، والمنظمات غير الحكومية أيضاً.</search_description>
			<url>http://www.canada.gc.ca/main_e.html</url>
			<search_url>http://search-recherche.gc.ca/cgi-bin/query?mss=canada%2Fen%2Fsimple&amp;pg=q&amp;enc=iso88591&amp;site=main&amp;bridge=&amp;stt=&amp;lowercaseq=&amp;what=web&amp;user=searchintranet&amp;browser=N6E&amp;kl=XX&amp;op=a&amp;q={$formKeywords}</search_url>
			
		</search>
		<search>
			<search_title>Directgov</search_title>
			<search_description>هي خدمة حكومية تتيح للناس الوصول إلى طيف واسع من المعلومات العامة والخدمات وأحدثها، ضمن موقع واحد على الإنترنت وعلى التلفاز الرقمي. إنه يستعمل المواصفات المصاغة والمنصوص عليها عبر UK GovTalk.</search_description>
			<url>http://www.direct.gov.uk</url>
			<search_url>http://www.direct.gov.uk/AdvancedSearch/SearchResults/fs/en?NP=1&amp;PO1=C&amp;PI1=W&amp;PF1=A&amp;PG=1&amp;RP=20&amp;SC=__dgov_site&amp;Z=1&amp;PT1={$formKeywords}</search_url>
			
		</search>
		<search>
			<search_title>Info4local.gov.uk</search_title>
			<search_description>معلومات الحكومة المحلية من الحكومة المركزية. هذا الموقع يعطي السلطات المحلية طريقة سهلة وسريعة للعثور على البيانات عبر الإنترنت مما يخص وزارات الحكومة المركزية، الوكالات، والممثليات العامة. إنه يضم معلومات واسعة لتطبيق الحوكمة الالكترونية.</search_description>
			<url>http://www.info4local.gov.uk</url>
			<search_url>http://www.info4local.gov.uk/?view=Search+results&amp;subjects=all&amp;departmentsIds=0&amp;informationTypesIds=all&amp;query={$formKeywords}</search_url>
			
		</search>
		<search>
			<search_title>مدخل الحكومة النيوزلندية</search_title>
			<search_description>هو موقع يتيح عمليات البحث مع روابط لمعلومات وخدمات آنية وغير آنية لمختلف الوكالات الحكومية. هذا الموقع يدار ويدام من قبل مفوضية خدمات الدولة، وهي إحدى الوزارات الحكومية.</search_description>
			<url>http://www.govt.nz</url>
			<search_url>http://www.govt.nz/search?type=spider&amp;t=spider&amp;q={$formKeywords}</search_url>
			
		</search>
		<search>
			<search_title>Europa</search_title>
			<search_description>المعلومات الحالية عن الدول الأعضاء في الاتحاد الأوربي، بضمنها بيانات إحصائية، سياسات، أخبار، وثائق رسمية، نصوص قانونية، ومنشورات أخرى.</search_description>
			<url>http://europa.eu.int/index_en.htm</url>
			<search_url>http://europa.eu.int/geninfo/query/resultaction.jsp?page=1</search_url>
			<search_post>Collection=EuropaFull&amp;ResultTemplate=/result_en.jsp&amp;ResultCount=25&amp;qtype=simple&amp;ResultMaxDocs=200&amp;DefaultLG=en&amp;QueryText={$formKeywords}</search_post>			
		</search>
		<search>
			<search_title>شبكة المعلومات القانونية العالمية (GLIN)</search_title>
			<search_description>هي قاعدة بيانات للقوانين، التشريعات، القرارات القضائية، ومصادر قانونية تكميلية أخرى شاركت بها الوكالات الحكومية والمنظمات العالمية. أعضاء هذه الشبكة يساهمون بالنصوص الكاملة من الوثائق المنشورة لإدراجها في قاعدة البيانات وبلغاتها الأصلية. كل وثيقة يصاحبها موجز باللغة الإنجليزية وعبارات إصطلاحية منتخبة من الفهرس متعدد اللغات لقاعدة البيانات.</search_description>
			<url>http://www.glin.gov</url>
			<search_url>http://www.glin.gov/search.do?refineQuery=&amp;offset=0&amp;refineQueryType=&amp;fromSearch=true&amp;queryType=ALL&amp;searchBtn=Search&amp;includeAllFields=on&amp;searchAll=on&amp;sumLanguage=any&amp;pubLanguage=any&amp;pubJurisdiction=any&amp;publicationJurisdictionExclude=false&amp;searchPublicationDate=true&amp;dateFromDay=01&amp;dateFromMonth=01&amp;dateFromYear=&amp;dateToDay=01&amp;dateToMonth=01&amp;dateToYear=&amp;subjTerm=&amp;subjTermConjunction%5B0%5D=AND&amp;subjTerm=&amp;subjTermConjunction%5B1%5D=AND&amp;subjTerm=&amp;subjTermConjunction%5B2%5D=AND&amp;subjTerm=&amp;subjTermConjunction%5B3%5D=AND&amp;subjTerm=&amp;searchOrder=default&amp;hitsPerPage=10&amp;showSummary=on&amp;queryString={$formKeywords}</search_url>
			
		</search>
	</context>
	<context>
		<context_title>عمليات البحث في الكتب</context_title>
		<context_abbrev>عمليات البحث في الكتب</context_abbrev>
		<context_description>مصادر تتعلق بالكتب</context_description>

		<search>
			<search_title>Google Print</search_title>
			<search_description>تعمل Google مع مكتبات جامعات: مشغان، هارفارد، ستانفورد، أوكسفورد ومع المكتبة العامة في نيويورك لرقمنة الكتب التي بحوزتها وإتاحتها للناس عبر خدمة Google Print، وهو مشروع مسح ضوئي عملاق من شأنه إدخال ملايين المجلدات من الكتب المطبوعة في قاعدة بيانات. أنقر على عنوان الكتاب وستجد الصفحة التي تتضمن عبارة البحث التي استعملتها، كما بإمكانك البحث عن المزيد من المعلومات ضمن ذلك الكتاب تحديداً، والعثور على تنقيحات ومراجعات أو بيانات أخرى ذات صلة، والتعرف على جهة النشر، وكذلك شراء الكتاب والعثور على مكتبات قريبة تبيعه.</search_description>
			<url>http://print.google.com</url>
			<search_url>http://print.google.com/print?q={$formKeywords}</search_url>
			
		</search>
		<search>
			<search_title>صفحة الكتب على الإنترنت</search_title>
			<search_description>صفحة الكتب على الإنترنت، المحررة من قبل John Mark Ockerbloom من جامعة بنسلفانيا. هذه نقطة بداية ممتازة عند البحث عن النصوص الكاملة للكتب عبر الإنترنت. أكثر من 20 ألف عمل باللغة الإنجليزية بصيغ مختلفة متاح على الإنترنت عبر عدة مواقع. يمكن البحث فيه عبر العنوان أو المؤلف. لديه ميزة مثيرة للاهتمام حيث يسمح بالتصفح عبر أرقام فئات مكتبة الكونغرس. تُضاف له قوائم جديدة دورياً وهي مفروزة في صفحة مستقلة على الرابط &lt;a href=&quot;http://onlinebooks.library.upenn.edu/new.html&quot;&gt;http://onlinebooks.library.upenn.edu/new.html&lt;/a&gt;.</search_description>
			<url>http://digital.library.upenn.edu/books/</url>
			<search_url>http://onlinebooks.library.upenn.edu/webbin/book/search?tmode=words&amp;title={$formKeywords}</search_url>
			
		</search>
		<search>
			<search_title>Books-On-Line</search_title>
			<search_description>تجمُّع من أكثر من 32935 عنوان، رغم أن بعضها مقتطفات فقط. التصفح يكون عبر الموضوع أو البحث عبر المؤلف أو العنوان. ليست جميع المؤلفات مجانية.</search_description>
			<url>http://www.books-on-line.com/</url>
			<search_url>http://www.books-on-line.com/bol/KeyWordSearch.cfm?RowCount=50&amp;Searchquery={$formKeywords}</search_url>
			
		</search>
		<search>
			<search_title>المكتبة العالمية</search_title>
			<search_description>المكتبة العالمية تعتبر الأكثر تعمقاً والأكثر طموحاً. إنها تكدس مجموعة من نحو مئة ألف كتاب ألكتروني (بعضها من مشروع غوتنبرغ)، وهي تهدف إلى وصول مليون كتاب الكتروني في نهاية عام 2006.</search_description>
			<url>http://tera-3.ul.cs.cmu.edu/</url>
			<search_url>http://tera-3.ul.cs.cmu.edu/cgi-bin/DBscripts/advsearch_db.cgi?perPage=25&amp;listStart=0&amp;author1=&amp;subject1=Any&amp;year1=&amp;year2=&amp;language1=Any&amp;scentre=Any&amp;search=Search&amp;title1={$formKeywords}</search_url>
			
		</search>
		<search>
			<search_title>E-STREAMS</search_title>
			<search_description>E-STREAMS: المراجعات الالكترونية للعلوم &amp; المراجع التقنية التي تغطي: الهندسة، الزراعة، الطب، والعلوم. كل عدد يحتوي أكثرمن 30 مراجعة، تتطرق للعناوين الحديثة في الهندسة، الزراعة، الطب، والعلوم. كل مراجعة موقعة، وتتضمن العنوان الالكتروني للمقوم. تتميز المراجعات بجدول محتويات مختصر، مع قائمة مشاركيها ومعلومات مكتبية أخرى.</search_description>
			<url>http://www.e-streams.com/</url>
			<search_url>http://www.e-streams.com/c3/cgi-bin/search.pl</search_url>
			<search_post>boolean=AND&amp;case=Insensitive&amp;terms={$formKeywords}</search_post>			
		</search>
	</context>
	<context>
		<context_title>مداخل ذات صلة</context_title>
		<context_abbrev>مداخل ذات صلة</context_abbrev>
		<context_description>يقدم مدخلاً لمواقع أخرى.</context_description>

		<search>
			<search_title>AgNIC</search_title>
			<search_description>هو دليل لمعلومات زراعية نوعية على الإنترنت اختارتها: المكتبة الزراعية الوطنية، جامعات Land-Grant، ومؤسسات أخرى.</search_description>
			<url>http://www.agnic.org/</url>
			<search_url>http://www.agnic.org/advsearch/?submitted=1&amp;searchtype=AgResource&amp;keywords={$formKeywords}</search_url>
			
		</search>
		<search>
			<search_title>AGRICOLA articles (NAL Web: 1982- )</search_title>
			<search_description>تغطي مجالات: الزراعة، الإدارة الزراعية، القوانين والتشريعات الزراعية، الأنظمة الزراعية، اقتصاديات الزراعة، التعليم الزراعي والتدريب، التوسع الزراعي والعمل الاستشاري، الهندسة الزراعية، المنتجات الزراعية، علم الحيوان، علم الحشرات، علم المياه، الثروة السمكية، علم الغذاء، علم الأعلاف، منتجات الغذاء، الغابات، الجغرافية، الأرصاد الجوية، المناخ، التأريخ، الاقتصاد المنزلي، بيئة الإنسان، المنسوجات المنزلية والملابس، تغذية الإنسان، الموارد الطبيعية، المبيدات، علم النبات، التلوث، علم التربة، علم الاجتماع الريفي، تطور الريف، والطفيليات البشرية. يتضمن فهارس لمقالات الصحف ومنشورات أخرى فضلاً عن: مواد سمعبصرية، خرائط، كتب، محاضر مؤتمرات، أطاريح ورسائل جامعية، تقارير بحثية، ووثائق حكومية.</search_description>
			<url>http://agricola.nal.usda.gov/</url>
			<search_url>http://agricola.nal.usda.gov/cgi-bin/Pwebrecon.cgi?BOOL1=all+of+these&amp;FLD1=Keyword+Anywhere+%28GKEY%29&amp;GRP1=AND+with+next+set&amp;SAB2=&amp;BOOL2=any+of+these&amp;FLD2=Subject+%28SKEY%29&amp;GRP2=AND+with+next+set&amp;SAB3=&amp;BOOL3=as+a+phrase&amp;FLD3=Title+%28TKEY%29&amp;GRP3=AND+with+next+set&amp;SAB4=&amp;BOOL4=as+a+phrase&amp;FLD4=Author+Name+%28NKEY%29&amp;PID=4294&amp;SEQ=20060511212523&amp;CNT=25&amp;HIST=1&amp;SAB1={$formKeywords}</search_url>
			
		</search>
		<search>
			<search_title>AgriSurf! - محرك بحث المزارعين</search_title>
			<search_description>من المزارع الأهلية إلى الأعمال الزراعية، حوالي 20 ألف موقع &quot;منتخبة من قبل خبراء زراعيين&quot; مرتبة في فئات ومفهرسة ومقيمة لتسهيل وتحسين الوصول إليها، كما أنها مؤشرة بأعلام الدول حيث توجد أصولها، وبالإمكان البحث فيها عبر الكلمات المفتاحية. الملاحظات مستقاة من الأوصاف المذكورة في كل موقع.</search_description>
			<url>http://www.agrisurf.com/agrisurfscripts/agrisurf.asp?index=_25</url>
			<search_url>http://www.agrisurf.com/?cx=009099332680230023402%3Asp1yugldxek&amp;cof=FORID%3A10&amp;q={$formKeywords}</search_url>
			
		</search>
		<search>
			<search_title>Farms.com</search_title>
			<search_description>مؤسسة عام 1995. هذا الموقع ذو دور فاعل في تطوير الزراعة على الإنترنت. ينظر إليه في شمال القارة الأمريكية على أنه المصدر الرائد للأعمال الزراعية في الإنترنت. لقد نجح في الجمع بين خبرات الأعمال الزراعية والقدرة الهائلة للإنترنت على تقديم المعلومات للمنتجين، فضلاً عن الخدمات والأسواق التي يحتاجونها لاتخاذ قرارات تسويق صحيحة وزيادة الأرباح.</search_description>
			<url>http://canada.eharvest.com/</url>
			<search_url>http://www.agrisurf.com/agrisurfscripts/inc/farms/search.asp?index=_25&amp;rbtn=ALL&amp;ft=on&amp;SearchString={$formKeywords}</search_url>
			
		</search>
		<search>
			<search_title>Scirus</search_title>
			<search_description>هو أكثر محركات البحث في الإنترنت شمولية وتخصصاً. مساقاً بأحدث تقنيات محركات البحث، يمكنه البحث ضمن أكثر من 150 مليون صفحة علمية متخصصة في الإنترنت.</search_description>
			<url>http://www.scirus.com/srsapp/</url>
			<search_url>http://www.scirus.com/search_simple/?frm=simple&amp;dsmem=on&amp;dsweb=on&amp;wordtype_1=phrase&amp;query_1={$formKeywords}</search_url>
			
		</search>
		<search>
			<search_title>المركز العالمي لمعلومات الزراعة (WAICENT)</search_title>
			<search_description>هذا الموقع يتضمن إدارة معلومات ونشر ما يتعلق بالتصحر، التطوير المستدام، معايير الغذاء، مصادر علم الجينات الحيواني، عمليات ما قبل الحصاد، التنوع البايولوجي الزراعي، وأنظمة الغذاء في المراكز الحضرية.</search_description>
			<url>http://www.fao.org/waicent/index_en.asp</url>
			<search_url>http://www.fao.org/waicent/search/simple_s_result.asp?publication=1&amp;webpage=2&amp;photo=3&amp;press=5&amp;CGIAR=1&amp;QueryString={$formKeywords}</search_url>
			
		</search>
		<search>
			<search_title>Intute: العلوم، الهندسة والتقنية</search_title>
			<search_description>هو خدمة مجانية على الإنترنت، يتيح لك الوصول إلى أفضل المصادر في الشبكة العنكبوتية لأغراض: التعليم والبحث العلمي، مقيمة ومختارة من قبل شبكة من المتخصصين في تلك المواضيع. هي تغطي: العلوم الفيزياوية، الهندسة، الحاسوب، الجغرافية، الرياضيات، وعلم البيئة. قاعدة البيانات تضم حالياً 33349 سجل.</search_description>
			<url>http://www.intute.ac.uk/sciences/</url>
			<search_url>http://www.intute.ac.uk/sciences/cgi-bin/search.pl?submit.x=0&amp;submit.y=0&amp;submit=Go&amp;limit=0&amp;subject=sciences&amp;term1={$formKeywords}</search_url>
			
		</search>
		<search>
			<search_title>الزراعة 21</search_title>
			<search_description>تضم أخباراً ومزايا عن الزراعة وقضايا مصادر الغذاء حول العالم، فضلاً عن: المنشورات القابلة للتنزيل، روابط لقواعد بيانات، دلائل مواضيع، والوصول إلى أجزاء من قسم الزراعة في منظمة الغذاء العالمية FAO. يتضمن محرك بحث.</search_description>
			<url>http://www.fao.org/ag/</url>
			<search_url>http://www.fao.org/ag/search/agfind.asp?Find=Find&amp;SortBy=rank[d]&amp;Scope=/ag&amp;CiuserParam3=agfind.asp&amp;lang=en&amp;FMMod=any&amp;FSRest=&lt;&amp;FSRestval=any&amp;Action=Execute&amp;SearchString={$formKeywords}</search_url>
			
		</search>
	</context>
	<context>
		<context_title>قواعد بيانات</context_title>
		<context_abbrev>قواعد بيانات</context_abbrev>
		<context_description>تتيح الوصول إلى ملخصات مجانية و/أو قواعد بيانات لنصوص كاملة.</context_description>

		<search>
			<search_title>مذخر مستندات FAO</search_title>
			<search_description>مذخر مستندات FAO يجمع وينشر على الإنترنت وثائق كاملة ومنشورات خاصة بـ FAO وحتى من خارجها. يتوفر فيه ثلاث طرق للبحث كما أنه يدعم عدة لغات.</search_description>
			<url>http://www.fao.org/documents/</url>
			<search_url>http://www.fao.org/documents/advanced_s_result.asp?form_c=AND&amp;RecordsPerPage=50&amp;QueryString={$formKeywords}</search_url>
			
		</search>
		<search>
			<search_title>National Ag Safety Databases (NASD)</search_title>
			<search_description>هي قاعدة بيانات مخصصة للمواد المتعلقة بزيادة الأمان ومنع الإصابات في مجال الزراعة، مبوبة حسب الموضوع والولاية. مصادر الفيديو مفهرسة، وهناك قوائم خاصة بمحاضر المؤتمرات والبوسترات ومواد أخرى.</search_description>
			<url>http://www.cdc.gov/search.htm</url>
			<search_url>http://www.cdc.gov/search.do?action=search&amp;x=0&amp;y=0&amp;queryText={$formKeywords}</search_url>
			
		</search>
		<search>
			<search_title>E-Answers</search_title>
			<search_description>مجموعة لأكثر من 250 ألف صفحة من النصوص الكاملة لوثائق الكترونية من الخدمات الموسعة ومحطات الزراعة التجريبية فيما يزيد عن 15 ولاية عبر الولايات المتحدة، يمكن البحث فيها باستعمال الكلمات المفتاحية أو باسم المنطقة. هي محطة وصول لعدد كبير من المنشورات النافعة ذات السمعة الجيدة في موضوعات: الزراعة، الأمور العائلية، قضايا المستهلك، البيئة، والسياسة العامة.</search_description>
			<url>http://e-answers.adec.edu/</url>
			<search_url>http://e-answers.adec.edu/cgi-bin/htsearch?config=ea-all&amp;words={$formKeywords}</search_url>
			
		</search>
		<search>
			<search_title>قاعدة بيانات النبات الوطنية</search_title>
			<search_description>من وزارة الزراعة الأمريكية / خدمة حفظ الموارد الطبيعية: قاعدة بيانات النباتات هي مصدر فريد للمعلومات القياسية عن النباتات... يركز على: النباتات الوعائية، الطحالب، حشائش الكبد الطحلبية، النباتات الزهقرنية والأشنيات في الولايات المتحدة ومقاطعاتها. تتضمن قاعدة البينات هذه: أسماء، قوائم مراجعة، أدوات مؤتمتة، بيانات تعريفية، ملخصات أصناف، بيانات موزعة، معلومات عن المحاصيل، نماذج نباتات، بيانات نمو النباتات، معلومات مواد نباتية، روابط نباتية، مراجع، ومعلومات أخرى. هناك قسم للأسئلة الشائعة وإجاباتها مرتبط بالشريط العلوي للصفحة يقدم المزيد من المعلومات.</search_description>
			<url>http://plants.usda.gov/</url>
			<search_url>http://www.nrcs.usda.gov/search.asp?site=NPDC&amp;ct=ALL&amp;qu={$formKeywords}</search_url>
			
		</search>
	</context>
	<context>
		<context_title>منتديات الإنترنت</context_title>
		<context_abbrev>منتديات الإنترنت</context_abbrev>
		<context_description>إختر منتديات الإنترنت المفتوحة (المجانية) التي من شأنها أن تعزز الدراسات البحثية في موقعك.</context_description>

		<search>
			<search_title>تقويم: المؤتمرات الزراعية، الاجتماعات، الحلقات النقاشية</search_title>
			<search_description>هذا التقويم يسعى لتضمين كل الاجتماعات الرئيسية الوطنية والعالمية وغيرها ذات الأهمية العلمية الواضحة. نحن ندرج الاجتماعات المحلية فقط عندما تظهر لها أهمية علمية مميزة. الاجتماعات خارج اختصاصنا ستدرج ضمن تقاويم محلية أو إقليمية أو لمنظمات تخصصية أخرى. نحن نخطط لإنشاء روابط لتقاويم من هذا النوع عندما تتوفر لدينا. هذا التقويم بمثابة مستودع مركزي للمعلومات والروابط المتعلقة بالمؤتمرات الزراعية القادمة، مع التركيز على ذوات الأهمية العلمية البارزة منها.</search_description>
			<url>http://www.agnic.org/mtg/</url>
			<search_url>http://www.agnic.org/events/index.html?submitted=1&amp;searchtype=keyword&amp;keywords={$formKeywords}</search_url>
			
		</search>
		<search>
			<search_title>MInd: فهرس الاجتماعات</search_title>
			<search_description>استعمل هذا الفهرس للتعرف على الجهات المنظمة والراعية للاجتماعات القادمة وتحديد مواقعها، كذلك ما يخص المؤتمرات والندوات ومحاضرها (بالنسبة للمؤتمرات السابقة والمستقبلية).</search_description>
			<url>http://www.interdok.com/</url>
			<search_url>http://www.google.com/search?q=site%3Ainterdok.com+mind+{$formKeywords}</search_url>
			
		</search>
		<search>
			<search_title>الباحث العلمي من Google</search_title>
			<search_description>الباحث العلمي من Google يتيح عمليات البحث المتخصصة بالأعمال الأدبية العلمية، بضمنها الأوراق المحكمة، الأطاريح والرسائل، الكتب، الطبعات الأولية، الملخصات، والتقارير التقنية. المحتوى يشمل مدى من الناشرين والتجمعات العلمية التي لها اتفاقيات قائمة مع Google، مثل: رابطة المكائن الحاسوبية، IEEE، مكتبة  Open WorldCat لـ OCLC... إلخ. نتائج العرض ستُظهر نسخ تجاميع مختلفة، وتحليل للاقتباسات، وموقع المكتبة (حالياً كتب فقط).</search_description>
			<url>http://scholar.google.com</url>
			<search_url>http://scholar.google.com/scholar?ie=UTF-8&amp;oe=UTF-8&amp;hl=en&amp;q={$formKeywords}</search_url>
			
		</search>
	</context>
	<context>
		<context_title>مجموعات البيانات</context_title>
		<context_abbrev>مجموعات البيانات</context_abbrev>
		<context_description>يوفر وصولاً لإحصائيات زراعية.</context_description>

		<search>
			<search_title>سلالات الماشية</search_title>
			<search_description>موقع يتيح للمستخدمين البحث عن معلومات تخص المواشي حسب المواقع في العالم أو حسب اسم الصنف. تتوفرالبيانات عن: الأبقار، الخيول، الخنازير، الماعز والأغنام، وهي مبوبة بشكل موسوعة.</search_description>
			<url>http://www.ansi.okstate.edu/breeds/</url>
			<search_url>http://www.google.com/search?q=site%3Aansi.okstate.edu+breeds+</search_url>
			
		</search>
		<search>
			<search_title>نظام اقتصاديات وإحصائيات وزارة الزراعة</search_title>
			<search_description>يضم أكثر من 400 تقرير ومجاميع بيانات من الوكالات الاقتصادية لوزارة الزراعة الأمريكية. هذه المواد تغطي موضوعات الزراعة العالمية وفي الولايات المتحدة. معظم التقارير هي ملفات نصية تتضمن معلومات زمنية حساسة. معظم مجاميع البيانات هي بشكل ملفات جداول وتتضمن بيانات لمخططات زمنية يتم تحديثها سنوياً.</search_description>
			<url>http://usda.mannlib.cornell.edu/</url>
			<search_url>http://usda.mannlib.cornell.edu/MannUsda/search.do?action=fullKeywordSearch&amp;titlesearch=titlesearch&amp;includeAMS=includeAMS&amp;simple_search_term={$formKeywords}</search_url>
			
		</search>
	</context>
	<context>
		<context_title>Pay-per-view</context_title>
		<context_abbrev>Pay-per-view</context_abbrev>
		<context_description>هي خدمة مقدمة للذين ليس لهم حق الوصول المباشر لمقالات المجلات الالكترونية عبر الاشتراكات. هذه الخدمة تسمح للزبائن بالوصول المباشر لمقالة أو مؤلَّف معين عبر الدفع ببطاقات إئتمانية. بمجرد التحقق من تفاصيل الدفع آنياً، يمكن للمستخدم الحصول على ملف المقالة لمدة 30 يوم.</context_description>

		<search>
			<search_title>Ingenta</search_title>
			<search_description>هي تقيد الوصول إلى النص الكامل للمقالات العلمية، ورغم أن الحصول على تلك المؤلفات يكلف مالاً، إلا أن الموقع يمكن استعماله كفهرس مجاني لتلك المقالات والمؤلَّفات.</search_description>
			<url>http://www.ingenta.com/</url>
			<search_url>http://www.ingenta.com/isis/searching/Search/ingenta?database=1&amp;title={$formKeywords}</search_url>
			
		</search>
		<search>
			<search_title>ebrary</search_title>
			<search_description>الباحثون المستقلون الذين ليس لديهم وصول إلى قواعد بيانات ebrary عبر مكتباتهم، بإمكانهم الآن إنشاء حسابات منفردة بكلفة 5 دولارات فقط. موقع ebrary Discover يشمل عدة إختصاصات أكاديمية ويتيح الوصول بطريقة (أي وقت من أي مكان) لأكثر من 20 ألف عنوان مرخص من ضمنها: نصوص كاملة لكتب، أوراق موسيقية، تقارير... وغيرها من الوثائق المرخصة من أكثر من 175 ناشر رئيسي، مثل مطبعة جامعة كامبرج، Random House، Inc.، شركات McGraw-Hill... وغيرها.</search_description>
			<url>http://www.ebrary.com/corp/content.htm</url>
			<search_url>http://shop.ebrary.com/Top?layout=search&amp;frm=smp.x&amp;sch=%A0%A0%A0%A0%A0Search%A0%A0%A0%A0%A0&amp;p00={$formKeywords}</search_url>
			
		</search>
		<search>
			<search_title>Questia</search_title>
			<search_description>تتيح الوصول لأكثر من 47 ألف كتاب و 375 ألف مقال في: مجلة وصحيفة وصحيفة إخبارية. كل الكتب والمقالات متاحة بشكل قابل للبحث في كل صفحة منها. كلفة الاشتراك تتراوح بين 19.05 دولار شهرياً إلى 119.95 دولار سنوياً.</search_description>
			<url>http://www.questia.com</url>
			<search_url>http://www.questia.com/SM.qst?act=search&amp;keywordsSearchType=1000&amp;mediaType=book&amp;mediaType=journal&amp;mediaType=magazine&amp;mediaType=newspaper&amp;mediaType=encyclopedia&amp;mediaType=startpage&amp;keywords={$formKeywords}</search_url>
			
		</search>
		<search>
			<search_title>Wiley InterScience Pay-per-view Service</search_title>
			<search_description>توفر هذه الخدمة وصولاً مباشراً للنصوص الكاملة لمجموعة هائلة من مقالات المجلات العلمية أو فصول الكتب المتاحة في Wiley InterScience دون الحاجة إلى اشتراك. هذه الخدمة تسمح لأي شخص بشراء الحصول على مقالات المجلات أو فصول الكتب مباشرة عبر بطاقة الإئتمان. الوصول آني ومتاح لمدة 24 ساعة.</search_description>
			<url>http://www3.interscience.wiley.com/aboutus/ppv-articleselect.html</url>
			<search_url>http://www3.interscience.wiley.com/search/allsearch</search_url>
			<search_post>allContentSearchForm=&amp;mode=quicksearch&amp;WISindexid1=WISall&amp;WISsearch1={$formKeywords}</search_post>			
		</search>
	</context>
	<context>
		<context_title>تقارير وسائل الإعلام</context_title>
		<context_abbrev>تقارير وسائل الإعلام</context_abbrev>
		<context_description>الشروع مباشرة بعملية بحث استناداً إلى موضوع المقالة أو الورقة التي تربط المستخدم بالمحتوى المجاني والمقالات المحفوظة في ذلك الحقل من الصحف الرئيسية حول العالم.</context_description>

		<search>
			<search_title>أخبار Google</search_title>
			<search_description>البحث في التقارير الخبرية باستعمال محرك البحث الشائع ضمن خدمة أخبار Google.</search_description>
			<url>http://news.google.com/</url>
			<search_url>http://news.google.com/news?hl=en&amp;q={$formKeywords}</search_url>
			
		</search>
		<search>
			<search_title>الزراعة 21</search_title>
			<search_description>This site تضم أخباراً ومزايا عن الزراعة وقضايا مصادر الغذاء حول العالم، فضلاً عن: المنشورات القابلة للتنزيل، روابط لقواعد بيانات، دلائل مواضيع، والوصول إلى أجزاء من قسم الزراعة في منظمة الغذاء العالمية FAO. يتضمن محرك بحث.</search_description>
			<url>http://www.fao.org/ag/</url>
			<search_url>http://www.fao.org/ag/search/agfind.asp?SortBy=rank%5Bd%5D&amp;Scope=%2Fag&amp;FSRestVal=any&amp;Action=Execute&amp;SearchString={$formKeywords}</search_url>
			
		</search>
		<search>
			<search_title>يوميات الشعب</search_title>
			<search_description>يوميات الشعب، الصين (كانون الثاني 1999 -)</search_description>
			<url>http://english.peopledaily.com.cn/</url>
			<search_url>http://search.people.com.cn/was40/people/GB/english_index.jsp?type=1&amp;channel=&amp;Content=&amp;searchword={$formKeywords}</search_url>
			
		</search>
		<search>
			<search_title>العالم والبريد</search_title>
			<search_description>العالم والبريد، تورنتو (آخر سبعة أيام)</search_description>
			<url>http://www.globeandmail.com/</url>
			<search_url>http://www.globeandmail.com/servlet/HTMLTemplate/search?tf=tgam/search/tgam/SearchResults.html&amp;cf=tgam/search/tgam/SearchResults.cfg&amp;current_row=1&amp;start_row=1&amp;num_rows=10&amp;keywords={$formKeywords}</search_url>
			
		</search>
		<search>
			<search_title>البريد وصحيفة الغارديان</search_title>
			<search_description>البريد وصحيفة الغارديان، جنوب أفريقيا (1994-)</search_description>
			<url>http://www.mg.co.za/</url>
			<search_url>http://www.mg.co.za/mg_search_results.aspx?PrintEdition=PrintEdition&amp;DailyNews=DailyNews&amp;SearchSection=&amp;StartDay=&amp;StartMonth=&amp;StartYear=&amp;EndDay=&amp;EndMonth=&amp;EndYear=&amp;keywords={$formKeywords}</search_url>
			
		</search>
		<search>
			<search_title>الإذاعة الوطنية الشعبية</search_title>
			<search_description>الإذاعة الوطنية الشعبية، الولايات المتحدة (غير محدودة)</search_description>
			<url>http://www.npr.org/archives/</url>
			<search_url>http://www.npr.org/search.php?text={$formKeywords}</search_url>
			
		</search>
		<search>
			<search_title>صحيفة نيويورك تايمز</search_title>
			<search_description>صحيفة نيويورك تايمز، نيويورك (آخر سبعة أيام)</search_description>
			<url>http://www.nytimes.com/</url>
			<search_url>http://query.nytimes.com/search/query?date=past30days&amp;submit.x=11&amp;submit.y=12&amp;query={$formKeywords}</search_url>
			
		</search>
		<search>
			<search_title>صحيفة اليابان تايمز على الإنترنت</search_title>
			<search_description>صحيفة اليابان تايمز على الإنترنت، اليابان (كانون الثاني 1999-)</search_description>
			<url>http://www.japantimes.co.jp/</url>
			<search_url>http://www.google.co.jp/custom?domains=japantimes.co.jp&amp;client=pub-4223870936880387&amp;forid=1&amp;ie=Shift_JIS&amp;oe=Shift_JIS&amp;term1=&amp;cof=GALT%3A%23008000%3BGL%3A1%3BDIV%3A%23336699%3BVLC%3A663399%3BAH%3Acenter%3BBGC%3AFFFFFF%3BLBGC%3AFFFFFF%3BALC%3A0000FF%3BLC%3A0000FF%3BT%3A000000%3BGFNT%3A0000FF%3BGIMP%3A0000FF%3BLH%3A60%3BLW%3A200%3BL%3Ahttp%3A%2F%2Fwww.japantimes.co.jp%2Fimages%2Fheader_title.gif%3BS%3Ahttp%3A%2F%2Fwww.japantimes.co.jp%2F%3BFORID%3A1%3B&amp;hl=ja&amp;advancesearch=&amp;q={$formKeywords}</search_url>
			
		</search>
		<search>
			<search_title>صحيفة موسكو تايمز</search_title>
			<search_description>صحيفة موسكو تايمز، روسيا (1994-)</search_description>
			<url>http://www.moscowtimes.ru/doc/Search.html</url>
			<search_url>http://www.moscowtimes.ru/cgi-bin/search?config=&amp;exclude=&amp;method=and&amp;format=long&amp;sort=score&amp;matchesperpage=10&amp;words={$formKeywords}</search_url>
			
		</search>
		<search>
			<search_title>صحيفة واشنطن بوست</search_title>
			<search_description>صحيفة واشنطن بوست، واشنطن دي سي (آخر أسبوعين)</search_description>
			<url>http://www.washingtonpost.com/</url>
			<search_url>http://www.washingtonpost.com/cgi-bin/search99.pl?searchsection=news&amp;searchdatabase=news&amp;x=11&amp;y=8&amp;searchtext={$formKeywords}</search_url>
			
		</search>
		<search>
			<search_title>Newsdirectory</search_title>
			<search_description>هي دليل شامل قابل للبحث في وسائل الإعلام الناطقة باللغة الإنجليزية حول العالم. حالياً أكثر من ثمانية آلاف صحيفة ومجلة مدرجة فيه، فضلاً عن أكثر من ألف محطة تلفزيونية أمريكية.</search_description>
			<url>http://www.newsdirectory.com/</url>
			<search_url>http://www.newsdirectory.com/hbSearch.php</search_url>
			<search_post>s={$formKeywords}&amp; submit=Go</search_post>
			
		</search>
	</context>
	<context>
		<context_title>البحث في الإنترنت</context_title>
		<context_abbrev>البحث في الإنترنت</context_abbrev>
		<context_description>أدخل عبارات البحث في موارد الإنترنت عبر محركات البحث المتنوعة.</context_description>

		<search>
			<search_title>Google</search_title>
			<search_description>البحث باستعمال محرك البحث الأشهر عالمياً.</search_description>
			<url>http://www.google.com/</url>
			<search_url>http://www.google.com/search?q={$formKeywords}</search_url>
			
		</search>
		<search>
			<search_title>الباحث العلمي من Google</search_title>
			<search_description>الباحث العلمي من Google يتيح عمليات البحث المتخصصة بالأعمال الأدبية العلمية، بضمنها الأوراق المحكمة، الأطاريح والرسائل، الكتب، الطبعات الأولية، الملخصات، والتقارير التقنية. المحتوى يشمل مدى من الناشرين والتجمعات العلمية التي لها اتفاقيات قائمة مع Google، مثل: رابطة المكائن الحاسوبية، IEEE، مكتبة  Open WorldCat لـ OCLC... إلخ. نتائج العرض ستُظهر نسخ تجاميع مختلفة، وتحليل للاقتباسات، وموقع المكتبة (حالياً كتب فقط).</search_description>
			<url>http://scholar.google.com</url>
			<search_url>http://scholar.google.com/scholar?ie=UTF-8&amp;oe=UTF-8&amp;hl=en&amp;q={$formKeywords}</search_url>
			
		</search>
		<search>
			<search_title>Clusty the Clustering Engine</search_title>
			<search_description>أداة البحث هذه المقدمة من Vivismo تقدم نتائج متشعبة لعمليات بحث منتخبة. البحث في البيانات الوصفية عبر الإنترنت بالكامل أو استعمال علامات التبويب للبحث في الأخبار، الإشاعات، الصور أو المنتجات عبر Bizrate أو eBay.</search_description>
			<url>http://clusty.com/about</url>
			<search_url>http://clusty.com/search?query={$formKeywords}</search_url>
			
		</search>
		<search>
			<search_title>Vivisimo</search_title>
			<search_description>تقنية Vivisimo المتشعبة الحائزة على جائزة، طورها علماء أبحاث في Carnegie Mellon، وهي تستثمر المعلومات المخزنة عند شركات Fortune 500، وأهم المواقع الالكترونية، والناشرين المعتبرين، والوكالات الحكومية عبر تصنيف نتائج البحث آنياً في قوائم مرتبة ذات معنى، وبهذا، التوصل إلى تحسين ثوري في الوصول إلى المعلومات ذات الصلة.</search_description>
			<url>http://vivisimo.com</url>
			<search_url>http://vivisimo.com/search?tb=homepage&amp;v%3Asources=Web&amp;query={$formKeywords}</search_url>
			
		</search>
	</context>
</version>
