<?xml version="1.0" encoding="UTF-8"?>
<!DOCTYPE version SYSTEM "../../lib/pkp/dtd/rtVersion.dtd">

<!--
  * Astrophysics.xml
  *
  * Copyright (c) 2013-2016 Simon Fraser University Library
  * Copyright (c) 2003-2016 John Willinsky
  * Distributed under the GNU GPL v2. For full terms see the file docs/COPYING.
  *
  * Reading Tools version: Astrophysics (ar_IQ)
  *
  -->

<version id="Astrophysics" locale="ar_IQ">
	<version_title>فيزياء الفضاء</version_title>
	<version_description>أدوات القراءة يمكنها مساعدة قراء هذه الدراسة في الرجوع إلى مدى واسع من الموارد ذات الصلة، التي بإمكانها أن تكون منطلقاً لترجمة الدراسة، أو الاقتباس منها أو تقييمها.</version_description>

	<context>
		<context_title>عمل المؤلف</context_title>
		<context_abbrev>أعمال الآخرين</context_abbrev>
		<context_description>حدد أعمال أخرى حسب مؤلفيها باستعمال محركات بحث OAI.</context_description>
		<author_terms />
		<search>
			<search_title>الباحث العلمي من Google</search_title>
			<search_description>الباحث العلمي من Google يتيح عمليات البحث المتخصصة بالأعمال الأدبية العلمية، بضمنها الأوراق المحكمة، الأطاريح والرسائل، الكتب، الطبعات الأولية، الملخصات، والتقارير التقنية. المحتوى يشمل مدى من الناشرين والتجمعات العلمية التي لها اتفاقيات قائمة مع Google، مثل: رابطة المكائن الحاسوبية، IEEE، مكتبة  Open WorldCat لـ OCLC... إلخ. نتائج العرض ستُظهر نسخ تجاميع مختلفة، وتحليل للاقتباسات، وموقع المكتبة (حالياً كتب فقط).</search_description>
			<url>http://scholar.google.com</url>
			<search_url>http://scholar.google.com/scholar?ie=UTF-8&amp;oe=UTF-8&amp;hl=eng&amp;as_sauthors={$formKeywords}</search_url>
			
		</search>
		<search>
			<search_title>Intute: العلوم، الهندسة والتقنية</search_title>
			<search_description>هو خدمة مجانية على الإنترنت، يتيح لك الوصول إلى أفضل المصادر في الشبكة العنكبوتية لأغراض: التعليم والبحث العلمي، مقيمة ومختارة من قبل شبكة من المتخصصين في تلك المواضيع. هي تغطي: العلوم الفيزياوية، الهندسة، الحاسوب، الجغرافية، الرياضيات، وعلم البيئة. قاعدة البيانات تضم حالياً 33349 سجل.</search_description>
			<url>http://www.intute.ac.uk/sciences/</url>
			<search_url>http://www.intute.ac.uk/sciences/cgi-bin/search.pl?submit.x=0&amp;submit.y=0&amp;submit=Go&amp;limit=0&amp;subject=sciences&amp;term1={$formKeywords}</search_url>
			
		</search>
		<search>
			<search_title>OAIster (Open Archives Initiative research databases)</search_title>
			<search_description>OAIster هو مشروع لجامعة مشغان لخدمات إنتاج المكتبة الرقمية، ويوفر عملية البحث ضمن مجاميع موارد متنوعة في مؤسسات عديدة. هذه المؤسسات جعلت سجلات مواردها الرقمية متاحة مجاناً، وفريق المشروع جمعها ضمن خدمة OAIster.</search_description>
			<url>http://oaister.umdl.umich.edu/</url>
			<search_url>http://oaister.umdl.umich.edu/cgi/b/bib/bib-idx?type=boolean&amp;size=10&amp;c=oaister&amp;q1=&amp;rgn1=entire+record&amp;op2=and&amp;q2=&amp;rgn2=entire+record&amp;op3=And&amp;q3=&amp;rgn3=title&amp;op4=And&amp;rgn4=author&amp;op5=And&amp;q5=&amp;rgn5=subject&amp;op6=And&amp;rgn6=norm&amp;q6=all+types&amp;sort=author%2Fcreator&amp;submit2=search&amp;q4={$formKeywords}</search_url>
			
		</search>
		<search>
			<search_title>جسر معلومات DOE</search_title>
			<search_description>إن جسر المعلومات يوفر وصولاً مفتوحاً لسجلات النص الكامل وسير المؤلفين لتقارير البحث والتطوير في وزارة الطاقة الأمريكية في: الفيزياء، الكيمياء، المواد، علوم الحياة، علوم البيئة، تقنيات الطاقة، الهندسة، علوم الحاسوب والمعلومات، الطاقة المتجددة... ومواضيع أخرى.</search_description>
			<url>http://www.osti.gov/bridge/index.jsp</url>
			<search_url>http://www.osti.gov/bridge/basicsearch.jsp?act=Search&amp;formname=basicsearch.jsp&amp;review=1&amp;SortBy=RELV&amp;SortOrder=DESC&amp;querytype=search&amp;searchFor={$formKeywords}</search_url>
			
		</search>
		<search>
			<search_title>حاصود المحفوظات المفتوحة لمشروع المعرفة العامة</search_title>
			<search_description>هو نظام فهرسة مجاني للبيانات الوصفية، مطور من قبل مشروع المعرفة العامة عبر جهود تمويله الفدرالية لتوسيع وتحسين الوصول إلى الأبحاث. وهو يتيح لك إنشاء فهرس قابل للبحث من البيانات الوصفية لمبادرة المحفوظات المفتوحة، مثل المواقع التي تعمل بنظام المجلات المفتوحة أو أنظمة المؤتمرات المفتوحة.</search_description>
			<url>http://pkp.sfu.ca/harvester/</url>
			<search_url>http://pkp.sfu.ca/harvester/search.php?limit=author&amp;query={$formKeywords}</search_url>
			
		</search>
		<search>
			<search_title>AstroLinks</search_title>
			<search_description>يوفر روابط توصلك إلى كمية كبيرة من البيانات الفلكية.</search_description>
			<url>http://www.astro.univie.ac.at/</url>
			<search_url>http://www.google.com/search?q=site%3Aastro.univie.ac.at+{$formKeywords}</search_url>
			
		</search>
		<search>
			<search_title>المصادر الفلكية من STScI</search_title>
			<search_description>مصادر فلكية عبر الإنترنت من مؤسسة علم تلسكوب الفضاء.</search_description>
			<url>http://www.stsci.edu/science/net-resources.html</url>
			<search_url>http://www.stsci.edu/resources/WebSearch?uq=&amp;notq=&amp;command=Submit&amp;query={$formKeywords}</search_url>
			
		</search>
		<search>
			<search_title>نظام بيانات الفيزياء الفلكية</search_title>
			<search_description>يحتوي ملخصات لمئات المنشورات، الندوات، الحلقات النقاشية، المحاضر، والتقارير الداخلية من NASA. توفر وصولاً مجانياً وغير مقيد لمصورات من الصحف، المؤتمرات، المحاضر والكتب في علم الفلك والفيزياء الفلكية.</search_description>
			<url>http://adsabs.harvard.edu/abstract_service.html</url>
			<search_url>http://adsabs.harvard.edu/cgi-bin/nph-abs_connect?db_key=AST&amp;sim_query=YES&amp;aut_xct=NO&amp;aut_logic=OR&amp;obj_logic=OR&amp;object=&amp;start_mon=&amp;start_year=&amp;end_mon=&amp;end_year=&amp;ttl_logic=OR&amp;txt_logic=OR&amp;text=&amp;nr_to_return=100&amp;start_nr=1&amp;start_entry_day=&amp;start_entry_mon=&amp;start_entry_year=&amp;min_score=&amp;jou_pick=ALL&amp;ref_stems=&amp;data_and=ALL&amp;group_and=ALL&amp;sort=SCORE&amp;aut_syn=YES&amp;ttl_syn=YES&amp;txt_syn=YES&amp;aut_wt=1.0&amp;obj_wt=1.0&amp;ttl_wt=0.3&amp;txt_wt=3.0&amp;aut_wgt=YES&amp;obj_wgt=YES&amp;ttl_wgt=YES&amp;txt_wgt=YES&amp;ttl_sco=YES&amp;txt_sco=YES&amp;version=1&amp;title=&amp;author={$formKeywords}</search_url>
			
		</search>
		<search>
			<search_title>محرك بحث ملقم ما قبل الطباعة Fermilab</search_title>
			<search_description>يبقي على أرشيف قابل للبحث لأوراق ما قبل الطباعة منذ 1972. النصوص الكاملة لها منذ 1995 حتى الوقت الراهن متاحة حالياً.</search_description>
			<url>http://fnalpubs.fnal.gov/preprints.html</url>
			<search_url>http://www-spires.fnal.gov/spires/find/hep/wwwscan?subfile=wwwhepau&amp;submit=Browse&amp;rawcmd=</search_url>
			
		</search>
		<search>
			<search_title>ملقم التقارير التقنية من NASA</search_title>
			<search_description>يسمح للمستخدمين بالبحث في الوثائق المنشورة على الإنترنت من NASA، بضمنها العروض التقديمية في الاجتماعات، مقالات الصحف، محاضر المؤتمرات، والتقارير التقنية. الكثير من الوثائق متاحة بصيغ ملفات PDF وPostScript مضغوطة. كل الوثائق غير مصنفة ومتاحة للعامة.</search_description>
			<url>http://ntrs.nasa.gov/?method=aboutntrs</url>
			<search_url>http://ntrs.nasa.gov/search.jsp?N=0&amp;Ntk=all&amp;Ntx=mode%20matchall&amp;Ntt={$formKeywords}</search_url>
			
		</search>
		<search>
			<search_title>HighWire</search_title>
			<search_description>هي واحدة من أكثر المجلات العلمية تأثيراً في مجال العلوم، التقنية، والطب. حتى آذار 2002، تضمنت هذه المجلة 11785877 مقالة في أكثر من 4500 مجلة تابعة، و405385 من النصوص الكاملة لمقالات من 321 مجلة أساسية.</search_description>
			<url>http://highwire.stanford.edu/</url>
			<search_url>http://highwire.stanford.edu/cgi/searchresults?andorexactfulltext=and&amp;resourcetype=1&amp;src=hw&amp;fulltext=&amp;pubdate_year=&amp;volume=&amp;firstpage=&amp;disp_type=&amp;author1={$formKeywords}</search_url>
			
		</search>
	</context>
	<context>
		<context_title>البحث عن المصطلحات</context_title>
		<context_abbrev>البحث عن المصطلحات</context_abbrev>
		<context_description>أنقر نقراً مزدوجاً على أي كلمة في النص وستظهر في صندوق &quot;تعريف المصطلحات&quot;. بإمكانك أيضاً طباعة الكلمات أو لصقها فيه. ثم استعمل وظيفة البحث للعثور على تعريف للكلمة. تم اختيار هذه الموارد كونها ذات صلة ومجانية، إذ تتيح الوصول لكل أو بعض محتواها مجاناً.</context_description>
		<define_terms />
		<search>
			<search_title>Google</search_title>
			<search_description>البحث عن تعاريف باستعمال محرك البحث الشائع.</search_description>
			<url>http://www.google.com/</url>
			<search_url>http://www.google.com/search?hl=en&amp;q=define%3A{$formKeywords}</search_url>
			
		</search>
		<search>
			<search_title>موسوعة الفلك وفيزياء الفضاء</search_title>
			<search_description>هي أكثر المراجع شمولية في الفلك وفيزياء الفضاء على الإطلاق. تضم ما يزيد على 2.5 مليون كلمة، ويوفر الموقع مجالاً لتجربته مجاناً لمدة 24 ساعة و30 يوم تجربة مجانية للمؤسسات.</search_description>
			<url>http://www.ency-astro.com/</url>
			<search_url>http://eaa.iop.org/index.cfm?action=search.home&amp;quick=1&amp;field1=&amp;newsearch=1&amp;coll=ft&amp;query1={$formKeywords}</search_url>
			
		</search>
		<search>
			<search_title>Encyclopedia Astronautica</search_title>
			<search_description>هي أفضل مصدر مرجح لمعلومات التحليق في الفضاء عالمياً.</search_description>
			<url>http://www.astronautix.com/</url>
			<search_url>http://www.google.com/custom?sa=Search&amp;cof=L%3Ahttp%3A%2F%2Fwww.astronautix.com%2Fgraphics%2Fl%2Flogo.gif%3BAH%3Acenter%3BGL%3A0%3BAWFID%3A3cf675793eb3c420%3B&amp;sitesearch=www.astronautix.com&amp;domains=www.astronautix.com&amp;q={$formKeywords}</search_url>
			
		</search>
		<search>
			<search_title>Merriam-Webster Online</search_title>
			<search_description>قاموس مؤسس على الطبعة العاشرة لكلية Webster، 1993، مع تحديثات تضاف له سنوياً. فيه أكثر من 160 ألف مدخل. كل كلمة يرافقها تعريفها ولفظها واستعمالاتها ومحدداتها القواعدية وتحليل موجز لأصلها. عند الإدخال الإملائي الخاطئ يقترح الموقع التصحيح. نظام البحث الداخلي فيه يدعم الحروف البديلة والبحث عبر استقطاع الجزء الأيمن من الكلمة. يتضمن دليل لفظي موسع وملفات صوتية للكثير من المصطلحات.</search_description>
			<url>http://www.merriam-webster.com/</url>
			<search_url>http://www.merriam-webster.com/cgi-bin/dictionary?book=Dictionary&amp;va={$formKeywords}</search_url>
			
		</search>
		<search>
			<search_title>قواميس OneLook</search_title>
			<search_description>هو قاموس يبحث في البيانات الوصفية للقواميس الأخرى. أدخل كلمة إنجليزية أو اختصاراً، وسيقوم بالبحث عن فهارسها ضمن 5292362 كلمة في 934 قاموس مفهرس ما بين عام ومتخصص.</search_description>
			<url>http://www.onelook.com/index.html</url>
			<search_url>http://www.onelook.com/?ls=a&amp;w={$formKeywords}</search_url>
			
		</search>
		<search>
			<search_title>Wikipedia: The Free Encyclopedia</search_title>
			<search_description>&quot;هي موسوعة مجانية ساهم المشاركون من أنحاء العالم في كتابتها. معنى تسمية الموقع أن أي شخص بإمكانه تعديل أي مقال&quot;. بدون إشراف لهيئة تحرير، لذلك فإن رصانة المحتوى المنشور على الموقع متباين بشكل هائل، لكنه جدير بالمعاينة. النسخة الإنجليزية تضم مئات الآلاف من المداخل. كما أنه يقدم نسخ أخرى بالفرنسية والإسبانية ولغات أخرى أيضاً.</search_description>
			<url>http://en.wikipedia.org/wiki/Main_Page</url>
			<search_url>http://en.wikipedia.org/wiki/Special:Search?go=Go&amp;fulltext=Search&amp;search={$formKeywords}</search_url>
			
		</search>
		<search>
			<search_title>Infoplease.com</search_title>
			<search_description>هذا الموقع يتضمن محتوى Information Please Almanacs، وهي قاعدة بيانات للترجمة الذاتية أو السيرة، وقاموس، وأطلس ومقالات من موسوعة كولومبيا. يمكنك البحث في هذه المراجع الجاهزة ككل أو بشكل منفصل أو تصفح الموقع. هناك قصص مميزة كل أسبوع تغطي مواضيع خبرية، مع روابط وثيقة الصلة بمحتوى الموقع وموارد أخرى في الإنترنت.</search_description>
			<url>http://www.infoplease.com</url>
			<search_url>http://www.infoplease.com/search?fr=iptn&amp;in=all&amp;x=0&amp;y=0&amp;query={$formKeywords}</search_url>
			
		</search>
	</context>
	<context>
		<context_title>دراسات ذات صلة</context_title>
		<context_abbrev>دراسات ذات صلة</context_abbrev>
		<context_description>الوصول إلى دراسات مماثلة عبر تأسيس رابط إلى قاعدة بيانات مفتوحة (مجانية)، مع ملخصات و/أو نصوص كاملة متعلقة بموضوعك.</context_description>

		<search>
			<search_title>AstroLinks</search_title>
			<search_description>يوفر روابط توصلك إلى كمية كبيرة من البيانات الفلكية.</search_description>
			<url>http://www.astro.univie.ac.at/</url>
			<search_url>http://www.google.com/search?q=site%3Aastro.univie.ac.at+</search_url>
			
		</search>
		<search>
			<search_title>Intute: العلوم، الهندسة والتقنية</search_title>
			<search_description>هو خدمة مجانية على الإنترنت، يتيح لك الوصول إلى أفضل المصادر في الشبكة العنكبوتية لأغراض: التعليم والبحث العلمي، مقيمة ومختارة من قبل شبكة من المتخصصين في تلك المواضيع. هي تغطي: العلوم الفيزياوية، الهندسة، الحاسوب، الجغرافية، الرياضيات، وعلم البيئة. قاعدة البيانات تضم حالياً 33349 سجل.</search_description>
			<url>http://www.intute.ac.uk/sciences/</url>
			<search_url>http://www.intute.ac.uk/sciences/cgi-bin/search.pl?submit.x=0&amp;submit.y=0&amp;submit=Go&amp;limit=0&amp;subject=sciences&amp;term1={$formKeywords}</search_url>
			
		</search>
		<search>
			<search_title>جسر معلومات DOE</search_title>
			<search_description>إن جسر المعلومات يوفر وصولاً مفتوحاً لسجلات النص الكامل وسير المؤلفين لتقارير البحث والتطوير في وزارة الطاقة الأمريكية في: الفيزياء، الكيمياء، المواد، علوم الحياة، علوم البيئة، تقنيات الطاقة، الهندسة، علوم الحاسوب والمعلومات، الطاقة المتجددة... ومواضيع أخرى.</search_description>
			<url>http://www.osti.gov/bridge/index.jsp</url>
			<search_url>http://www.osti.gov/bridge/basicsearch.jsp?act=Search&amp;formname=basicsearch.jsp&amp;review=1&amp;SortBy=RELV&amp;SortOrder=DESC&amp;querytype=search&amp;searchFor={$formKeywords}</search_url>
			
		</search>
		<search>
			<search_title>المصادر الفلكية من STScI</search_title>
			<search_description>مصادر فلكية عبر الإنترنت من مؤسسة علم تلسكوب الفضاء.</search_description>
			<url>http://www.stsci.edu/science/net-resources.html</url>
			<search_url>http://www.stsci.edu/resources/WebSearch?uq=&amp;notq=&amp;command=Submit&amp;query={$formKeywords}</search_url>
			
		</search>
		<search>
			<search_title>نظام بيانات الفيزياء الفلكية</search_title>
			<search_description>يحتوي ملخصات لمئات المنشورات، الندوات، الحلقات النقاشية، المحاضر، والتقارير الداخلية من NASA. توفر وصولاً مجانياً وغير مقيد لمصورات من الصحف، المؤتمرات، المحاضر والكتب في علم الفلك والفيزياء الفلكية.</search_description>
			<url>http://adsabs.harvard.edu/abstract_service.html</url>
			<search_url>http://adsabs.harvard.edu/cgi-bin/nph-abs_connect?db_key=AST&amp;sim_query=YES&amp;aut_xct=NO&amp;aut_logic=OR&amp;obj_logic=OR&amp;author=&amp;object=&amp;start_mon=&amp;start_year=&amp;end_mon=&amp;end_year=&amp;ttl_logic=OR&amp;txt_logic=OR&amp;text=&amp;nr_to_return=100&amp;start_nr=1&amp;start_entry_day=&amp;start_entry_mon=&amp;start_entry_year=&amp;min_score=&amp;jou_pick=ALL&amp;ref_stems=&amp;data_and=ALL&amp;group_and=ALL&amp;sort=SCORE&amp;aut_syn=YES&amp;ttl_syn=YES&amp;txt_syn=YES&amp;aut_wt=1.0&amp;obj_wt=1.0&amp;ttl_wt=0.3&amp;txt_wt=3.0&amp;aut_wgt=YES&amp;obj_wgt=YES&amp;ttl_wgt=YES&amp;txt_wgt=YES&amp;ttl_sco=YES&amp;txt_sco=YES&amp;version=1&amp;title={$formKeywords}</search_url>
			
		</search>
		<search>
			<search_title>محرك بحث ملقم ما قبل الطباعة Fermilab</search_title>
			<search_description>يبقي على أرشيف قابل للبحث لأوراق ما قبل الطباعة منذ 1972. النصوص الكاملة لها منذ 1995 حتى الوقت الراهن متاحة حالياً.</search_description>
			<url>http://fnalpubs.fnal.gov/preprints.html</url>
			<search_url>http://www-spires.fnal.gov/spires/find/hep/www?AUTHOR=&amp;C=&amp;REPORT-NUM=&amp;AFFILIATION=&amp;cn=&amp;k=&amp;cc=&amp;eprint=+&amp;eprint=&amp;topcit=&amp;url=&amp;J=+&amp;*=&amp;ps=+&amp;DATE=&amp;*=+&amp;FORMAT=WWW&amp;SEQUENCE=&amp;TITLE={$formKeywords}</search_url>
			
		</search>
		<search>
			<search_title>HighWire</search_title>
			<search_description>هي واحدة من أكثر المجلات العلمية تأثيراً في مجال العلوم، التقنية، والطب. حتى آذار 2002، تضمنت هذه المجلة 11785877 مقالة في أكثر من 4500 مجلة تابعة، و405385 من النصوص الكاملة لمقالات من 321 مجلة أساسية.</search_description>
			<url>http://highwire.stanford.edu/</url>
			<search_url>http://highwire.stanford.edu/cgi/searchresults?author1=&amp;pubdate_year=&amp;volume=&amp;firstpage=&amp;src=hw&amp;hits=10&amp;hitsbrief=25&amp;resourcetype=1&amp;andorexactfulltext=and&amp;fulltext={$formKeywords}</search_url>
			
		</search>
		<search>
			<search_title>ملقم التقارير التقنية من NASA</search_title>
			<search_description>يسمح للمستخدمين بالبحث في الوثائق المنشورة على الإنترنت من NASA، بضمنها العروض التقديمية في الاجتماعات، مقالات الصحف، محاضر المؤتمرات، والتقارير التقنية. الكثير من الوثائق متاحة بصيغ ملفات PDF وPostScript مضغوطة. كل الوثائق غير مصنفة ومتاحة للعامة.</search_description>
			<url>http://ntrs.nasa.gov/?method=aboutntrs</url>
			<search_url>http://ntrs.nasa.gov/search.jsp?N=0&amp;Ntk=all&amp;Ntx=mode%20matchall&amp;Ntt={$formKeywords}</search_url>
			
		</search>
	</context>
	<context>
		<context_title>عمليات البحث في الكتب</context_title>
		<context_abbrev>عمليات البحث في الكتب</context_abbrev>
		<context_description>مصادر تتعلق بالكتب</context_description>

		<search>
			<search_title>Google Print</search_title>
			<search_description>تعمل Google مع مكتبات جامعات: مشغان، هارفارد، ستانفورد، أوكسفورد ومع المكتبة العامة في نيويورك لرقمنة الكتب التي بحوزتها وإتاحتها للناس عبر خدمة Google Print، وهو مشروع مسح ضوئي عملاق من شأنه إدخال ملايين المجلدات من الكتب المطبوعة في قاعدة بيانات. أنقر على عنوان الكتاب وستجد الصفحة التي تتضمن عبارة البحث التي استعملتها، كما بإمكانك البحث عن المزيد من المعلومات ضمن ذلك الكتاب تحديداً، والعثور على تنقيحات ومراجعات أو بيانات أخرى ذات صلة، والتعرف على جهة النشر، وكذلك شراء الكتاب والعثور على مكتبات قريبة تبيعه.</search_description>
			<url>http://print.google.com</url>
			<search_url>http://print.google.com/print?q={$formKeywords}</search_url>
			
		</search>
		<search>
			<search_title>صفحة الكتب على الإنترنت</search_title>
			<search_description>صفحة الكتب على الإنترنت، المحررة من قبل John Mark Ockerbloom من جامعة بنسلفانيا. هذه نقطة بداية ممتازة عند البحث عن النصوص الكاملة للكتب عبر الإنترنت. أكثر من 20 ألف عمل باللغة الإنجليزية بصيغ مختلفة متاح على الإنترنت عبر عدة مواقع. يمكن البحث فيه عبر العنوان أو المؤلف. لديه ميزة مثيرة للاهتمام حيث يسمح بالتصفح عبر أرقام فئات مكتبة الكونغرس. تُضاف له قوائم جديدة دورياً وهي مفروزة في صفحة مستقلة على الرابط &lt;a href=&quot;http://onlinebooks.library.upenn.edu/new.html&quot;&gt;http://onlinebooks.library.upenn.edu/new.html&lt;/a&gt;.</search_description>
			<url>http://digital.library.upenn.edu/books/</url>
			<search_url>http://onlinebooks.library.upenn.edu/webbin/book/search?tmode=words&amp;title={$formKeywords}</search_url>
			
		</search>
		<search>
			<search_title>Books-On-Line</search_title>
			<search_description>تجمُّع من أكثر من 32935 عنوان، رغم أن بعضها مقتطفات فقط. التصفح يكون عبر الموضوع أو البحث عبر المؤلف أو العنوان. ليست جميع المؤلفات مجانية.</search_description>
			<url>http://www.books-on-line.com/</url>
			<search_url>http://www.books-on-line.com/bol/KeyWordSearch.cfm?RowCount=50&amp;Searchquery={$formKeywords}</search_url>
			
		</search>
		<search>
			<search_title>المكتبة العالمية</search_title>
			<search_description>المكتبة العالمية تعتبر الأكثر تعمقاً والأكثر طموحاً. إنها تكدس مجموعة من نحو مئة ألف كتاب ألكتروني (بعضها من مشروع غوتنبرغ)، وهي تهدف إلى وصول مليون كتاب الكتروني في نهاية عام 2006.</search_description>
			<url>http://tera-3.ul.cs.cmu.edu/</url>
			<search_url>http://tera-3.ul.cs.cmu.edu/cgi-bin/DBscripts/advsearch_db.cgi?perPage=25&amp;listStart=0&amp;author1=&amp;subject1=Any&amp;year1=&amp;year2=&amp;language1=Any&amp;scentre=Any&amp;search=Search&amp;title1={$formKeywords}</search_url>
			
		</search>
	</context>
	<context>
		<context_title>Pay-per-view</context_title>
		<context_abbrev>Pay-per-view</context_abbrev>
		<context_description>هي خدمة مقدمة للذين ليس لهم حق الوصول المباشر لمقالات المجلات الالكترونية عبر الاشتراكات. هذه الخدمة تسمح للزبائن بالوصول المباشر لمقالة أو مؤلَّف معين عبر الدفع ببطاقات إئتمانية. بمجرد التحقق من تفاصيل الدفع آنياً، يمكن للمستخدم الحصول على ملف المقالة لمدة 30 يوم.</context_description>

		<search>
			<search_title>Ingenta</search_title>
			<search_description>هي تقيد الوصول إلى النص الكامل للمقالات العلمية، ورغم أن الحصول على تلك المؤلفات يكلف مالاً، إلا أن الموقع يمكن استعماله كفهرس مجاني لتلك المقالات والمؤلَّفات.</search_description>
			<url>http://www.ingenta.com/</url>
			<search_url>http://www.ingenta.com/isis/searching/Search/ingenta?database=1&amp;title={$formKeywords}</search_url>
			
		</search>
		<search>
			<search_title>ebrary</search_title>
			<search_description>الباحثون المستقلون الذين ليس لديهم وصول إلى قواعد بيانات ebrary عبر مكتباتهم، بإمكانهم الآن إنشاء حسابات منفردة بكلفة 5 دولارات فقط. موقع ebrary Discover يشمل عدة إختصاصات أكاديمية ويتيح الوصول بطريقة (أي وقت من أي مكان) لأكثر من 20 ألف عنوان مرخص من ضمنها: نصوص كاملة لكتب، أوراق موسيقية، تقارير... وغيرها من الوثائق المرخصة من أكثر من 175 ناشر رئيسي، مثل مطبعة جامعة كامبرج، Random House، Inc.، شركات McGraw-Hill... وغيرها.</search_description>
			<url>http://www.ebrary.com/corp/content.htm</url>
			<search_url>http://shop.ebrary.com/Top?layout=search&amp;frm=smp.x&amp;sch=%A0%A0%A0%A0%A0Search%A0%A0%A0%A0%A0&amp;p00={$formKeywords}</search_url>
			
		</search>
		<search>
			<search_title>Questia</search_title>
			<search_description>تتيح الوصول لأكثر من 47 ألف كتاب و 375 ألف مقال في: مجلة وصحيفة وصحيفة إخبارية. كل الكتب والمقالات متاحة بشكل قابل للبحث في كل صفحة منها. كلفة الاشتراك تتراوح بين 19.05 دولار شهرياً إلى 119.95 دولار سنوياً.</search_description>
			<url>http://www.questia.com</url>
			<search_url>http://www.questia.com/SM.qst?act=search&amp;keywordsSearchType=1000&amp;mediaType=book&amp;mediaType=journal&amp;mediaType=magazine&amp;mediaType=newspaper&amp;mediaType=encyclopedia&amp;mediaType=startpage&amp;keywords={$formKeywords}</search_url>
			
		</search>
		<search>
			<search_title>TheScientificWorld</search_title>
			<search_description>يقدم تقنية sciBASE ليمنح وصولاً مفتوحاً لقواعد بيانات منتخبة لأدبيات علمية، تقنية، وطبية. هذه التقنية تتميز الآن بتوصيل رقمي مباشر للنصوص الكاملة من المقالات العلمية من أكثر من 700 مجلة منتجة عبر مساهمات الناشرين، وهذه التقنية فعالة خصوصاً للمستخدمين الذين لا يملكون دعماً من المكتبات (بيئة بلا وسيط).</search_description>
			<url>http://www.thescientificworld.com/</url>
			<search_url>http://www.thescientificworld.com/SCIENTIFICWORLDJOURNAL/search/SearchResults.asp?From=Main&amp;Terms={$formKeywords}</search_url>
			
		</search>
		<search>
			<search_title>Wiley InterScience Pay-per-view Service</search_title>
			<search_description>توفر هذه الخدمة وصولاً مباشراً للنصوص الكاملة لمجموعة هائلة من مقالات المجلات العلمية أو فصول الكتب المتاحة في Wiley InterScience دون الحاجة إلى اشتراك. هذه الخدمة تسمح لأي شخص بشراء الحصول على مقالات المجلات أو فصول الكتب مباشرة عبر بطاقة الإئتمان. الوصول آني ومتاح لمدة 24 ساعة.</search_description>
			<url>http://www3.interscience.wiley.com/aboutus/ppv-articleselect.html</url>
			<search_url>http://www3.interscience.wiley.com/search/allsearch</search_url>
			<search_post>allContentSearchForm=&amp;mode=quicksearch&amp;WISindexid1=WISall&amp;WISsearch1={$formKeywords}</search_post>			
		</search>
	</context>
	<context>
		<context_title>متعددات الوسائط</context_title>
		<context_abbrev>متعددات الوسائط</context_abbrev>
		<context_description>مصادر متعددات الوسائط</context_description>

		<search>
			<search_title>مشروع الفيديو المفتوح</search_title>
			<search_description>هو مجموعة منتخبة من الفيدوات المتاحة للعامة والمتعلقة بالبحوث وغيرها من الأغراض. الهدف منه تجميع وإنشاء مستودع للمحتوى الفيدوي الرقمي لمتعددات الوسائط والمكتبة الرقمية وغيرها من المجتمعات البحثية.</search_description>
			<url>http://www.open-video.org/index.php</url>
			<search_url>http://www.open-video.org/results.php?search_field=all&amp;terms={$formKeywords}</search_url>
			
		</search>
	</context>
	<context>
		<context_title>بيانات فلكية</context_title>
		<context_abbrev>بيانات فلكية</context_abbrev>
		<context_description>يوفر وصولاً لبيانات فلكية.</context_description>

		<search>
			<search_title>HEASARC</search_title>
			<search_description>هو مصدر لإشعاعات كاما، أكس، مشاهدات الأشعة الفوق بنفسجية المفرطة المسجلة من المصادر الكونية (خارج المجموعة الشمسية). هذا الموقع يتيح الحصول على بيانات محفوظة، برامجيات تحليلية ذات صلة، بنى بيانات قياسية، توثيق، خبرات في طريقة استعمالها، مع مواد تعليمية بعيدة المنال ذات صلة.</search_description>
			<url>http://heasarc.gsfc.nasa.gov/</url>
			<search_url>http://heasarc.gsfc.nasa.gov/cgi-bin/search/search.pl?tquery={$formKeywords}</search_url>
			
		</search>
		<search>
			<search_title>مركز البيانات الفلكية البريطاني</search_title>
			<search_description>يضم مجموعة منتخبة جيداً من البيانات المسجلة في التلسكوبات الأرضية البريطانية مع عدد من الفهارس.</search_description>
			<url>http://archive.ast.cam.ac.uk/</url>
			<search_url>http://archive.ast.cam.ac.uk/cgi-bin/wdb/wfsurvey/wfsurvey/query?tab_date_obs=on&amp;date_obs=&amp;tab_utstart=on&amp;utstart=&amp;tab_object=on&amp;object=&amp;tab_runno=on&amp;runno=&amp;tab_fband=on&amp;fband=&amp;tab_fsys=on&amp;fsys=&amp;tab_exposure=on&amp;exposure=&amp;box=00+30+00&amp;tab_ra=on&amp;ra=&amp;tab_dec=on&amp;scionly=on&amp;max_rows_returned=1500&amp;dec={$formKeywords}</search_url>
			
		</search>
	</context>
	<context>
		<context_title>منتديات الإنترنت</context_title>
		<context_abbrev>منتديات الإنترنت</context_abbrev>
		<context_description>إختر منتديات الإنترنت المفتوحة (المجانية) التي من شأنها أن تعزز الدراسات البحثية في موقعك.</context_description>

		<search>
			<search_title>قائمة الاجتماعات الفلكية العالمية</search_title>
			<search_description>يوفر روابط لموقع الاجتماعات على الإنترنت، عناوين الاتصال البريدية، وملخصات قدمتها NASA عبر نظام بيانات فيزياء الفضاء (ADS) لو توفرت.</search_description>
			<url>http://cadcwww.dao.nrc.ca/meetings/meetings.html</url>
			<search_url>http://cadcwww.dao.nrc.ca/cadcbin/wdb/cadcmisc/meetings/query?tab_meeting_no=on&amp;meeting_no=&amp;tab_title=on&amp;web=&amp;tab_location=on&amp;location=&amp;contact=&amp;email=&amp;address=&amp;tab_date_start=on&amp;date_start=&amp;tab_end_date=on&amp;end_date=&amp;max_rows_returned=10&amp;title=&amp;keywords={$formKeywords}</search_url>
			
		</search>
		<search>
			<search_title>قائمة إعلانات اجتماعات/مؤتمرات مشروع المجتمعات الطلابية</search_title>
			<search_description>هي خدمة قابلة للبحث مقدمة من قبل مشروع المجتمعات الطلابية في جامعة واترلو، كندا.</search_description>
			<url>http://www.lib.uwaterloo.ca/society/meetings.html</url>
			<search_url>http://ssp-search.uwaterloo.ca/cd.cfm</search_url>
			<search_post>search_type=advanced&amp;field1=any&amp;boolean1=and&amp;operator1=and&amp;field2=any&amp;textfield2=&amp;boolean2=and&amp;operator2=and&amp;field3=any&amp;textfield3=&amp;boolean3=and&amp;operator3=and&amp;founded=none&amp;after=&amp;before=&amp;Go8=Search&amp;textfield1={$formKeywords}</search_post>			
		</search>
	</context>
	<context>
		<context_title>ملفات تدريسية</context_title>
		<context_abbrev>تعليمية</context_abbrev>
		<context_description>الشروع مباشرة بعملية بحث استناداً إلى موضوع المقالة أو الورقة التي تربط المستخدم بالمحتوى المجاني والمقالات المحفوظة في ذلك الحقل من الصحف الرئيسية حول العالم.</context_description>

		<search>
			<search_title>دليل المصادر التعليمية لعلم الفضاء</search_title>
			<search_description>هي طريقة مناسبة للعثور على منتجات علم الفضاء من NASA لاستعمالها في الصفوف، المتاحف العلمية، القبب الفلكية، وغيرها من الأماكن.</search_description>
			<url>http://teachspacescience.org/cgi-bin/ssrtop.plex</url>
			<search_url>http://teachspacescience.org/cgi-bin/search.plex?mode=basic&amp;bgrade=allgrades&amp;btopic=alltopics&amp;submit.x=47&amp;submit.y=14&amp;keywords={$formKeywords}</search_url>
			
		</search>
		<search>
			<search_title>تعليم العلوم، الرياضيات، الهندسة، والتقنيات (SMETE)</search_title>
			<search_description>يحتوي على مكتبة تعليمية رقمية من طراز أولي قابلة للبحث، تخص العلوم الوطنية، الرياضيات، الهندسة، والتقنيات.</search_description>
			<url>http://www.smete.org/</url>
			<search_url>http://www.smete.org/smete/?path=/public/find/search_results.jhtml&amp;_DARGS=/smete/public/find/index_body.jhtml&amp;/smete/forms/FindLearningObjects.operation=search&amp;_D:/smete/forms/FindLearningObjects.operation=%20&amp;_D:/smete/forms/FindLearningObjects.keyword=%20&amp;/smete/forms/FindLearningObjects.learningResourceType=&amp;_D:/smete/forms/FindLearningObjects.learningResourceType=%20&amp;/smete/forms/FindLearningObjects.grade=0-Any&amp;_D:/smete/forms/FindLearningObjects.grade=%20&amp;/smete/forms/FindLearningObjects.title=&amp;_D:/smete/forms/FindLearningObjects.title=%20&amp;/smete/forms/FindLearningObjects.author=&amp;_D:/smete/forms/FindLearningObjects.author=%20&amp;/smete/forms/FindLearningObjects.hostCollection=&amp;_D:/smete/forms/FindLearningObjects.hostCollection=%20&amp;/smete/forms/FindLearningObjects.afterYear=&amp;_D:/smete/forms/FindLearningObjects.afterYear=%20&amp;/smete/forms/FindLearningObjects.beforeYear=&amp;_D:/smete/forms/FindLearningObjects.beforeYear=%20&amp;&amp;/smete/forms/FindLearningObjects.keyword={$formKeywords}</search_url>
			
		</search>
		<search>
			<search_title>صفحة تعليم علم الفضاء - مركز التحليق في الفضاء Goddard</search_title>
			<search_description>بيانات من عدة مهام من NASA، فعاليات طلابية، مصادر للتدريسيين</search_description>
			<url>http://gsfc.nasa.gov/education/education_home.html</url>
			<search_url>http://search.nasa.gov/nasasearch/search/search.jsp?nasaInclude={$formKeywords}</search_url>
			
		</search>
	</context>
	<context>
		<context_title>سياسة الدولة</context_title>
		<context_abbrev>سياسة الدولة</context_abbrev>
		<context_description>Access to Information and services gateway run by the Government of the United States and Canada.</context_description>

		<search>
			<search_title>مدخل لمعلومات وخدمات الحكومة الأسترالية</search_title>
			<search_description>يقدم وصول شامل ومتكامل لمعلومات وخدمات الحكومة الأسترالية. ستجد بنية مركزة لبيانات الحكومة الأسترالية في هذا الموقع. &lt;a href=&quot;http://www.australia.gov.au&quot;&gt;www.australia.gov.au&lt;/a&gt; حالياً يشتمل على إدراجات من أكثر من 700 موقع حكومي أسترالي وفهارس وأكثر من 5 ملايين صفحة، ويستعمل البيانات الوصفية والنصوص الكاملة لأغراض الفهرسة لضمان كونه مدخلاً حكومياً شاملاً.</search_description>
			<url>http://www.fed.gov.au</url>
			<search_url>http://govsearch.australia.gov.au/search/search.cgi?collection=gov&amp;form=au&amp;query=&amp;query_phrase=&amp;query_or=&amp;query_not=&amp;meta_f_sand=&amp;scope=&amp;fscope=512&amp;num_ranks=20&amp;chksummary=chksummary&amp;query_and={$formKeywords}</search_url>
			
		</search>
		<search>
			<search_title>منشورات الحكومة الكندية</search_title>
			<search_description>يوفر هذا الموقع نافذة واحدة للحصول على منشورات مجانية أو بثمن مرخصة من قبل الوزارات الكندية. قاعدة البيانات لا تضمن كل المنشورات المقدمة من جميع الوزارات. رغم ذلك تضم أكثر من 100 ألف منشور، وهذا العدد يزداد بواقع يومي حيث أن هذا الموقع يتعاون مع تلك الدوائر الحكومية.</search_description>
			<url>http://www.canada.gc.ca/main_e.html</url>
			<search_url>http://publications.gc.ca/control/quickPublicSearch?searchAction=2&amp;termValue={$formKeywords}</search_url>
			
		</search>
		<search>
			<search_title>Directgov</search_title>
			<search_description>هي خدمة حكومية تتيح للناس الوصول إلى طيف واسع من المعلومات العامة والخدمات وأحدثها، ضمن موقع واحد على الإنترنت وعلى التلفاز الرقمي. إنه يستعمل المواصفات المصاغة والمنصوص عليها عبر UK GovTalk.</search_description>
			<url>http://www.direct.gov.uk</url>
			<search_url>http://www.direct.gov.uk/AdvancedSearch/SearchResults/fs/en?NP=1&amp;PO1=C&amp;PI1=W&amp;PF1=A&amp;PG=1&amp;RP=20&amp;SC=__dgov_site&amp;Z=1&amp;PT1={$formKeywords}</search_url>
			
		</search>
		<search>
			<search_title>Info4local.gov.uk</search_title>
			<search_description>معلومات الحكومة المحلية من الحكومة المركزية. هذا الموقع يعطي السلطات المحلية طريقة سهلة وسريعة للعثور على البيانات عبر الإنترنت مما يخص وزارات الحكومة المركزية، الوكالات، والممثليات العامة. إنه يضم معلومات واسعة لتطبيق الحوكمة الالكترونية.</search_description>
			<url>http://www.info4local.gov.uk</url>
			<search_url>http://www.info4local.gov.uk/?view=Search+results&amp;subjects=all&amp;departmentsIds=0&amp;informationTypesIds=all&amp;query={$formKeywords}</search_url>
			
		</search>
		<search>
			<search_title>مدخل الحكومة النيوزلندية</search_title>
			<search_description>هو موقع يتيح عمليات البحث مع روابط لمعلومات وخدمات آنية وغير آنية لمختلف الوكالات الحكومية. هذا الموقع يدار ويدام من قبل مفوضية خدمات الدولة، وهي إحدى الوزارات الحكومية.</search_description>
			<url>http://www.govt.nz</url>
			<search_url>http://www.govt.nz/search?type=spider&amp;t=spider&amp;q={$formKeywords}</search_url>
			
		</search>
		<search>
			<search_title>Europa</search_title>
			<search_description>المعلومات الحالية عن الدول الأعضاء في الاتحاد الأوربي، بضمنها بيانات إحصائية، سياسات، أخبار، وثائق رسمية، نصوص قانونية، ومنشورات أخرى.</search_description>
			<url>http://europa.eu.int/index_en.htm</url>
			<search_url>http://europa.eu.int/geninfo/query/resultaction.jsp?page=1</search_url>
			<search_post>Collection=EuropaFull&amp;ResultTemplate=/result_en.jsp&amp;ResultCount=25&amp;qtype=simple&amp;ResultMaxDocs=200&amp;DefaultLG=en&amp;QueryText={$formKeywords}</search_post>			
		</search>
		<search>
			<search_title>شبكة المعلومات القانونية العالمية (GLIN)</search_title>
			<search_description>هي قاعدة بيانات للقوانين، التشريعات، القرارات القضائية، ومصادر قانونية تكميلية أخرى شاركت بها الوكالات الحكومية والمنظمات العالمية. أعضاء هذه الشبكة يساهمون بالنصوص الكاملة من الوثائق المنشورة لإدراجها في قاعدة البيانات وبلغاتها الأصلية. كل وثيقة يصاحبها موجز باللغة الإنجليزية وعبارات إصطلاحية منتخبة من الفهرس متعدد اللغات لقاعدة البيانات.</search_description>
			<url>http://www.glin.gov</url>
			<search_url>http://www.glin.gov/search.do?refineQuery=&amp;offset=0&amp;refineQueryType=&amp;fromSearch=true&amp;queryType=ALL&amp;searchBtn=Search&amp;includeAllFields=on&amp;searchAll=on&amp;sumLanguage=any&amp;pubLanguage=any&amp;pubJurisdiction=any&amp;publicationJurisdictionExclude=false&amp;searchPublicationDate=true&amp;dateFromDay=01&amp;dateFromMonth=01&amp;dateFromYear=&amp;dateToDay=01&amp;dateToMonth=01&amp;dateToYear=&amp;subjTerm=&amp;subjTermConjunction%5B0%5D=AND&amp;subjTerm=&amp;subjTermConjunction%5B1%5D=AND&amp;subjTerm=&amp;subjTermConjunction%5B2%5D=AND&amp;subjTerm=&amp;subjTermConjunction%5B3%5D=AND&amp;subjTerm=&amp;searchOrder=default&amp;hitsPerPage=10&amp;showSummary=on&amp;queryString={$formKeywords}</search_url>
			
		</search>
		<search>
			<search_title>FirstGov</search_title>
			<search_description>FirstGov (الحكومة الأمريكية الفيدرالية) هي شراكة عامة - خاصة، تدار من قبل مجلس وكالة مزدوج.</search_description>
			<url>http://www.firstgov.gov/</url>
			<search_url>http://www.firstgov.gov/fgsearch/index.jsp?db=www&amp;st=AS&amp;ms0=should&amp;mt0=all&amp;rn=2&amp;parsed=true&amp;x=2&amp;y=8&amp;mw0={$formKeywords}</search_url>
			
		</search>
		<search>
			<search_title>مواقع كندا</search_title>
			<search_description>بمثابة بوابة للمعلومات والخدمات تديرها حكومة كندا وكل من محافظاتها.</search_description>
			<url>http://www.canada.gc.ca/main_e.html</url>
			<search_url>http://search-recherche.gc.ca/cgi-bin/query?mss=canada%2Fen%2Fsimple.html&amp;enc=iso88591&amp;pg=q&amp;kl=en&amp;site=main&amp;q={$formKeywords}</search_url>
			
		</search>
	</context>
	<context>
		<context_title>تقارير وسائل الإعلام</context_title>
		<context_abbrev>تقارير وسائل الإعلام</context_abbrev>
		<context_description>الشروع مباشرة بعملية بحث استناداً إلى موضوع المقالة أو الورقة التي تربط المستخدم بالمحتوى المجاني والمقالات المحفوظة في ذلك الحقل من الصحف الرئيسية حول العالم.</context_description>

		<search>
			<search_title>أخبار Google</search_title>
			<search_description>البحث في التقارير الخبرية باستعمال محرك البحث الشائع ضمن خدمة أخبار Google.</search_description>
			<url>http://news.google.com/</url>
			<search_url>http://news.google.com/news?hl=en&amp;q={$formKeywords}</search_url>
			
		</search>
		<search>
			<search_title>مجلة علم الفلك</search_title>
			<search_description>مجلة ASTRONOMY هي المجلة الأكثر مبيعاً باللغة الإنجليزية في مجالها، تقدم للقراء طيف واسع من المعلومات لهواة الفلكيين وللمحترفين على حدٍ سواء.</search_description>
			<url>http://www.astronomy.com/home.asp</url>
			<search_url>http://www.astronomy.com/asy/default.aspx?c=se&amp;outsideHidden=Yes&amp;searchStr={$formKeywords}</search_url>
			
		</search>
		<search>
			<search_title>أخبار العلوم اليومية من NewScientist</search_title>
			<search_description>تقدم أخباراً علمية يتم تحديثها طيلة اليوم.</search_description>
			<url>http://www.newscientist.com/</url>
			<search_url>http://www.newscientist.com/search.ns?doSearch=true&amp;query={$formKeywords}</search_url>
			
		</search>
		<search>
			<search_title>تحديثات العلوم الطبيعية</search_title>
			<search_description>تقدم قصص إخبارية يومية يكتبها محررو مجلة الطبيعة.</search_description>
			<url>http://www.nature.com/nsu/</url>
			<search_url>http://search.nature.com/search/?sp-x-9=cat&amp;sp-q-9=NEWS&amp;submit=go&amp;sp-a=sp1001702d&amp;sp-sfvl-field=subject%7Cujournal&amp;sp-t=results&amp;sp-x-1=ujournal&amp;sp-p-1=phrase&amp;sp-p=all&amp;sp-q={$formKeywords}</search_url>
			
		</search>
		<search>
			<search_title>أخبار العلوم على الإنترنت</search_title>
			<search_description>هي واحدة من أكثر المجلات العلمية فائدة والمتاحة على الإنترنت. هذه المجلة الأسبوعية ذات الخمس والسبعين عاماً يضع عدداً كريماً من النصوص الكاملة للمقالات العلمية على الإنترنت أسبوعياً، لتضيفها إلى مجموعة الأرشيف فيها منذ 1994 حتى الآن.</search_description>
			<url>http://www.sciencenews.org/search.asp</url>
			<search_url>http://www.sciencenews.org/pages/search_results.asp?search={$formKeywords}</search_url>
			
		</search>
		<search>
			<search_title>الأرشيف العلمي الأمريكي</search_title>
			<search_description>هو مصدر علمي تقني متاح على الإنترنت يتيح الوصول إلى كل صفحة وكل إصدار من مجلة العلمي الأمريكي منذ 1993 حتى الآن.</search_description>
			<url>http://www.sciamdigital.com/</url>
			<search_url>http://www.sciamdigital.com/index.cfm?fa=Search.ViewSearchForItemResultList&amp;AUTHOR_CHAR=&amp;TITLE_CHAR=&amp;FullText_CHAR={$formKeywords}</search_url>
			
		</search>
		<search>
			<search_title>Newsdirectory</search_title>
			<search_description>هي دليل شامل قابل للبحث في وسائل الإعلام الناطقة باللغة الإنجليزية حول العالم. حالياً أكثر من ثمانية آلاف صحيفة ومجلة مدرجة فيه، فضلاً عن أكثر من ألف محطة تلفزيونية أمريكية.</search_description>
			<url>http://www.newsdirectory.com/</url>
			<search_url>http://www.newsdirectory.com/hbSearch.php</search_url>
			<search_post>s={$formKeywords}&amp; submit=Go</search_post>
			
		</search>
	</context>
	<context>
		<context_title>البحث في الإنترنت</context_title>
		<context_abbrev>البحث في الإنترنت</context_abbrev>
		<context_description>أدخل عبارات البحث في موارد الإنترنت عبر محركات البحث المتنوعة.</context_description>

		<search>
			<search_title>Google</search_title>
			<search_description>البحث باستعمال محرك البحث الأشهر عالمياً.</search_description>
			<url>http://www.google.com/</url>
			<search_url>http://www.google.com/search?q={$formKeywords}</search_url>
			
		</search>
		<search>
			<search_title>الباحث العلمي من Google</search_title>
			<search_description>الباحث العلمي من Google يتيح عمليات البحث المتخصصة بالأعمال الأدبية العلمية، بضمنها الأوراق المحكمة، الأطاريح والرسائل، الكتب، الطبعات الأولية، الملخصات، والتقارير التقنية. المحتوى يشمل مدى من الناشرين والتجمعات العلمية التي لها اتفاقيات قائمة مع Google، مثل: رابطة المكائن الحاسوبية، IEEE، مكتبة  Open WorldCat لـ OCLC... إلخ. نتائج العرض ستُظهر نسخ تجاميع مختلفة، وتحليل للاقتباسات، وموقع المكتبة (حالياً كتب فقط).</search_description>
			<url>http://scholar.google.com</url>
			<search_url>http://scholar.google.com/scholar?ie=UTF-8&amp;oe=UTF-8&amp;hl=en&amp;q={$formKeywords}</search_url>
			
		</search>
		<search>
			<search_title>Clusty the Clustering Engine</search_title>
			<search_description>أداة البحث هذه المقدمة من Vivismo تقدم نتائج متشعبة لعمليات بحث منتخبة. البحث في البيانات الوصفية عبر الإنترنت بالكامل أو استعمال علامات التبويب للبحث في الأخبار، الإشاعات، الصور أو المنتجات عبر Bizrate أو eBay.</search_description>
			<url>http://clusty.com/about</url>
			<search_url>http://clusty.com/search?query={$formKeywords}</search_url>
			
		</search>
		<search>
			<search_title>Vivisimo</search_title>
			<search_description>تقنية Vivisimo المتشعبة الحائزة على جائزة، طورها علماء أبحاث في Carnegie Mellon، وهي تستثمر المعلومات المخزنة عند شركات Fortune 500، وأهم المواقع الالكترونية، والناشرين المعتبرين، والوكالات الحكومية عبر تصنيف نتائج البحث آنياً في قوائم مرتبة ذات معنى، وبهذا، التوصل إلى تحسين ثوري في الوصول إلى المعلومات ذات الصلة.</search_description>
			<url>http://vivisimo.com</url>
			<search_url>http://vivisimo.com/search?tb=homepage&amp;v%3Asources=Web&amp;query={$formKeywords}</search_url>
			
		</search>
	</context>
</version>
