<?xml version="1.0" encoding="UTF-8"?>
<!DOCTYPE version SYSTEM "../../lib/pkp/dtd/rtVersion.dtd">

<!--
  * Business.xml
  *
  * Copyright (c) 2013-2016 Simon Fraser University Library
  * Copyright (c) 2003-2016 John Willinsky
  * Distributed under the GNU GPL v2. For full terms see the file docs/COPYING.
  *
  * Reading Tools version: Business (ar_IQ)
  *
  -->

<version id="Business" locale="ar_IQ">
	<version_title>الأعمال</version_title>
	<version_description>أدوات القراءة يمكنها مساعدة قراء هذه الدراسة في الرجوع إلى مدى واسع من الموارد ذات الصلة، التي بإمكانها أن تكون منطلقاً لترجمة الدراسة، أو الاقتباس منها أو تقييمها.</version_description>

	<context>
		<context_title>عمل المؤلف</context_title>
		<context_abbrev>أعمال الآخرين</context_abbrev>
		<context_description>حدد أعمال أخرى حسب مؤلفيها باستعمال محركات بحث OAI.</context_description>
		<author_terms />
		<search>
			<search_title>الباحث العلمي من Google</search_title>
			<search_description>الباحث العلمي من Google يتيح عمليات البحث المتخصصة بالأعمال الأدبية العلمية، بضمنها الأوراق المحكمة، الأطاريح والرسائل، الكتب، الطبعات الأولية، الملخصات، والتقارير التقنية. المحتوى يشمل مدى من الناشرين والتجمعات العلمية التي لها اتفاقيات قائمة مع Google، مثل: رابطة المكائن الحاسوبية، IEEE، مكتبة  Open WorldCat لـ OCLC... إلخ. نتائج العرض ستُظهر نسخ تجاميع مختلفة، وتحليل للاقتباسات، وموقع المكتبة (حالياً كتب فقط).</search_description>
			<url>http://scholar.google.com</url>
			<search_url>http://scholar.google.com/scholar?ie=UTF-8&amp;oe=UTF-8&amp;hl=eng&amp;as_sauthors={$formKeywords}</search_url>
			
		</search>
		<search>
			<search_title>OAIster (Open Archives Initiative research databases)</search_title>
			<search_description>OAIster هو مشروع لجامعة مشغان لخدمات إنتاج المكتبة الرقمية، ويوفر عملية البحث ضمن مجاميع موارد متنوعة في مؤسسات عديدة. هذه المؤسسات جعلت سجلات مواردها الرقمية متاحة مجاناً، وفريق المشروع جمعها ضمن خدمة OAIster.</search_description>
			<url>http://oaister.umdl.umich.edu/</url>
			<search_url>http://oaister.umdl.umich.edu/cgi/b/bib/bib-idx?type=boolean&amp;size=10&amp;c=oaister&amp;q1=&amp;rgn1=entire+record&amp;op2=and&amp;q2=&amp;rgn2=entire+record&amp;op3=And&amp;q3=&amp;rgn3=title&amp;op4=And&amp;rgn4=author&amp;op5=And&amp;q5=&amp;rgn5=subject&amp;op6=And&amp;rgn6=norm&amp;q6=all+types&amp;sort=author%2Fcreator&amp;submit2=search&amp;q4={$formKeywords}</search_url>
			
		</search>
		<search>
			<search_title>حاصود المحفوظات المفتوحة لمشروع المعرفة العامة</search_title>
			<search_description>هو نظام فهرسة مجاني للبيانات الوصفية، مطور من قبل مشروع المعرفة العامة عبر جهود تمويله الفدرالية لتوسيع وتحسين الوصول إلى الأبحاث. وهو يتيح لك إنشاء فهرس قابل للبحث من البيانات الوصفية لمبادرة المحفوظات المفتوحة، مثل المواقع التي تعمل بنظام المجلات المفتوحة أو أنظمة المؤتمرات المفتوحة.</search_description>
			<url>http://pkp.sfu.ca/harvester/</url>
			<search_url>http://pkp.sfu.ca/harvester/search.php?limit=author&amp;query={$formKeywords}</search_url>
			
		</search>
		<search>
			<search_title>مكتبة الشركة</search_title>
			<search_description>الهدف منه أن يعمل كمستودع مركزي للبحوث، الدراسات، والتفكير الانتقادي المتعلق بطبيعة الشركة الحديثة عالمياً، مع تركيز خاص في حوكمة الشراكة والعلاقة بين: إدارة الشركة، مجالسها، ومساهميها. استعمل هذا الموقع للحصول على السير الذاتية للشركات في الفهرس الهائل S&amp;P 1500. الاطلاع على ميزات متعددة للتعرف على مؤشرات مناظرة (مثل: اسم الشركة، العمر، مشاكل الحضور، أعداد الحصص الموزعة... إلخ.). هذا الموقع يضم أيضاً تقارير بحثية في اتجاهات حوكمة الشركات.</search_description>
			<url>http://www.thecorporatelibrary.com/</url>
			<search_url>http://thecorporatelibrary.master.com/texis/master/search/?s=SS&amp;q={$formKeywords}</search_url>
			
		</search>
		<search>
			<search_title>العثور على مقالات</search_title>
			<search_description>يقدم إقتباسات، ملخصات، ونصوص كاملة لمقالات من أكثر من 300 مجلة وصحيفة في مواضيع، مثل: الأعمال، الصحة، المجتمع، البيئة، والرياضة.</search_description>
			<url>http://www.findarticles.com/PI/index.jhtml</url>
			<search_url>http://www.findarticles.com/cf_0/PI/search.jhtml?magR=all+magazines&amp;key={$formKeywords}</search_url>
			
		</search>
		<search>
			<search_title>Intute: العلوم الاجتماعية</search_title>
			<search_description>هي خدمة مجانية على الإنترنت تزودك بأفضل موارد التعليم والبحث العلمي، مقيمة ومختارة من قبل شبكة من المتخصصين في تلك المواضيع.</search_description>
			<url>http://www.intute.ac.uk/socialsciences//</url>
			<search_url>http://www.intute.ac.uk/socialsciences/cgi-bin/search.pl?submit.x=0&amp;submit.y=0&amp;submit=Go&amp;limit=0&amp;subject=socialsciences&amp;term1={$formKeywords}</search_url>
			
		</search>
		<search>
			<search_title>Brint.com</search_title>
			<search_description>مدخل معلومات شاملة مع أخبار، تحليلات، وروابط تتعلق بالأعمال، التجارة، الاقتصاد، تقنيات المعلومات، ومصادر المعلومات.</search_description>
			<url>http://www.brint.com/</url>
			<search_url>http://portal.brint.com/cgi-bin/cgsearch/cgsearch.cgi?query={$formKeywords}</search_url>
			
		</search>
	</context>
	<context>
		<context_title>عمليات البحث في الكتب</context_title>
		<context_abbrev>عمليات البحث في الكتب</context_abbrev>
		<context_description>مصادر تتعلق بالكتب</context_description>

		<search>
			<search_title>Google Print</search_title>
			<search_description>تعمل Google مع مكتبات جامعات: مشغان، هارفارد، ستانفورد، أوكسفورد ومع المكتبة العامة في نيويورك لرقمنة الكتب التي بحوزتها وإتاحتها للناس عبر خدمة Google Print، وهو مشروع مسح ضوئي عملاق من شأنه إدخال ملايين المجلدات من الكتب المطبوعة في قاعدة بيانات. أنقر على عنوان الكتاب وستجد الصفحة التي تتضمن عبارة البحث التي استعملتها، كما بإمكانك البحث عن المزيد من المعلومات ضمن ذلك الكتاب تحديداً، والعثور على تنقيحات ومراجعات أو بيانات أخرى ذات صلة، والتعرف على جهة النشر، وكذلك شراء الكتاب والعثور على مكتبات قريبة تبيعه.</search_description>
			<url>http://print.google.com</url>
			<search_url>http://print.google.com/print?q={$formKeywords}</search_url>
			
		</search>
		<search>
			<search_title>صفحة الكتب على الإنترنت</search_title>
			<search_description>صفحة الكتب على الإنترنت، المحررة من قبل John Mark Ockerbloom من جامعة بنسلفانيا. هذه نقطة بداية ممتازة عند البحث عن النصوص الكاملة للكتب عبر الإنترنت. أكثر من 20 ألف عمل باللغة الإنجليزية بصيغ مختلفة متاح على الإنترنت عبر عدة مواقع. يمكن البحث فيه عبر العنوان أو المؤلف. لديه ميزة مثيرة للاهتمام حيث يسمح بالتصفح عبر أرقام فئات مكتبة الكونغرس. تُضاف له قوائم جديدة دورياً وهي مفروزة في صفحة مستقلة على الرابط &lt;a href=&quot;http://onlinebooks.library.upenn.edu/new.html&quot;&gt;http://onlinebooks.library.upenn.edu/new.html&lt;/a&gt;.</search_description>
			<url>http://digital.library.upenn.edu/books/</url>
			<search_url>http://onlinebooks.library.upenn.edu/webbin/book/search?tmode=words&amp;title={$formKeywords}</search_url>
			
		</search>
		<search>
			<search_title>Books-On-Line</search_title>
			<search_description>تجمُّع من أكثر من 32935 عنوان، رغم أن بعضها مقتطفات فقط. التصفح يكون عبر الموضوع أو البحث عبر المؤلف أو العنوان. ليست جميع المؤلفات مجانية.</search_description>
			<url>http://www.books-on-line.com/</url>
			<search_url>http://www.books-on-line.com/bol/KeyWordSearch.cfm?RowCount=50&amp;Searchquery={$formKeywords}</search_url>
			
		</search>
		<search>
			<search_title>المكتبة العالمية</search_title>
			<search_description>المكتبة العالمية تعتبر الأكثر تعمقاً والأكثر طموحاً. إنها تكدس مجموعة من نحو مئة ألف كتاب ألكتروني (بعضها من مشروع غوتنبرغ)، وهي تهدف إلى وصول مليون كتاب الكتروني في نهاية عام 2006.</search_description>
			<url>http://tera-3.ul.cs.cmu.edu/</url>
			<search_url>http://tera-3.ul.cs.cmu.edu/cgi-bin/DBscripts/advsearch_db.cgi?perPage=25&amp;listStart=0&amp;author1=&amp;subject1=Any&amp;year1=&amp;year2=&amp;language1=Any&amp;scentre=Any&amp;search=Search&amp;title1={$formKeywords}</search_url>
			
		</search>
	</context>
	<context>
		<context_title>البحث عن المصطلحات</context_title>
		<context_abbrev>البحث عن المصطلحات</context_abbrev>
		<context_description>أنقر نقراً مزدوجاً على أي كلمة في النص وستظهر في صندوق &quot;تعريف المصطلحات&quot;. بإمكانك أيضاً طباعة الكلمات أو لصقها فيه. ثم استعمل وظيفة البحث للعثور على تعريف للكلمة. تم اختيار هذه الموارد كونها ذات صلة ومجانية، إذ تتيح الوصول لكل أو بعض محتواها مجاناً.</context_description>
		<define_terms />
		<search>
			<search_title>Google</search_title>
			<search_description>البحث عن تعاريف باستعمال محرك البحث الشائع.</search_description>
			<url>http://www.google.com/</url>
			<search_url>http://www.google.com/search?hl=en&amp;q=define%3A{$formKeywords}</search_url>
			
		</search>
		<search>
			<search_title>قاموس الإنترنت في العلوم الاجتماعية</search_title>
			<search_description>قاموس الإنترنت في العلوم الاجتماعية هو قاموس قابل للبحث يتضمن مصطلحات شائعة الاستعمال في العلوم الاجتماعية. تم تسهيل البحث عبر الكلمات المفتاحية والجمل.</search_description>
			<url>http://bitbucket.icaap.org/</url>
			<search_url>http://bitbucket.icaap.org/dict.pl?definition={$formKeywords}</search_url>
			
		</search>
		<search>
			<search_title>Merriam-Webster Online</search_title>
			<search_description>قاموس مؤسس على الطبعة العاشرة لكلية Webster، 1993، مع تحديثات تضاف له سنوياً. فيه أكثر من 160 ألف مدخل. كل كلمة يرافقها تعريفها ولفظها واستعمالاتها ومحدداتها القواعدية وتحليل موجز لأصلها. عند الإدخال الإملائي الخاطئ يقترح الموقع التصحيح. نظام البحث الداخلي فيه يدعم الحروف البديلة والبحث عبر استقطاع الجزء الأيمن من الكلمة. يتضمن دليل لفظي موسع وملفات صوتية للكثير من المصطلحات.</search_description>
			<url>http://www.merriam-webster.com/</url>
			<search_url>http://www.merriam-webster.com/cgi-bin/dictionary?book=Dictionary&amp;va={$formKeywords}</search_url>
			
		</search>
		<search>
			<search_title>قواميس OneLook</search_title>
			<search_description>هو قاموس يبحث في البيانات الوصفية للقواميس الأخرى. أدخل كلمة إنجليزية أو اختصاراً، وسيقوم بالبحث عن فهارسها ضمن 5292362 كلمة في 934 قاموس مفهرس ما بين عام ومتخصص.</search_description>
			<url>http://www.onelook.com/index.html</url>
			<search_url>http://www.onelook.com/?ls=a&amp;w={$formKeywords}</search_url>
			
		</search>
		<search>
			<search_title>Wikipedia: The Free Encyclopedia</search_title>
			<search_description>&quot;هي موسوعة مجانية ساهم المشاركون من أنحاء العالم في كتابتها. معنى تسمية الموقع أن أي شخص بإمكانه تعديل أي مقال&quot;. بدون إشراف لهيئة تحرير، لذلك فإن رصانة المحتوى المنشور على الموقع متباين بشكل هائل، لكنه جدير بالمعاينة. النسخة الإنجليزية تضم مئات الآلاف من المداخل. كما أنه يقدم نسخ أخرى بالفرنسية والإسبانية ولغات أخرى أيضاً.</search_description>
			<url>http://en.wikipedia.org/wiki/Main_Page</url>
			<search_url>http://en.wikipedia.org/wiki/Special:Search?go=Go&amp;fulltext=Search&amp;search={$formKeywords}</search_url>
			
		</search>
		<search>
			<search_title>Infoplease.com</search_title>
			<search_description>هذا الموقع يتضمن محتوى Information Please Almanacs، وهي قاعدة بيانات للترجمة الذاتية أو السيرة، وقاموس، وأطلس ومقالات من موسوعة كولومبيا. يمكنك البحث في هذه المراجع الجاهزة ككل أو بشكل منفصل أو تصفح الموقع. هناك قصص مميزة كل أسبوع تغطي مواضيع خبرية، مع روابط وثيقة الصلة بمحتوى الموقع وموارد أخرى في الإنترنت.</search_description>
			<url>http://www.infoplease.com</url>
			<search_url>http://www.infoplease.com/search?fr=iptn&amp;in=all&amp;x=0&amp;y=0&amp;query={$formKeywords}</search_url>
			
		</search>
	</context>
	<context>
		<context_title>دراسات ذات صلة</context_title>
		<context_abbrev>دراسات ذات صلة</context_abbrev>
		<context_description>الوصول إلى دراسات مماثلة عبر تأسيس رابط إلى قاعدة بيانات مفتوحة (مجانية)، مع ملخصات و/أو نصوص كاملة متعلقة بموضوعك.</context_description>

		<search>
			<search_title>مكتبة الشركة</search_title>
			<search_description>الهدف منه أن يعمل كمستودع مركزي للبحوث، الدراسات، والتفكير الانتقادي المتعلق بطبيعة الشركة الحديثة عالمياً، مع تركيز خاص في حوكمة الشراكة والعلاقة بين: إدارة الشركة، مجالسها، ومساهميها. استعمل هذا الموقع للحصول على السير الذاتية للشركات في الفهرس الهائل S&amp;P 1500. الاطلاع على ميزات متعددة للتعرف على مؤشرات مناظرة (مثل: اسم الشركة، العمر، مشاكل الحضور، أعداد الحصص الموزعة... إلخ.). هذا الموقع يضم أيضاً تقارير بحثية في اتجاهات حوكمة الشركات.</search_description>
			<url>http://www.thecorporatelibrary.com/</url>
			<search_url>http://thecorporatelibrary.master.com/texis/master/search/?s=SS&amp;q={$formKeywords}</search_url>
			
		</search>
		<search>
			<search_title>العثور على مقالات</search_title>
			<search_description>يقدم إقتباسات، ملخصات، ونصوص كاملة لمقالات من أكثر من 300 مجلة وصحيفة في مواضيع، مثل: الأعمال، الصحة، المجتمع، البيئة، والرياضة.</search_description>
			<url>http://www.findarticles.com/PI/index.jhtml</url>
			<search_url>http://www.findarticles.com/cf_0/PI/search.jhtml?magR=all+magazines&amp;key={$formKeywords}</search_url>
			
		</search>
		<search>
			<search_title>Intute: العلوم الاجتماعية</search_title>
			<search_description>هي خدمة مجانية على الإنترنت تزودك بأفضل موارد التعليم والبحث العلمي، مقيمة ومختارة من قبل شبكة من المتخصصين في تلك المواضيع.</search_description>
			<url>http://www.intute.ac.uk/socialsciences//</url>
			<search_url>http://www.intute.ac.uk/socialsciences/cgi-bin/search.pl?submit.x=0&amp;submit.y=0&amp;submit=Go&amp;limit=0&amp;subject=socialsciences&amp;term1={$formKeywords}</search_url>
			
		</search>
	</context>
	<context>
		<context_title>مداخل ذات صلة</context_title>
		<context_abbrev>مداخل ذات صلة</context_abbrev>
		<context_description>يقدم مدخلاً لمواقع أخرى.</context_description>

		<search>
			<search_title>Brint.com</search_title>
			<search_description>مدخل معلومات شاملة مع أخبار، تحليلات، وروابط تتعلق بالأعمال، التجارة، الاقتصاد، تقنيات المعلومات، ومصادر المعلومات.</search_description>
			<url>http://www.brint.com/</url>
			<search_url>http://portal.brint.com/cgi-bin/cgsearch/cgsearch.cgi?query={$formKeywords}</search_url>
			
		</search>
		<search>
			<search_title>SMEALSearch</search_title>
			<search_description>هي مكتبة رقمية عمودية متاحة للعامة ومحرك بحث، مستضافة من قبل كلية الأعمال الحكومية في Penn Smeal والتي تركز على وثائق الأعمال الأكاديمية. محرك البحث SmealSearch يمشط الشبكة العنكبوتية ويحصد ويفهرس المستندات الأكاديمية الخاص بإدارة الأعمال. إنه مستند إلى محرك علم المعلومات المحوسبة المسمى CiteSeer، المطور أساساً في مؤسسة أبحاث NEC من قبل Kurt BollackerK، Lee Giles و Steve Lawrence. يقوم محرك البحث بتمشيط مواقع الإنترنت المتعلقة بالأكاديميات، التجارة، المؤسسات البحثية، الوكالات الحكومية... إلخ. بحثاً عن الوثائق الأكاديمية في مجال الأعمال، بضمنها المقالات المنشورة، أوراق العمل، أوراق بيض، تقارير استشارية... إلخ. يقوم محرك البحث المذكور لبعض الوثائق بفهرسة وحفظ الروابط فقط. كما أنه ينشئ تحليلاً للاقتباسات لجميع المؤلفات العلمية المحصودة ويقوم بتقييمها اعتماداً على معدلات الاقتباس منها (أكثر المستندات اقتباساً منها تأتي أولاً) بشكل مشابه لتقييم CiteSeer وخدمة الباحث العلمي من Google .</search_description>
			<url>http://130.203.133.125/SMEALSearchAbout.html</url>
			<search_url>http://130.203.133.125/cs?submit=Search+Documents&amp;q={$formKeywords}</search_url>
			
		</search>
		<search>
			<search_title>Roubini مراقب اقتصاديات العالم (RGE)</search_title>
			<search_description>يتضمن تحليلاً اقتصادياً يومياً لبلدان معينة، ومعلومات عن الأسواق الصاعدة، الأسواق المالية، الأعمال المصرفية وغيرها من المواضيع. يتضمن محتوى أصلي فضلاً عن روابط لمصادر حكومية ومصادر أخبار. قابل للبحث.</search_description>
			<url>http://www.rgemonitor.com/</url>
			<search_url>http://www.rgemonitor.com/?option=com_content&amp;task=search&amp;kwd={$formKeywords}</search_url>
			
		</search>
	</context>
	<context>
		<context_title>Pay-per-view</context_title>
		<context_abbrev>Pay-per-view</context_abbrev>
		<context_description>هي خدمة مقدمة للذين ليس لهم حق الوصول المباشر لمقالات المجلات الالكترونية عبر الاشتراكات. هذه الخدمة تسمح للزبائن بالوصول المباشر لمقالة أو مؤلَّف معين عبر الدفع ببطاقات إئتمانية. بمجرد التحقق من تفاصيل الدفع آنياً، يمكن للمستخدم الحصول على ملف المقالة لمدة 30 يوم.</context_description>

		<search>
			<search_title>Ingenta</search_title>
			<search_description>هي تقيد الوصول إلى النص الكامل للمقالات العلمية، ورغم أن الحصول على تلك المؤلفات يكلف مالاً، إلا أن الموقع يمكن استعماله كفهرس مجاني لتلك المقالات والمؤلَّفات.</search_description>
			<url>http://www.ingenta.com/</url>
			<search_url>http://www.ingenta.com/isis/searching/Search/ingenta?database=1&amp;title={$formKeywords}</search_url>
			
		</search>
		<search>
			<search_title>ebrary</search_title>
			<search_description>الباحثون المستقلون الذين ليس لديهم وصول إلى قواعد بيانات ebrary عبر مكتباتهم، بإمكانهم الآن إنشاء حسابات منفردة بكلفة 5 دولارات فقط. موقع ebrary Discover يشمل عدة إختصاصات أكاديمية ويتيح الوصول بطريقة (أي وقت من أي مكان) لأكثر من 20 ألف عنوان مرخص من ضمنها: نصوص كاملة لكتب، أوراق موسيقية، تقارير... وغيرها من الوثائق المرخصة من أكثر من 175 ناشر رئيسي، مثل مطبعة جامعة كامبرج، Random House، Inc.، شركات McGraw-Hill... وغيرها.</search_description>
			<url>http://www.ebrary.com/corp/content.htm</url>
			<search_url>http://shop.ebrary.com/Top?layout=search&amp;f00=text&amp;p01=&amp;f01=subject&amp;d=journal&amp;l=en&amp;sch=%A0%A0%A0%A0%A0Search%A0%A0%A0%A0%A0&amp;frm=adv.x&amp;p00={$formKeywords}</search_url>
			
		</search>
		<search>
			<search_title>Questia</search_title>
			<search_description>تتيح الوصول لأكثر من 47 ألف كتاب و 375 ألف مقال في: مجلة وصحيفة وصحيفة إخبارية. كل الكتب والمقالات متاحة بشكل قابل للبحث في كل صفحة منها. كلفة الاشتراك تتراوح بين 19.05 دولار شهرياً إلى 119.95 دولار سنوياً.</search_description>
			<url>http://www.questia.com/</url>
			<search_url>http://www.questia.com/SM.qst?act=search&amp;keywordsSearchType=1000&amp;mediaType=book&amp;mediaType=journal&amp;mediaType=magazine&amp;mediaType=newspaper&amp;mediaType=encyclopedia&amp;mediaType=startpage&amp;keywords={$formKeywords}</search_url>
			
		</search>
		<search>
			<search_title>Wiley InterScience Pay-per-view Service</search_title>
			<search_description>توفر هذه الخدمة وصولاً مباشراً للنصوص الكاملة لمجموعة هائلة من مقالات المجلات العلمية أو فصول الكتب المتاحة في Wiley InterScience دون الحاجة إلى اشتراك. هذه الخدمة تسمح لأي شخص بشراء الحصول على مقالات المجلات أو فصول الكتب مباشرة عبر بطاقة الإئتمان. الوصول آني ومتاح لمدة 24 ساعة.</search_description>
			<url>http://www3.interscience.wiley.com/aboutus/ppv-articleselect.html</url>
			<search_url>http://www3.interscience.wiley.com/search/allsearch</search_url>
			<search_post>allContentSearchForm=&amp;mode=quicksearch&amp;WISindexid1=WISall&amp;WISsearch1={$formKeywords}</search_post>			
		</search>
	</context>
	<context>
		<context_title>الصحف الالكترونية</context_title>
		<context_abbrev>الصحف الالكترونية</context_abbrev>
		<context_description>يقدم نافذة منبثقة لإدخال اسم المجلة الالكترونية المجانية التي تقدم النص الكامل المتعلق بمجال تخصصك.</context_description>

		<search>
			<search_title>أسبوع الأعمال</search_title>
			<search_description>موقع أسبوع الأعمال يقدم النص الكامل لعدد الحالي، مع مقالات منتخبة من الإصدارات السابقة. هناك أيضاً أرشيف قابل للبحث يغطي ثلاث سنوات من المقالات المستقاة من المجلة المطبوعة، مع ذلك، يطالب بالدفع المالي للحصول على النص الكامل لها. مميزاته الأخرى تشمل أخبار محدثة في قسم الموجز اليومي وفي قسم BW Plus!، يقدم مقالات محفوظة ومحتوى إضافي في موضوعات مثل: صناعة الحاسبات، النساء في الأعمال، ومراجعات كتب الأعمال.</search_description>
			<url>http://www.businessweek.com/</url>
			<search_url>http://search.businessweek.com/search97cgi/s97_cgi?action=FilterSearch&amp;ServerKey=Primary&amp;filter=bwfilt.hts&amp;command=GetMenu&amp;ResultMaxDocs=500&amp;ResultCount=25&amp;resulttemplate=bwarchiv.hts&amp;querytext={$formKeywords}</search_url>
			
		</search>
		<search>
			<search_title>businesswire.com</search_title>
			<search_description>يقدم إصدارات صحافة الشركات، يمكن البحث فيه عبر: اسم الشركة، الصنعة، المنطقة، أو الكلمات المفتاحية والمفاهيم. كل من إصدارات تلك الشركات مقسم إلى: مواضيع، مكتسبات، تغييرات إدارية، إندماج شركات، منتجات... إلخ.</search_description>
			<url>http://www.businesswire.com/</url>
			<search_url>http://home.businesswire.com/portal/site/home/?epi_menuItemID=e23d7f2be635f4725e0fa455c6908a0c&amp;epi_menuID=887566059a3aedb6efaaa9e27a808a0c&amp;epi_baseMenuID=384979e8cc48c441ef0130f5c6908a0c&amp;searchHereRadio=false&amp;ndmHsc=v2*A0*J2*L1*N-1002313*Z{$formKeywords}</search_url>
			
		</search>
		<search>
			<search_title>Fortune</search_title>
			<search_description>موقع مجلة Fortune يقدم النص الكامل للمنشورات المطبوعة رجوعاً حتى أيلول 1995، مع روابط لمزايا خاصة مثل Fortune 500، أفضل مدن الأعمال، دليل المستثمرين وغير ذلك.</search_description>
			<url>http://www.fortune.com/fortune/</url>
			<search_url>http://search.money.cnn.com/pages/search.jsp?Coll=moneymag_xml&amp;QuerySubmit=true&amp;Page=1&amp;LastQuery=&amp;magazine=fort&amp;QueryText={$formKeywords}</search_url>
			
		</search>
		<search>
			<search_title>The McKinsey Quarterly</search_title>
			<search_description>هي مطبوع فريد منشور على الإنترنت من قبل شركة McKinsey، الاستشاري الأساسي عالمياً، وكان دوماً مصدراً موثوقاً للتفكير الاستراتيجي، مجريات أحداث الصناعة وتحليل حقيقي للأسواق.</search_description>
			<url>http://www.mckinseyquarterly.com/home.aspx</url>
			<search_url>http://www.mckinseyquarterly.com/search_result.aspx</search_url>
			<search_post>search_query={$formKeywords}</search_post>			
		</search>
		<search>
			<search_title>Inc.com</search_title>
			<search_description>هو موقع مجلة Inc.، يوفر النصح، الأدوات، والخدمات لمساعدة مالكي الأعمال والمدراء التنفيذيين في تشغيل وتنمية أعمالهم بنجاح أكبر. أرشيف الموقع يعود إلى عام 1988 وقابل للبحث بالكامل. يتميز الموقع أيضاً بالمنتجات، الخدمات وأدوات عملية على الإنترنت لكل مهمة عمل وإدارة.</search_description>
			<url>http://www.inc.com/home/</url>
			<search_url>http://www.inc.com/cgi-bin/finder.cgi?query={$formKeywords}</search_url>
			
		</search>
		<search>
			<search_title>مجلة تمويل الأعمال</search_title>
			<search_description>مجلة تجارية للمدراء الماليين. جوانب عملها تتضمن الموازنات وتقاريرها، إدارة الكلف، إدارة الأداء، إدارة المخاطر، الأعمال الالكترونية، التقنية والبرامجيات، والمزيد. يتضمن أيضاً أرشيف لمقالات كاملة، منشورات الكترونية، مراكز أجور، دليل الأحداث والتوريد، روابط إنترنت، تقارير بحثية، تقارير إخبارية الكترونية. يمكن للزوار المشاركة في مشاريع بحثية مسجلة لأعمال يتم تحديثها دورياً.</search_description>
			<url>http://www.businessfinancemag.com/</url>
			<search_url>http://www.businessfinancemag.com/site/search/search.cfm?site=BF&amp;qs={$formKeywords}</search_url>
			
		</search>
	</context>
	<context>
		<context_title>قواعد بيانات</context_title>
		<context_abbrev>قواعد بيانات</context_abbrev>
		<context_description>تتيح الوصول إلى ملخصات مجانية و/أو قواعد بيانات لنصوص كاملة.</context_description>

		<search>
			<search_title>قاعدة بيانات EDGAR المجانية لبيانات الشركات</search_title>
			<search_description>نظام EDGAR لجمع البيانات الالكترونية وتحليلها واسترجاعها، يقوم بجمع آلي لطلبات مقدمة من شركات، تقييمها، فهرستها، وتمريرها، وكذلك مع أيٍّ كان ممن يُلزمه القانون تعبئة نماذج مع هيئة الضمان المالي وتحويل العملة الأمريكية (SEC).</search_description>
			<url>http://sec.freeedgar.com/</url>
			<search_url>http://sec.freeedgar.com/resultsCompanies.asp?searchfrom=new&amp;searchtype=name&amp;x=27&amp;y=3&amp;searchvalue={$formKeywords}</search_url>
			
		</search>
		<search>
			<search_title>ThomasRegister</search_title>
			<search_description>وصول مجاني لأكثر من 168 ألف شركة؛ 68 ألف منتج وخدمة مفهرسة؛ الآلاف من فهارس الموردين عبر الإنترنت وروابط الإنترنت؛ أكثر من مليوني فقرة متاحة للطلب الآمن عبر الإنترنت، وأكثر من مليون تصميم معان بالحاسوب قابل للتنزيل </search_description>
			<url>http://www.thomasregister.com/</url>
			<search_url>http://www.thomasnet.com/prodsearch.html?cov=NA&amp;which=prod&amp;navsec=search&amp;what={$formKeywords}</search_url>
			
		</search>
		<search>
			<search_title>مستثمر Microsoft</search_title>
			<search_description>صفحة معلومات المستثمر من Microsoft المجانية، فيها روابط للمعلومات عن كل الشركات التي تشملها.</search_description>
			<url>http://moneycentral.msn.com/investor/home.asp</url>
			<search_url>http://moneycentral.msn.com/money.search?q={$formKeywords}</search_url>
			
		</search>
		<search>
			<search_title>BPubs.com</search_title>
			<search_description>محرك بحث لمنشورات الأعمال</search_description>
			<url>http://www.bpubs.com/</url>
			<search_url>http://www.bpubs.com/cgi/search.cgi?bool=or&amp;query={$formKeywords}</search_url>
			
		</search>
		<search>
			<search_title>Global Edge</search_title>
			<search_description>معلومات أعمال عالمية تتضمن معلومات رؤى الدول، مع روابط شاملة لمصادر بحثية.</search_description>
			<url>http://globaledge.msu.edu/ibrd/ibrd.asp</url>
			<search_url>http://globaledge.msu.edu/ibrd/busresmain.asp?search=1&amp;SearchTerms={$formKeywords}</search_url>
			
		</search>
		<search>
			<search_title>أسواق السندات المالية على الإنترنت</search_title>
			<search_description>رابطة أسواق السندات المالية لمحترفي تلك الأسواق، يوفر معلومات ومصادر تعليمية لهم، وهم الذين يقدمون الضمانات المالية ويتاجرون ويبيعون الضمانات المالية بالآجل. يتضمن: قضايا سياسية، دفاعات، أخبار، بحوث وإحصائيات لمحترفي السندات المالية ومستثمريها.</search_description>
			<url>http://www.bondmarkets.com/</url>
			<search_url>http://www.bondmarkets.com/search/search.pl?nocpp=1&amp;Match=1&amp;Realm=bondmarkets&amp;sort-method=1&amp;Terms={$formKeywords}</search_url>
			
		</search>
		<search>
			<search_title>TaxLinks</search_title>
			<search_description>رابط ومجمع بيانات يركز على دافعي الضرائب ومحترفيها. تكمن قوته في قواعد بياناته المجانية المستقاة من أحكام مدخولات الدولة من الضرائب IRS منذ عام 1960 وإجراءات الدخل الحكومي من الضرائب منذ 1995. يرتبط هذا الموقع مع مواقع الضرائب الأخرى. محتوى قواعد البيانات قد لا يكون كاملاً تماماً، لكنه مجاني وسهل الاستعمال من صفحته الأساسية.</search_description>
			<url>http://www.taxlinks.com/</url>
			<search_url>http://www.taxlinks.com/_vti_bin/shtml.dll/search.htm</search_url>
			<search_post>VTI-GROUP=0&amp;search={$formKeywords}</search_post>			
		</search>
		<search>
			<search_title>معلومات الشركات Hoover's Online!</search_title>
			<search_description>قواعد بيانات لعشرات الألوف من أكبر الشركات وأسرعها نمواً في الولايات المتحدة، سواءً الحكومية أم الأهلية. المعلومات المتوفرة تتضمن عناوين الشركات، عدد موظفيها، أفرادها الأساسيين، البيانات المالية، فقرات إخبارية، وروابط إنترنت منتخبة لمواقع الشركات، نماذج هيئة الضمان المالي وتحويل العملة، وأسعار الأسهم الحالية. بعض المعلومات تتطلب دفع رسوم للحصول عليها، لكن لا يخلو الموقع من محتوى متاح مجاناً.</search_description>
			<url>http://www.hoovers.com/free/?abforward=true</url>
			<search_url>http://www.hoovers.com/free/search/simple/xmillion/index.xhtml?page=1&amp;which=company&amp;query_string={$formKeywords}</search_url>
			
		</search>
	</context>
	<context>
		<context_title>منتديات الإنترنت</context_title>
		<context_abbrev>منتديات الإنترنت</context_abbrev>
		<context_description>إختر منتديات الإنترنت المفتوحة (المجانية) التي من شأنها أن تعزز الدراسات البحثية في موقعك.</context_description>

		<search>
			<search_title>H-Net العلوم الاجتماعية والإنسانية على الإنترنت</search_title>
			<search_description>يقدم معلومات ومصادر لكل المهتمين بالعلوم الاجتماعية والإنسانية.</search_description>
			<url>http://www.h-net.msu.edu/</url>
			<search_url>http://www.h-net.org/logsearch/index.cgi?type=keyword&amp;order=relevance&amp;list=All+lists&amp;hitlimit=25&amp;smonth=00&amp;syear=1989&amp;emonth=11&amp;eyear=2004&amp;phrase={$formKeywords}</search_url>
			
		</search>
		<search>
			<search_title>Intute: العلوم الاجتماعية - المؤتمرات والأحداث</search_title>
			<search_description>يتيح البحث عن المؤتمرات والأحداث المتعلقة بالعلوم الاجتماعية.</search_description>
			<url>http://www.intute.ac.uk/socialsciences/conferences.html</url>
			<search_url>http://www.intute.ac.uk/socialsciences/cgi-bin/conferences.pl?type=All+events&amp;subject=All%7CAll+subjects&amp;submit.x=0&amp;submit.y=0&amp;submit=Go&amp;term={$formKeywords}</search_url>
			
		</search>
		<search>
			<search_title>MInd: فهرس الاجتماعات</search_title>
			<search_description>استعمل هذا الفهرس للتعرف على الجهات المنظمة والراعية للاجتماعات القادمة وتحديد مواقعها، كذلك ما يخص المؤتمرات والندوات ومحاضرها (بالنسبة للمؤتمرات السابقة والمستقبلية).</search_description>
			<url>http://www.interdok.com/</url>
			<search_url>http://www.google.com/search?q=site%3Ainterdok.com+mind+{$formKeywords}</search_url>
			
		</search>
		<search>
			<search_title>TechCalendar</search_title>
			<search_description>هو دليل قابل للبحث والتصفح للأحداث مع أصناف، مثل: الإنترنت، الاتصالات، البرامجيات والخدمات، الأسواق العمودية، منصات الحاسوب، وصنعة الحاسبات.</search_description>
			<url>http://www.techweb.com/calendar/</url>
			<search_url>http://www.tsnn.com/partner/results/results_techweb.cfm?city=&amp;select=-1&amp;country=-1&amp;classid=0&amp;Month=-1&amp;subject={$formKeywords}</search_url>
			
		</search>
	</context>
	<context>
		<context_title>سياسة الدولة</context_title>
		<context_abbrev>سياسة الدولة</context_abbrev>
		<context_description>Access to Information and services gateway run by the Government of the United States and Canada.</context_description>

		<search>
			<search_title>مدخل لمعلومات وخدمات الحكومة الأسترالية</search_title>
			<search_description>يقدم وصول شامل ومتكامل لمعلومات وخدمات الحكومة الأسترالية. ستجد بنية مركزة لبيانات الحكومة الأسترالية في هذا الموقع. &lt;a href=&quot;http://www.australia.gov.au&quot;&gt;www.australia.gov.au&lt;/a&gt; حالياً يشتمل على إدراجات من أكثر من 700 موقع حكومي أسترالي وفهارس وأكثر من 5 ملايين صفحة، ويستعمل البيانات الوصفية والنصوص الكاملة لأغراض الفهرسة لضمان كونه مدخلاً حكومياً شاملاً.</search_description>
			<url>http://www.fed.gov.au</url>
			<search_url>http://govsearch.australia.gov.au/search/search.cgi?collection=gov&amp;form=au&amp;query=&amp;query_phrase=&amp;query_or=&amp;query_not=&amp;meta_f_sand=&amp;scope=&amp;fscope=512&amp;num_ranks=20&amp;chksummary=chksummary&amp;query_and={$formKeywords}</search_url>
			
		</search>
		<search>
			<search_title>منشورات الحكومة الكندية</search_title>
			<search_description>يوفر هذا الموقع نافذة واحدة للحصول على منشورات مجانية أو بثمن مرخصة من قبل الوزارات الكندية. قاعدة البيانات لا تضمن كل المنشورات المقدمة من جميع الوزارات. رغم ذلك تضم أكثر من 100 ألف منشور، وهذا العدد يزداد بواقع يومي حيث أن هذا الموقع يتعاون مع تلك الدوائر الحكومية.</search_description>
			<url>http://www.canada.gc.ca/main_e.html</url>
			<search_url>http://publications.gc.ca/control/quickPublicSearch?searchAction=2&amp;termValue={$formKeywords}</search_url>
			
		</search>
		<search>
			<search_title>Directgov</search_title>
			<search_description>هي خدمة حكومية تتيح للناس الوصول إلى طيف واسع من المعلومات العامة والخدمات وأحدثها، ضمن موقع واحد على الإنترنت وعلى التلفاز الرقمي. إنه يستعمل المواصفات المصاغة والمنصوص عليها عبر UK GovTalk.</search_description>
			<url>http://www.direct.gov.uk</url>
			<search_url>http://www.direct.gov.uk/AdvancedSearch/SearchResults/fs/en?NP=1&amp;PO1=C&amp;PI1=W&amp;PF1=A&amp;PG=1&amp;RP=20&amp;SC=__dgov_site&amp;Z=1&amp;PT1={$formKeywords}</search_url>
			
		</search>
		<search>
			<search_title>Info4local.gov.uk</search_title>
			<search_description>معلومات الحكومة المحلية من الحكومة المركزية. هذا الموقع يعطي السلطات المحلية طريقة سهلة وسريعة للعثور على البيانات عبر الإنترنت مما يخص وزارات الحكومة المركزية، الوكالات، والممثليات العامة. إنه يضم معلومات واسعة لتطبيق الحوكمة الالكترونية.</search_description>
			<url>http://www.info4local.gov.uk</url>
			<search_url>http://www.info4local.gov.uk/searchresults.asp?formname=frmAdvanced&amp;keywordstype=1&amp;month=&amp;year=&amp;pub=1&amp;news=1&amp;links=1&amp;allsubjects=1&amp;alldepts=1&amp;alldoctypes=1&amp;keywords={$formKeywords}</search_url>
			
		</search>
		<search>
			<search_title>مدخل الحكومة النيوزلندية</search_title>
			<search_description>هو موقع يتيح عمليات البحث مع روابط لمعلومات وخدمات آنية وغير آنية لمختلف الوكالات الحكومية. هذا الموقع يدار ويدام من قبل مفوضية خدمات الدولة، وهي إحدى الوزارات الحكومية.</search_description>
			<url>http://www.govt.nz</url>
			<search_url>http://www.govt.nz/search?type=spider&amp;t=spider&amp;q={$formKeywords}</search_url>
			
		</search>
		<search>
			<search_title>Europa</search_title>
			<search_description>المعلومات الحالية عن الدول الأعضاء في الاتحاد الأوربي، بضمنها بيانات إحصائية، سياسات، أخبار، وثائق رسمية، نصوص قانونية، ومنشورات أخرى.</search_description>
			<url>http://europa.eu.int/index_en.htm</url>
			<search_url>http://europa.eu.int/geninfo/query/engine/search/query.pl?action=FilterSearch&amp;filter=europaflt.hts&amp;Collection=fullEUROPA&amp;ResultTemplate=europarslt_ascii.hts&amp;ResultCount=25&amp;ResultMaxDocs=200&amp;DefaultLG=en&amp;ViewTemplate=europaview.hts&amp;QueryText={$formKeywords}</search_url>
			
		</search>
		<search>
			<search_title>شبكة المعلومات القانونية العالمية (GLIN)</search_title>
			<search_description>هي قاعدة بيانات للقوانين، التشريعات، القرارات القضائية، ومصادر قانونية تكميلية أخرى شاركت بها الوكالات الحكومية والمنظمات العالمية. أعضاء هذه الشبكة يساهمون بالنصوص الكاملة من الوثائق المنشورة لإدراجها في قاعدة البيانات وبلغاتها الأصلية. كل وثيقة يصاحبها موجز باللغة الإنجليزية وعبارات إصطلاحية منتخبة من الفهرس متعدد اللغات لقاعدة البيانات.</search_description>
			<url>http://www.glin.gov</url>
			<search_url>http://www.glin.gov/search.do?refineQuery=&amp;offset=0&amp;refineQueryType=&amp;fromSearch=true&amp;queryType=ALL&amp;searchBtn=Search&amp;includeAllFields=on&amp;searchAll=on&amp;sumLanguage=any&amp;pubLanguage=any&amp;pubJurisdiction=any&amp;publicationJurisdictionExclude=false&amp;searchPublicationDate=true&amp;dateFromDay=01&amp;dateFromMonth=01&amp;dateFromYear=&amp;dateToDay=01&amp;dateToMonth=01&amp;dateToYear=&amp;subjTerm=&amp;subjTermConjunction%5B0%5D=AND&amp;subjTerm=&amp;subjTermConjunction%5B1%5D=AND&amp;subjTerm=&amp;subjTermConjunction%5B2%5D=AND&amp;subjTerm=&amp;subjTermConjunction%5B3%5D=AND&amp;subjTerm=&amp;searchOrder=default&amp;hitsPerPage=10&amp;showSummary=on&amp;queryString={$formKeywords}</search_url>
			
		</search>
		<search>
			<search_title>Business.gov</search_title>
			<search_description>هو دليل مصادر على الإنترنت مصمم لتقديم معلومات قانونية وتشريعية للأعمال الصغيرة في أمريكا. يمكن للمقاولين استعمال هذه البوابة للحصول على معلومات الولاية ومعلومات فيدرالية ومحلية ليتمكنوا من تحديد مشاكلهم بسهولة والعثور على حلول في مواضيع تتراوح بين قوانين الدعاية الفيدرالية إلى رموز المناطق المحلية. إضافة إلى: المقالات المساعدة، الدلائل التفاعلية، القدرة على إجراء الحوالات على الإنترنت، فإن الموقع أيضاً يربط المستخدمين بمصادر مساعدة شخصية من: موظفين حكوميين، محامين، مستشارين قانونيين في مناطقهم المحلية.</search_description>
			<url>http://www.business.gov/</url>
			<search_url>http://www.business.gov:80/appmanager/bg/main?_nfpb=true&amp;_windowLabel=T209963971174660224846&amp;_urlType=action&amp;_pageLabel=bg_page_home&amp;siteId=&amp;view=search=fromSearchBox=1&amp;numHitsPerPage=10&amp;query={$formKeywords}</search_url>
			
		</search>
		<search>
			<search_title>منظمة التعاون الاقتصادي والتطوير</search_title>
			<search_description>إن مجموعة OECD تضم 30 دولة عضو، تتشارك إلتزاماً بالحكم الديمقراطية واقتصاد السوق. مع روابط فاعلة من 70 دولة أخرى، والمجتمع المدني، لديها امتداد عالمي. معروفة عبر منشوراتها وإحصائياتها. عملها يغطي القضايا الاقتصادية والاجتماعية بدءً من الاقتصاديات النامية، وحتى التجارة، التعليم، التطوير، العلوم والاختراعات.</search_description>
			<url>http://www.oecd.org/</url>
			<search_url>http://www.oecd.org/searchResult/0,2665,en_2649_201185_1_1_1_1_1,00.html?fpSearchExact=3&amp;fpSearchText={$formKeywords}</search_url>
			
		</search>
		<search>
			<search_title>معلومات التجارة الالكترونية من الاتحاد الأوربي</search_title>
			<search_description>إحصائيات، أبحاث، وقوائم مناقشة.</search_description>
			<url>http://europa.eu.int/information_society/ecowor/ebusiness/index_en.htm</url>
			<search_url>http://europa.eu.int/geninfo/query/engine/search/query.pl?action=FilterSearch&amp;filter=europaflt.hts&amp;collection=fullEUROPA&amp;ResultTemplate=europarslt_ascii.hts&amp;ResultCount=25&amp;ResultMaxDocs=200&amp;DefaultLG=en&amp;ViewTemplate=europaview.hts&amp;QueryText={$formKeywords}</search_url>
			
		</search>
		<search>
			<search_title>دراسات دولية: سلسلة كتيب المناطق</search_title>
			<search_description>من مكتبة الكونغرس، يقدم هذا الموقع معلومات شاملة عن البلدان الأجنبية. سلسلة دراسات الدول تقدم وصفاً وتحليلاً عن: الخلفية التأريخية، الأنظمة الاجتماعية، الاقتصادية، السياسية للدول ومؤسساتها عبر العالم.</search_description>
			<url>http://lcweb2.loc.gov/frd/cs/cshome.html</url>
			<search_url>http://search.loc.gov:8765/query.html?col=loc&amp;qp=url%3A%2Frr%2Ffrd%2F&amp;submit.x=11&amp;submit.y=9&amp;qt={$formKeywords}</search_url>
			
		</search>
		<search>
			<search_title>Strategis</search_title>
			<search_description>تم تطوير هذا الموقع بواسطة Industry Canada وهو يقدم قاعدة بيانات قابلة للبحث للشركات الكندية، معلومات الشركات في كل قطاع، قائمة للخدمات الداعمة للأعمال، ودليل إلى قوانين الأعمال وتشريعاتها. بيانات التجارة على الإنترنت تزود المستخدم ببيانات التجارة الكندية والأمريكية.</search_description>
			<url>http://strategis.ic.gc.ca/engdoc/main.html</url>
			<search_url>http://strategis.ic.gc.ca/cio/search-recherche/search.do?language=eng&amp;V_SEARCH.command=search&amp;searchCriteriaArray%28V_SEARCH__returnedField%29=dc.date.modified&amp;searchCriteriaArray%28V_SEARCH__returnedField%29=site_product_code&amp;searchCriteriaArray%28V_SEARCH__returnedField%29=dc.description&amp;searchCriteriaArray%28V_SEARCH__returnedField%29=description&amp;searchCriteriaArray%28V_SEARCH__returnedField%29=dc.type&amp;searchCriteriaArray%28V_SEARCH__returnedField%29=dc.creator&amp;searchCriteriaArray%28V_SEARCH__returnedField%29=vdksummary&amp;searchCriteria%28V_SEARCH__charMap%29=8859&amp;searchCriteria%28V_SEARCH__resultsJSP%29=%2FsiteResults.do&amp;searchCriteria%28V_SEARCH__customSearchJSP%29=%2FcustomSearch.do&amp;searchCriteria%28V_SEARCH__documentJSP%29=%2Fdocument.do&amp;searchCriteria%28V_SEARCH__locale%29=en_CA&amp;searchCriteria%28V_SEARCH__baseURL%29=search.do&amp;searchCriteria%28V_CUSTOM__searchWithin%29=false&amp;searchCriteria%28V_CUSTOM__collection%29=industry&amp;searchCriteria%28V_CUSTOM__details%29=show&amp;searchCriteria%28V_SEARCH__sortSpec%29=score+desc&amp;searchCriteria%28V_CUSTOM__operator%29=AND&amp;searchCriteria%28V_CUSTOM__column%29=FULLTEXT&amp;searchCriteria%28V_CUSTOM__userInput%29={$formKeywords}</search_url>
			
		</search>
		<search>
			<search_title>FirstGov</search_title>
			<search_description>FirstGov (الحكومة الأمريكية الفيدرالية) هي شراكة عامة - خاصة، تدار من قبل مجلس وكالة مزدوج.</search_description>
			<url>http://www.firstgov.gov/</url>
			<search_url>http://www.firstgov.gov/fgsearch/index.jsp?db=www-fed-all&amp;st=AS&amp;ms0=should&amp;mt0=all&amp;rn=2&amp;parsed=true&amp;x=5&amp;y=16&amp;mw0={$formKeywords}</search_url>
			
		</search>
		<search>
			<search_title>مواقع كندا</search_title>
			<search_description>بمثابة بوابة للمعلومات والخدمات تديرها حكومة كندا وكل من محافظاتها.</search_description>
			<url>http://www.canada.gc.ca/main_e.html</url>
			<search_url>http://search-recherche.gc.ca/cgi-bin/query?mss=canada%2Fen%2Fsimple.html&amp;enc=iso88591&amp;pg=q&amp;kl=en&amp;site=main&amp;q={$formKeywords}</search_url>
			
		</search>
		<search>
			<search_title>THOMAS: معلومات تشريعية على الإنترنت</search_title>
			<search_description>عبر هذا الموقع، تقدم مكتبة الكونغرس نصوص الوثائق التشريعية في كونغرس الولايات المتحدة، النص الكامل للسجلات في الكونغرس، البيت الأبيض، تقارير مجلس الشيوخ ووثائق تأريخية.</search_description>
			<url>http://thomas.loc.gov/</url>
			<search_url>http://thomas.loc.gov/cgi-bin/thomas</search_url>
			<search_post>congress=109&amp;database=text&amp;MaxDocs=1000&amp;querytype=phrase&amp;Search=SEARCH&amp;query={$formKeywords}</search_post>			
		</search>
	</context>
	<context>
		<context_title>تقارير وسائل الإعلام</context_title>
		<context_abbrev>تقارير وسائل الإعلام</context_abbrev>
		<context_description>الشروع مباشرة بعملية بحث استناداً إلى موضوع المقالة أو الورقة التي تربط المستخدم بالمحتوى المجاني والمقالات المحفوظة في ذلك الحقل من الصحف الرئيسية حول العالم.</context_description>

		<search>
			<search_title>أخبار Google</search_title>
			<search_description>البحث في التقارير الخبرية باستعمال محرك البحث الشائع ضمن خدمة أخبار Google.</search_description>
			<url>http://news.google.com/</url>
			<search_url>http://news.google.com/news?hl=en&amp;q={$formKeywords}</search_url>
			
		</search>
		<search>
			<search_title>Businesswire</search_title>
			<search_description>يقدم إصدارات صحافة الشركات، يمكن البحث فيه عبر: اسم الشركة، الصنعة، المنطقة، أو الكلمات المفتاحية والمفاهيم. كل من إصدارات تلك الشركات مقسم إلى: مواضيع، مكتسبات، تغييرات إدارية، إندماج شركات، منتجات... إلخ..</search_description>
			<url>http://www.businesswire.com/</url>
			<search_url>http://home.businesswire.com/portal/site/home/?epi_menuItemID=e23d7f2be635f4725e0fa455c6908a0c&amp;epi_menuID=887566059a3aedb6efaaa9e27a808a0c&amp;epi_baseMenuID=384979e8cc48c441ef0130f5c6908a0c&amp;searchHereRadio=false&amp;ndmHsc=v2*A0*J2*L1*N-1002313*Z{$formKeywords}</search_url>
			
		</search>
		<search>
			<search_title>العالم والبريد</search_title>
			<search_description>العالم والبريد، تورنتو (آخر سبعة أيام)</search_description>
			<url>http://www.globeandmail.com/</url>
			<search_url>http://www.globeandmail.com/servlet/HTMLTemplate/search?tf=tgam/search/tgam/SearchResults.html&amp;cf=tgam/search/tgam/SearchResults.cfg&amp;current_row=1&amp;start_row=1&amp;num_rows=10&amp;keywords={$formKeywords}</search_url>
			
		</search>
		<search>
			<search_title>البريد وصحيفة الغارديان</search_title>
			<search_description>البريد وصحيفة الغارديان، جنوب أفريقيا (1994-)</search_description>
			<url>http://www.mg.co.za/</url>
			<search_url>http://www.mg.co.za/mg_search_results.aspx?PrintEdition=PrintEdition&amp;DailyNews=DailyNews&amp;SearchSection=&amp;StartDay=&amp;StartMonth=&amp;StartYear=&amp;EndDay=&amp;EndMonth=&amp;EndYear=&amp;keywords={$formKeywords}</search_url>
			
		</search>
		<search>
			<search_title>يوميات الشعب</search_title>
			<search_description>يوميات الشعب، الصين (كانون الثاني 1999 -)</search_description>
			<url>http://english.peopledaily.com.cn/</url>
			<search_url>http://search.people.com.cn/was40/people/GB/english_index.jsp?type=1&amp;channel=&amp;Content=&amp;searchword={$formKeywords}</search_url>
			
		</search>
		<search>
			<search_title>الإذاعة الوطنية الشعبية</search_title>
			<search_description>الإذاعة الوطنية الشعبية، الولايات المتحدة (غير محدودة)</search_description>
			<url>http://www.npr.org/archives/</url>
			<search_url>http://www.npr.org/search.php?text={$formKeywords}</search_url>
			
		</search>
		<search>
			<search_title>صحيفة نيويورك تايمز</search_title>
			<search_description>صحيفة نيويورك تايمز، نيويورك (آخر سبعة أيام)</search_description>
			<url>http://www.nytimes.com/</url>
			<search_url>http://query.nytimes.com/search/query?date=site1week&amp;submit.x=1&amp;submit.y=9&amp;query={$formKeywords}</search_url>
			
		</search>
		<search>
			<search_title>صحيفة اليابان تايمز على الإنترنت</search_title>
			<search_description>صحيفة اليابان تايمز على الإنترنت، اليابان (كانون الثاني 1999-)</search_description>
			<url>http://www.japantimes.co.jp/</url>
			<search_url>http://www.google.co.jp/custom?domains=japantimes.co.jp&amp;client=pub-4223870936880387&amp;forid=1&amp;ie=Shift_JIS&amp;oe=Shift_JIS&amp;term1=&amp;cof=GALT%3A%23008000%3BGL%3A1%3BDIV%3A%23336699%3BVLC%3A663399%3BAH%3Acenter%3BBGC%3AFFFFFF%3BLBGC%3AFFFFFF%3BALC%3A0000FF%3BLC%3A0000FF%3BT%3A000000%3BGFNT%3A0000FF%3BGIMP%3A0000FF%3BLH%3A60%3BLW%3A200%3BL%3Ahttp%3A%2F%2Fwww.japantimes.co.jp%2Fimages%2Fheader_title.gif%3BS%3Ahttp%3A%2F%2Fwww.japantimes.co.jp%2F%3BFORID%3A1%3B&amp;hl=ja&amp;advancesearch=&amp;q={$formKeywords}</search_url>
			
		</search>
		<search>
			<search_title>صحيفة موسكو تايمز</search_title>
			<search_description>صحيفة موسكو تايمز، روسيا (1994-)</search_description>
			<url>http://www.moscowtimes.ru/doc/Search.html</url>
			<search_url>http://www.moscowtimes.ru/cgi-bin/search?config=&amp;exclude=&amp;method=and&amp;format=long&amp;sort=score&amp;matchesperpage=10&amp;words={$formKeywords}</search_url>
			
		</search>
		<search>
			<search_title>صحيفة واشنطن بوست</search_title>
			<search_description>صحيفة واشنطن بوست، واشنطن دي سي (آخر أسبوعين)</search_description>
			<url>http://www.washingtonpost.com/</url>
			<search_url>http://www.washingtonpost.com/cgi-bin/search99.pl?searchsection=news&amp;searchdatabase=news&amp;x=11&amp;y=8&amp;searchtext={$formKeywords}</search_url>
			
		</search>
		<search>
			<search_title>Newsdirectory</search_title>
			<search_description>هي دليل شامل قابل للبحث في وسائل الإعلام الناطقة باللغة الإنجليزية حول العالم. حالياً أكثر من ثمانية آلاف صحيفة ومجلة مدرجة فيه، فضلاً عن أكثر من ألف محطة تلفزيونية أمريكية.</search_description>
			<url>http://www.newsdirectory.com/</url>
			<search_url>http://www.newsdirectory.com/hbSearch.php</search_url>
			<search_post>s={$formKeywords}&amp; submit=Go</search_post>
			
		</search>
		<search>
			<search_title>CNN Finance</search_title>
			<search_description>عناوين الأخبار المالية وأخبار السوق، مواكب لما يحدث في عالم المال.</search_description>
			<url>http://cnnfn.com/</url>
			<search_url>http://search.money.cnn.com/pages/search.jsp?QueryText={$formKeywords}</search_url>
			
		</search>
		<search>
			<search_title>Nikkei منشورات الأعمال في آسيا</search_title>
			<search_description>BizTech في اليابان هو مصدر للتقنية وأخبار الأعمال من اليابان وآسيا مطور من قبل منشورات أعمال  Nikkei. يغطي آخر الأخبار والتقدم البحثي في: الاتصالات، الالكترونيات، الحاسبات في اليابان ودول آسيا الأخرى. فيه دليل لعناوين الاتصال التي تتعلق بالتقنيات والأعمال عبر آسيا، في مجال: الصناعة المصرفية، الاتصالات، معدات النقل، كما يوفر الموقع منفذاً للبيع.</search_description>
			<url>http://neasia.nikkeibp.com/</url>
			<search_url>http://neasia.nikkeibp.com/cgi-bin/search.pl?stype=&amp;lang=eng&amp;b=1&amp;t=1&amp;u=0&amp;alt=1&amp;l=0&amp;default=1&amp;d=0&amp;k=0&amp;au=0&amp;terms={$formKeywords}</search_url>
			
		</search>
	</context>
	<context>
		<context_title>البحث في الإنترنت</context_title>
		<context_abbrev>البحث في الإنترنت</context_abbrev>
		<context_description>أدخل عبارات البحث في موارد الإنترنت عبر محركات البحث المتنوعة.</context_description>

		<search>
			<search_title>Google</search_title>
			<search_description>البحث باستعمال محرك البحث الأشهر عالمياً.</search_description>
			<url>http://www.google.com/</url>
			<search_url>http://www.google.com/search?q={$formKeywords}</search_url>
			
		</search>
		<search>
			<search_title>الباحث العلمي من Google</search_title>
			<search_description>الباحث العلمي من Google يتيح عمليات البحث المتخصصة بالأعمال الأدبية العلمية، بضمنها الأوراق المحكمة، الأطاريح والرسائل، الكتب، الطبعات الأولية، الملخصات، والتقارير التقنية. المحتوى يشمل مدى من الناشرين والتجمعات العلمية التي لها اتفاقيات قائمة مع Google، مثل: رابطة المكائن الحاسوبية، IEEE، مكتبة  Open WorldCat لـ OCLC... إلخ. نتائج العرض ستُظهر نسخ تجاميع مختلفة، وتحليل للاقتباسات، وموقع المكتبة (حالياً كتب فقط).</search_description>
			<url>http://scholar.google.com</url>
			<search_url>http://scholar.google.com/scholar?ie=UTF-8&amp;oe=UTF-8&amp;hl=en&amp;q={$formKeywords}</search_url>
			
		</search>
		<search>
			<search_title>Clusty the Clustering Engine</search_title>
			<search_description>أداة البحث هذه المقدمة من Vivismo تقدم نتائج متشعبة لعمليات بحث منتخبة. البحث في البيانات الوصفية عبر الإنترنت بالكامل أو استعمال علامات التبويب للبحث في الأخبار، الإشاعات، الصور أو المنتجات عبر Bizrate أو eBay.</search_description>
			<url>http://clusty.com/about</url>
			<search_url>http://clusty.com/search?query={$formKeywords}</search_url>
			
		</search>
		<search>
			<search_title>Vivisimo</search_title>
			<search_description>تقنية Vivisimo المتشعبة الحائزة على جائزة، طورها علماء أبحاث في Carnegie Mellon، وهي تستثمر المعلومات المخزنة عند شركات Fortune 500، وأهم المواقع الالكترونية، والناشرين المعتبرين، والوكالات الحكومية عبر تصنيف نتائج البحث آنياً في قوائم مرتبة ذات معنى، وبهذا، التوصل إلى تحسين ثوري في الوصول إلى المعلومات ذات الصلة.</search_description>
			<url>http://vivisimo.com</url>
			<search_url>http://vivisimo.com/search?tb=homepage&amp;v%3Asources=Web&amp;query={$formKeywords}</search_url>
			
		</search>
	</context>
</version>
