<?xml version="1.0" encoding="UTF-8"?>
<!DOCTYPE version SYSTEM "../../lib/pkp/dtd/rtVersion.dtd">

<!--
  * Education.xml
  *
  * Copyright (c) 2013-2016 Simon Fraser University Library
  * Copyright (c) 2003-2016 John Willinsky
  * Distributed under the GNU GPL v2. For full terms see the file docs/COPYING.
  *
  * Reading Tools version: Education (ar_IQ)
  *
  -->

<version id="Education" locale="ar_IQ">
	<version_title>التعليم</version_title>
	<version_description>أدوات القراءة يمكنها مساعدة قراء هذه الدراسة في الرجوع إلى مدى واسع من الموارد ذات الصلة، التي بإمكانها أن تكون منطلقاً لترجمة الدراسة، أو الاقتباس منها أو تقييمها.</version_description>

	<context>
		<context_title>عمل المؤلف</context_title>
		<context_abbrev>أعمال الآخرين</context_abbrev>
		<context_description>حدد أعمال أخرى حسب مؤلفيها باستعمال محركات بحث OAI.</context_description>
		<author_terms />
		<search>
			<search_title>الباحث العلمي من Google</search_title>
			<search_description>الباحث العلمي من Google يتيح عمليات البحث المتخصصة بالأعمال الأدبية العلمية، بضمنها الأوراق المحكمة، الأطاريح والرسائل، الكتب، الطبعات الأولية، الملخصات، والتقارير التقنية. المحتوى يشمل مدى من الناشرين والتجمعات العلمية التي لها اتفاقيات قائمة مع Google، مثل: رابطة المكائن الحاسوبية، IEEE، مكتبة  Open WorldCat لـ OCLC... إلخ. نتائج العرض ستُظهر نسخ تجاميع مختلفة، وتحليل للاقتباسات، وموقع المكتبة (حالياً كتب فقط).</search_description>
			<url>http://scholar.google.com</url>
			<search_url>http://scholar.google.com/scholar?ie=UTF-8&amp;oe=UTF-8&amp;hl=eng&amp;as_sauthors={$formKeywords}</search_url>
			
		</search>
		<search>
			<search_title>OAIster (Open Archives Initiative research databases)</search_title>
			<search_description>OAIster هو مشروع لجامعة مشغان لخدمات إنتاج المكتبة الرقمية، ويوفر عملية البحث ضمن مجاميع موارد متنوعة في مؤسسات عديدة. هذه المؤسسات جعلت سجلات مواردها الرقمية متاحة مجاناً، وفريق المشروع جمعها ضمن خدمة OAIster.</search_description>
			<url>http://www.oaister.org/</url>
			<search_url>http://quod.lib.umich.edu/cgi/b/bib/bib-idx?type=boolean&amp;size=10&amp;rgn1=entire+record&amp;rgn2=entire+record&amp;rgn3=entire+record&amp;c=oaister&amp;sid=f4f5644c4d1d4282010da7f16b531fb9&amp;searchfield=Entire+Record&amp;op2=And&amp;searchfield=Entire+Record&amp;q2=&amp;op3=And&amp;searchfield=Entire+Record&amp;q3=&amp;op6=And&amp;rgn6=norm&amp;restype=all+types&amp;sort=title&amp;submit2=search&amp;q1={$formKeywords}</search_url>
			
		</search>
		<search>
			<search_title>SearchERIC</search_title>
			<search_description>أدوات للبحث في الملخصات والمستوعبات المنشأة من قبل نظام ERICSM.</search_description>
			<url>http://www.eric.ed.gov/</url>
			<search_url>http://www.google.com/custom?domains=www.eric.ed.gov&amp;sa=Google+Search&amp;sitesearch=www.eric.ed.gov&amp;q={$formKeywords}</search_url>
			
		</search>
		<search>
			<search_title>ERIC - مركز معلومات مصادر التعليم</search_title>
			<search_description>هو مكتبة رقمية على الإنترنت تخص أبحاث التعليم والمعلومات التي تتبناها مؤسسة العلوم التعليمية (IES) التابعة لوزارة التعليم في الحكومة الأمريكية. 

يتيح الوصول إلى سجلات تراجم من مجلات ومن غيرها، فيها أدبيات مفهرسة منذ عام 1966 حتى الوقت الراهن. 

هذه المجموعة تضم سجلات: اقتباسات، ملخصات، وغيرها من البيانات ذات الصلة لأكثر من 1.2 مليون فقرة مفهرسة منذ 1966، بضمنها: مقالات المجلات العلمية، الكتب، أطاريح وبحوث، أوراق مؤتمرات، تقارير تقنية، مع أوراق سياسات التعليم وما شابه ذلك.

حالياً، لديها فهرس لما يزيد عن 600 مجلة علمية، معظمها مفهرس بشكل شامل، بحيث أن كل مقالة في كل عدد مضمنة في الموقع. بعض المجلات مفهرسة بشكل إنتقائي، بحيث تم انتخاب المقالات المتعلقة بالتعليم فقط للفهرسة. 

فضلاً عن ذلك، أعطى المساهمون ERIC صلاحية عرض أكثر من 115 ألف مادة علمية بالنص الكامل بصيغة ملفات PDF بدون مقابل. هذه المواد عموماً جزء مما يسمى حاليا "الأدب الرمادي"، مثل: أوراق المؤتمرات والتقارير، بدلاً من مقالات المجلات والكتب. معظم المواد المنشورة عام 2004 وما بعده تتضمن روابط لمصادر أخرى، منها مواقع الناشرين في الإنترنت.</search_description>
			<url>http://eric.ed.gov/</url>
			<search_url>http://eric.ed.gov/ERICWebPortal/Home.portal?_nfpb=true&amp;ERICExtSearch_Operator_2=and&amp;ERICExtSearch_SearchType_0=au&amp;ERICExtSearch_SearchValue_2=&amp;ERICExtSearch_SearchValue_1=&amp;ERICExtSearch_Operator_1=and&amp;ERICExtSearch_SearchType_1=kw&amp;ERICExtSearch_PubDate_To=2006&amp;ERICExtSearch_SearchType_2=kw&amp;ERICExtSearch_SearchCount=2&amp;ERICExtSearch_PubDate_From=0&amp;_pageLabel=ERICSearchResult&amp;newSearch=true&amp;rnd=1137305171346&amp;searchtype=advanced&amp;ERICExtSearch_SearchValue_0={$formKeywords}</search_url>
			
		</search>
		<search>
			<search_title>حاصود المحفوظات المفتوحة لمشروع المعرفة العامة</search_title>
			<search_description>هو نظام فهرسة مجاني للبيانات الوصفية، مطور من قبل مشروع المعرفة العامة عبر جهود تمويله الفدرالية لتوسيع وتحسين الوصول إلى الأبحاث. وهو يتيح لك إنشاء فهرس قابل للبحث من البيانات الوصفية لمبادرة المحفوظات المفتوحة، مثل المواقع التي تعمل بنظام المجلات المفتوحة أو أنظمة المؤتمرات المفتوحة.</search_description>
			<url>http://pkp.sfu.ca/harvester/</url>
			<search_url>http://pkp.sfu.ca/harvester/search.php?limit=author&amp;query={$formKeywords}</search_url>
			
		</search>
		<search>
			<search_title>خط التعليم: نصوص الكترونية في التعليم والتدريب</search_title>
			<search_description>هو أرشيف الكتروني قابل للبحث من الأدب الرمادي (تقارير، مؤتمرات، أوراق عمل) وأدب ما قبل الطباعة في حقل التعليم والتدريب مقدم من قبل مؤشر التعليم البريطاني (BEI). تتيح قاعدة البيانات هذه الوصول إلى أكثر من ألف ورقة مقدمة إلى مؤتمرات بحثية بريطانية وفيما سواها. يوفر روابط لملفات أوراق قابلة للبحث من مؤتمرات تمت برعاية: رابطة أبحاث التعليم البريطانية، المؤتمر الأوربي في أبحاث التعليم، وغيرهما.</search_description>
			<url>http://www.leeds.ac.uk/educol/</url>
			<search_url>http://brs.leeds.ac.uk/cgi-bin/brs_engine?*ID=1&amp;*DB=BEID&amp;*PT=50&amp;*FT=BEID&amp;*HI=Y&amp;TITL=&amp;SUBJ=&amp;*SO=TITL&amp;SUBMIT_BUTTON=search%20button&amp;*QQ=&amp;AUTH={$formKeywords}</search_url>
			
		</search>
	</context>
	<context>
		<context_title>البحث عن المصطلحات</context_title>
		<context_abbrev>البحث عن المصطلحات</context_abbrev>
		<context_description>أنقر نقراً مزدوجاً على أي كلمة في النص وستظهر في صندوق &quot;تعريف المصطلحات&quot;. بإمكانك أيضاً طباعة الكلمات أو لصقها فيه. ثم استعمل وظيفة البحث للعثور على تعريف للكلمة. تم اختيار هذه الموارد كونها ذات صلة ومجانية، إذ تتيح الوصول لكل أو بعض محتواها مجاناً.</context_description>
		<define_terms />
		<search>
			<search_title>Google</search_title>
			<search_description>البحث عن تعاريف باستعمال محرك البحث الشائع.</search_description>
			<url>http://www.google.com/</url>
			<search_url>http://www.google.com/search?hl=en&amp;q=define%3A{$formKeywords}</search_url>
			
		</search>
		<search>
			<search_title>Merriam-Webster Online</search_title>
			<search_description>قاموس مؤسس على الطبعة العاشرة لكلية Webster، 1993، مع تحديثات تضاف له سنوياً. فيه أكثر من 160 ألف مدخل. كل كلمة يرافقها تعريفها ولفظها واستعمالاتها ومحدداتها القواعدية وتحليل موجز لأصلها. عند الإدخال الإملائي الخاطئ يقترح الموقع التصحيح. نظام البحث الداخلي فيه يدعم الحروف البديلة والبحث عبر استقطاع الجزء الأيمن من الكلمة. يتضمن دليل لفظي موسع وملفات صوتية للكثير من المصطلحات.</search_description>
			<url>http://www.merriam-webster.com/</url>
			<search_url>http://www.merriam-webster.com/cgi-bin/dictionary?book=Dictionary&amp;va={$formKeywords}</search_url>
			
		</search>
		<search>
			<search_title>قواميس OneLook</search_title>
			<search_description>هو قاموس يبحث في البيانات الوصفية للقواميس الأخرى. أدخل كلمة إنجليزية أو اختصاراً، وسيقوم بالبحث عن فهارسها ضمن 5292362 كلمة في 934 قاموس مفهرس ما بين عام ومتخصص.</search_description>
			<url>http://www.onelook.com/index.html</url>
			<search_url>http://www.onelook.com/?ls=a&amp;w={$formKeywords}</search_url>
			
		</search>
		<search>
			<search_title>Wikipedia: The Free Encyclopedia</search_title>
			<search_description>&quot;هي موسوعة مجانية ساهم المشاركون من أنحاء العالم في كتابتها. معنى تسمية الموقع أن أي شخص بإمكانه تعديل أي مقال&quot;. بدون إشراف لهيئة تحرير، لذلك فإن رصانة المحتوى المنشور على الموقع متباين بشكل هائل، لكنه جدير بالمعاينة. النسخة الإنجليزية تضم مئات الآلاف من المداخل. كما أنه يقدم نسخ أخرى بالفرنسية والإسبانية ولغات أخرى أيضاً.</search_description>
			<url>http://en.wikipedia.org/wiki/Main_Page</url>
			<search_url>http://en.wikipedia.org/wiki/Special:Search?go=Go&amp;fulltext=Search&amp;search={$formKeywords}</search_url>
			
		</search>
		<search>
			<search_title>Infoplease.com</search_title>
			<search_description>هذا الموقع يتضمن محتوى Information Please Almanacs، وهي قاعدة بيانات للترجمة الذاتية أو السيرة، وقاموس، وأطلس ومقالات من موسوعة كولومبيا. يمكنك البحث في هذه المراجع الجاهزة ككل أو بشكل منفصل أو تصفح الموقع. هناك قصص مميزة كل أسبوع تغطي مواضيع خبرية، مع روابط وثيقة الصلة بمحتوى الموقع وموارد أخرى في الإنترنت.</search_description>
			<url>http://www.infoplease.com</url>
			<search_url>http://www.infoplease.com/search?fr=iptn&amp;in=all&amp;x=0&amp;y=0&amp;query={$formKeywords}</search_url>
			
		</search>
	</context>
	<context>
		<context_title>عمليات البحث في الكتب</context_title>
		<context_abbrev>عمليات البحث في الكتب</context_abbrev>
		<context_description>مصادر تتعلق بالكتب</context_description>

		<search>
			<search_title>Google Print</search_title>
			<search_description>تعمل Google مع مكتبات جامعات: مشغان، هارفارد، ستانفورد، أوكسفورد ومع المكتبة العامة في نيويورك لرقمنة الكتب التي بحوزتها وإتاحتها للناس عبر خدمة Google Print، وهو مشروع مسح ضوئي عملاق من شأنه إدخال ملايين المجلدات من الكتب المطبوعة في قاعدة بيانات. أنقر على عنوان الكتاب وستجد الصفحة التي تتضمن عبارة البحث التي استعملتها، كما بإمكانك البحث عن المزيد من المعلومات ضمن ذلك الكتاب تحديداً، والعثور على تنقيحات ومراجعات أو بيانات أخرى ذات صلة، والتعرف على جهة النشر، وكذلك شراء الكتاب والعثور على مكتبات قريبة تبيعه.</search_description>
			<url>http://print.google.com</url>
			<search_url>http://print.google.com/print?q={$formKeywords}</search_url>
			
		</search>
		<search>
			<search_title>صفحة الكتب على الإنترنت</search_title>
			<search_description>صفحة الكتب على الإنترنت، المحررة من قبل John Mark Ockerbloom من جامعة بنسلفانيا. هذه نقطة بداية ممتازة عند البحث عن النصوص الكاملة للكتب عبر الإنترنت. أكثر من 20 ألف عمل باللغة الإنجليزية بصيغ مختلفة متاح على الإنترنت عبر عدة مواقع. يمكن البحث فيه عبر العنوان أو المؤلف. لديه ميزة مثيرة للاهتمام حيث يسمح بالتصفح عبر أرقام فئات مكتبة الكونغرس. تُضاف له قوائم جديدة دورياً وهي مفروزة في صفحة مستقلة على الرابط &lt;a href=&quot;http://onlinebooks.library.upenn.edu/new.html&quot;&gt;http://onlinebooks.library.upenn.edu/new.html&lt;/a&gt;.</search_description>
			<url>http://digital.library.upenn.edu/books/</url>
			<search_url>http://onlinebooks.library.upenn.edu/webbin/book/search?tmode=words&amp;title={$formKeywords}</search_url>
			
		</search>
		<search>
			<search_title>Books-On-Line</search_title>
			<search_description>تجمُّع من أكثر من 32935 عنوان، رغم أن بعضها مقتطفات فقط. التصفح يكون عبر الموضوع أو البحث عبر المؤلف أو العنوان. ليست جميع المؤلفات مجانية.</search_description>
			<url>http://www.books-on-line.com/</url>
			<search_url>http://67.118.51.201/bol/KeyWordSearch.cfm</search_url>
			<search_post>RowCount=50&amp;Searchquery={$formKeywords}</search_post>			
		</search>
		<search>
			<search_title>المكتبة العالمية</search_title>
			<search_description>المكتبة العالمية تعتبر الأكثر تعمقاً والأكثر طموحاً. إنها تكدس مجموعة من نحو مئة ألف كتاب ألكتروني (بعضها من مشروع غوتنبرغ)، وهي تهدف إلى وصول مليون كتاب الكتروني في نهاية عام 2006.</search_description>
			<url>http://tera-3.ul.cs.cmu.edu/</url>
			<search_url>http://tera-3.ul.cs.cmu.edu/cgi-bin/DBscripts/advsearch_db.cgi?perPage=25&amp;listStart=0&amp;author1=&amp;subject1=Any&amp;year1=&amp;year2=&amp;language1=Any&amp;scentre=Any&amp;search=Search&amp;title1={$formKeywords}</search_url>
			
		</search>
	</context>
	<context>
		<context_title>الصحف الالكترونية</context_title>
		<context_abbrev>الصحف الالكترونية</context_abbrev>
		<context_description>يقدم نافذة منبثقة لإدخال اسم المجلة الالكترونية المجانية التي تقدم النص الكامل المتعلق بمجال تخصصك.</context_description>

		<search>
			<search_title>مجلة تقدم النساء في القيادة</search_title>
			<search_description>تمثل أو مجلة علمية محكمة على الإنترنت تخص مجلة النساء في القيادة. تنشر المجلة نصوص تتعلق بتقارير، مؤلفات، مراجعات، تحليلات دراسية لاستبيانات تركز على قضايا المرأة.</search_description>
			<url>http://www.advancingwomen.com/awl/awl.html</url>
			<search_url>http://www.google.com/search?&amp;q=site%3Awww.advancingwomen.com+{$formKeywords}</search_url>
			
		</search>
		<search>
			<search_title>Educause Review [USA]</search_title>
			<search_description>هي مجلة عامة تصدر مرتين شهرياً تصدرها EDUCAUSE. تأخذ المجلة نظرة واسعة على التطورات الحالية والنزعات في تقنيات المعلومات وما يعنيه ذلك بالنسبة للتعليم العالي وكيف يؤثر على الجامعات والكليات بصورة عامة.</search_description>
			<url>http://www.educause.edu/apps/er/index.asp</url>
			<search_url>http://www.educause.edu/SearchResults/706?app=krc&amp;output=xml_no_dtd&amp;restrict=WWW_EDUCAUSE_EDU&amp;client=my_collection&amp;site=my_collection&amp;getfields=*&amp;filter=0&amp;opid=644&amp;app_section=&amp;submit=Search&amp;top_tax_id=&amp;PRIMARYPUBS=&amp;Control=&amp;CARNEGIE=&amp;FTE=&amp;q={$formKeywords}</search_url>
			
		</search>
		<search>
			<search_title>سجل كلية المعلمين</search_title>
			<search_description>مجلة محكمة تقدم مقالات بالنص الكامل منذ عام 1980 حتى الآن. مختارات موضوعية، مجموعات مناقشة، وتنقيحات كتب.</search_description>
			<url>http://www.tcrecord.org/About.asp</url>
			<search_url>http://www.tcrecord.org/search.asp?x=34&amp;y=18&amp;kw={$formKeywords}</search_url>
			
		</search>
		<search>
			<search_title>المجلة الأسترالية الالكترونية في تعليم التمريض</search_title>
			<search_description>هي ملتزمة بتحسين تجربة تعليم التمريض عبر عدة سياقات. المجلة ستكون وسيلة للممرضين لمشاركة الاكتشافات والرؤى والخبرات والنصائح للزملاء العاملين في كل جوانب العملية التعليمية.</search_description>
			<url>http://www.scu.edu.au/schools/nhcp/aejne/</url>
			<search_url>http://www.scu.edu.au/cgi/htsearch/?submit=Search&amp;method=boolean&amp;format=builtin-short&amp;words={$formKeywords}</search_url>
			
		</search>
		<search>
			<search_title>مجلة أبحاث ثنائية اللغة</search_title>
			<search_description>مجلة محكمة تعليمية تنشر بحوثاً عن التعليم الثنائي اللغة.</search_description>
			<url>http://brj.asu.edu/</url>
			<search_url>http://brj.asu.edu.master.com/texis/master/search/?s=SS&amp;notq=&amp;prox=&amp;sufs=0&amp;rorder=&amp;rprox=&amp;rdfreq=&amp;rwfreq=&amp;rlead=&amp;q={$formKeywords}</search_url>
			
		</search>
		<search>
			<search_title>القضايا الحالية في التعليم</search_title>
			<search_description>القضايا الحالية في التعليم المقارن هي مجلة على الإنترنت أساسها كلية المعلمين، جامعة كولومبيا، التي تنشر الأعمال التعليمية في عدة اختصاصات. هي تتحرى المساهمات الواضحة والمؤثرة في سياسات التعليم والدراسات المقارنة.</search_description>
			<url>http://cie.ed.asu.edu/</url>
			<search_url>http://www.google.com/search?q=site%3Acie.asu.edu+{$formKeywords}</search_url>
			
		</search>
		<search>
			<search_title>خط التعليم</search_title>
			<search_description>قاعدة بيانات مجانية للنصوص الكاملة من: تقارير، مؤتمرات، الأدب الالكتروني الذي يدعم أبحاث التعليم، سياساته، التدريب عليه.</search_description>
			<url>http://www.leeds.ac.uk/educol/</url>
			<search_url>http://brs.leeds.ac.uk/cgi-bin/brs_engine?*ID=1&amp;*DB=BEID&amp;*PT=50&amp;*FT=BEID&amp;*HI=Y&amp;TITL=&amp;AUTH=&amp;SUBJ=&amp;*SO=TITL&amp;SUBMIT_BUTTON=search%20button&amp;*QQ={$formKeywords}</search_url>
			
		</search>
		<search>
			<search_title>أرشيف تحليل سياسة التعليم</search_title>
			<search_description>مجلة علمية الكترونية محكمة تنشر في سياسة التعليم وتحليلاتها منذ 1993.</search_description>
			<url>http://epaa.asu.edu/</url>
			<search_url>http://epaa.asu.edu/cgi-bin/htsearch?method=boolean&amp;format=builtin-long&amp;sort=score&amp;config=epaa.asu.edu&amp;restrict=&amp;exclude=&amp;words={$formKeywords}</search_url>
			
		</search>
		<search>
			<search_title>رؤى التعليم: مجلة الكترونية في أبحاث طلبة الدراسات العليا</search_title>
			<search_description>هي فضاء مبتكر محرض على الإبداع والتجديد عبر الزج في حوارات تتعلق بالنصوص المبهجة والفضاءات المتخيلة لأصول التربية، التحقيق، والتخصصات الدقيقة لها. هدفنا هو تشجيع المجتمع الذي يرحب بالتعددية وتباين الآراء يتشاطر رؤية ما في مجال أصول التربية، التعليم، التحقيق كفضاءات للتحدي والنقاشات البناءة.</search_description>
			<url>http://ccfi.educ.ubc.ca/publication/insights/v09n02/us/index.html</url>
			<search_url>http://sitelevel.whatuseek.com/query.go?B1=Search&amp;crid=140f069465cde402&amp;query={$formKeywords}</search_url>
			
		</search>
		<search>
			<search_title>تقنيات التعليم والمجتمع</search_title>
			<search_description>تبحث عن المقالات الأكاديمية في القضايا المؤثرة على مطوري أنظمة التعليم والمعلمين الذي يطبقون ويديرون تلك النظمة.</search_description>
			<url>http://www.ifets.info/index.php?http://www.ifets.info/aim.php</url>
			<search_url>http://odysseus.ieee.org/query.html?col=wg&amp;qp=url%3Aifets.ieee.org%2Fperiodical&amp;qs=&amp;qc=wg&amp;ws=0&amp;qm=0&amp;st=1&amp;nh=25&amp;lk=1&amp;rf=0&amp;oq=&amp;rq=0&amp;qt={$formKeywords}</search_url>
			
		</search>
		<search>
			<search_title>أول إثنين</search_title>
			<search_description>هي واحدة من أول المجلات المحكمة على الإنترنت التي تقدم تحليل نقدي للإنترنت.</search_description>
			<url>http://www.firstmonday.org/idea.html</url>
			<search_url>http://www.firstmonday.org/fm.search?numdocs=20&amp;query={$formKeywords}</search_url>
			
		</search>
		<search>
			<search_title>المجلة العالمية في التعليم الهندسي</search_title>
			<search_description>توفر لمجتمع التعليم الهندسي العالمي منتدى للمناقشة وتبادل المعلومات التي تخص التعليم الهندسي والتدريب الصناعي في المرحلة الثالثة.</search_description>
			<url>http://www.eng.monash.edu.au/uicee/gjee/globalj.htm</url>
			<search_url>http://ultraseek.its.monash.edu.au/query.html?rq=0&amp;col=m0&amp;qp=&amp;qs=+AND+url%3Ahttp%3A%2F%2Fwww.eng.monash.edu.au%2Fuicee%2Fgjee&amp;qc=&amp;pw=100%25&amp;ws=1&amp;la=&amp;qm=0&amp;st=1&amp;nh=25&amp;lk=1&amp;rf=0&amp;oq=&amp;rq=0&amp;qt={$formKeywords}</search_url>
			
		</search>
		<search>
			<search_title>مجلة تعليم الهنود الأمريكيين</search_title>
			<search_description>هي مجلة تعليمية محكمة تنشر على الأخص ما يتعلق بتعليم الهنود الحمر وسكان ألاسكا. رغم أن تركيز المجلة ينصب على البحوث التطبيقية الأساسية، إلا أن النصوص البحثية ذات الطابع التوضيحي التي تقدم التحليل المنطقي أو الجانب التفسيري مقبولة للنشر أيضاً. هي مهتمة بالدرجة الأساس بنشر النصوص التي تعبر عن وجهة نظر سكان أمريكا الأصليين والأبحاث المنشأة أو الموجهة أو المترجمة من قبلهم.</search_description>
			<url>http://jaie.asu.edu/</url>
			<search_url>http://www.google.com/u/arizonastate?sa=Search&amp;domains=jaie.asu.edu&amp;sitesearch=jaie.asu.edu&amp;hq=inurl%3Ajaie.asu.edu&amp;q={$formKeywords}</search_url>
			
		</search>
		<search>
			<search_title>مجلة التعليم المهني والتقني</search_title>
			<search_description>هي مجلة محكمة غير ربحية للنشر الوطني من قبل Omicron Tau Theta، مجتمع التعليم المهني والتقني المحترم وطنياً.</search_description>
			<url>http://scholar.lib.vt.edu/ejournals/JVTE/</url>
			<search_url>http://scholar.lib.vt.edu:8765/query.html?rq=0&amp;qp=url%3Ahttp%3A%2F%2Fscholar.lib.vt.edu%2Fejournals%2F&amp;col=ejournal&amp;qp=&amp;qs=&amp;qc=&amp;pw=100%25&amp;ws=0&amp;la=&amp;qm=0&amp;st=1&amp;nh=10&amp;lk=1&amp;rf=0&amp;oq=&amp;rq=0&amp;qt={$formKeywords}</search_url>
			
		</search>
		<search>
			<search_title>Kairos: مجلة المعلمين للكتابة في بيئة الشبكة العنكبوتية</search_title>
			<search_description>هي مجلة محكمة على الإنترنت تستكشف العلاقة بين فن الخطابة والتقنية وأصول التربية.</search_description>
			<url>http://english.ttu.edu/kairos/</url>
			<search_url>http://www.google.com/u/Kairos?hq=inurl%3Aenglish.ttu.edu%2Fkairos&amp;btnG=Search+Kairos&amp;q={$formKeywords}</search_url>
			
		</search>
		<search>
			<search_title>اللغة والتعلم والتقنية</search_title>
			<search_description>Online journal devoted to technology and language education research for foreign and second language.</search_description>
			<url>http://llt.msu.edu/</url>
			<search_url>http://www.google.com/u/llt?q={$formKeywords}</search_url>
			
		</search>
		<search>
			<search_title>المجلة الطبية على الإنترنت: مجلة الكترونية</search_title>
			<search_description>هي منتدى لنشر المعلومات لتعليم الأطباء وغيرهم من ممتهني الحرف الصحية. النصوص البحثية في أي مجال يخص تدريب محترفي الصحة سيتم النظر فيها لغرض النشر بشكل الكتروني بعد إجراء التحكيم المناظر. إضافة لذلك توفر المجلة مستودع للأبحاث مثل: المناهج الجامعية، مجاميع البيانات، مناهج تعليمية، ومواد إرشادية يرغب مطوروها في إتاحتها لمجتمع الرعاية الصحية.</search_description>
			<url>http://www.med-ed-online.org/</url>
			<search_url>http://www.google.com/search?&amp;q=site%3Awww.med-ed-online.org+{$formKeywords}</search_url>
			
		</search>
		<search>
			<search_title>National CROSSTALK، المركز الوطني للسياسة العامة والتعليم العالي</search_title>
			<search_description>ينشر المركز the National CROSSTALK لتوفير تحليل ذو منحى إجرائي لسياسات الولايات والسياسة الفيدرالية المثرة في التعليم الجامعي.</search_description>
			<url>http://www.highereducation.org/crosstalk/index.html</url>
			<search_url>http://www.google.com/search?&amp;q=site%3Awww.highereducation.org%2Fcrosstalk%2F+{$formKeywords}</search_url>
			
		</search>
		<search>
			<search_title>فلسفة التعليم: الكتاب السنوي لفلسفة مجتمع التعليم</search_title>
			<search_description>مجموعات سنوية لبعض أفضل الأعمال في حقل فلسفة التعليم.</search_description>
			<url>http://www.ed.uiuc.edu/EPS/PES-Yearbook/</url>
			<search_url>http://www.googlesyndicatedsearch.com/u/pesyearbook?h1=en&amp;hq=inurl%3Awww.ed.uiuc.edu%2Feps%2Fpes-yearbook&amp;btnG=go&amp;q={$formKeywords}</search_url>
			
		</search>
		<search>
			<search_title>التقديرات العملية، بحث وتقييم</search_title>
			<search_description>هي مجلة على الإنترنت ينشرها edresearch.org وقسم التقييس والإحصاء والتقييم، جامعة ميريلاند، باحة الكلية. الهدف منه إتاحة وصول محترفي التعليم إلى البحوث العلمية المحكمة التي يمكن أن يكون لها وقع إيجابي على تقييم مهنة التعليم وأبحاثها، خصوصاً على مستوى وكالة التعليم المحلة.</search_description>
			<url>http://pareonline.net/</url>
			<search_url>http://www.google.com/custom?domains=pareonline.net%2Fgetvn.asp&amp;sa=Google+Search&amp;sitesearch=pareonline.net%2Fgetvn.asp&amp;client=pub-8146434030680546&amp;forid=1&amp;channel=9117733086&amp;ie=ISO-8859-1&amp;oe=ISO-8859-1&amp;flav=0000&amp;sig=cmg6qt6VP1GSt2jo&amp;cof=GALT%3A%23008000%3BGL%3A1%3BDIV%3A%23336699%3BVLC%3A663399%3BAH%3Acenter%3BBGC%3AFFFFDD%3BLBGC%3AFFFFDD%3BALC%3A0000FF%3BLC%3A0000FF%3BT%3A000000%3BGFNT%3A0000FF%3BGIMP%3A0000FF%3BLH%3A50%3BLW%3A341%3BL%3Ahttp%3A%2F%2Fpareonline.net%2Fprac3.gif%3BS%3Ahttp%3A%2F%2F%3BFORID%3A1%3B&amp;hl=en&amp;q={$formKeywords}</search_url>
			
		</search>
		<search>
			<search_title>التقرير النوعي</search_title>
			<search_description>التقرير النوعي (ISSN 1052-0147) هي مجلة محكمة على الإنترنت مخصصة للكتابة والمناقشة فيما يتعلق بالتحقيقات والأبحاث النوعية والنقدية والعملية والتعاونية.</search_description>
			<url>http://www.nova.edu/ssss/QR/index.html</url>
			<search_url>http://www.nova.edu/bin/QR.pl?Search+Criteria={$formKeywords}</search_url>
			
		</search>
		<search>
			<search_title>القراءة عبر الإنترنت: مجلة الكترونية من رابطة القراءة العالمية</search_title>
			<search_description>مجلة لمعلمي الأدب K-12؛ تتضمن مقالات، تعليقات، مراجعات، ومنتديات مناقشة.</search_description>
			<url>http://www.readingonline.org/</url>
			<search_url>http://www.readingonline.org/search/search.asp?QueryForm=&amp;sc=articles&amp;sm=all&amp;qu={$formKeywords}</search_url>
			
		</search>
		<search>
			<search_title>تدريس الإنجليزية كلغة ثانية</search_title>
			<search_description>TESL-EJ، مجلة الكترونية محكمة بالكامل مخصصة للغةالإنجليزية كلغة ثانية، الإنجليزية كلغة أجنبية.</search_description>
			<url>http://www-writing.berkeley.edu/TESL-EJ/</url>
			<search_url>http://www.google.com/u/berkeleywriting?sa=Google+Search&amp;domains=www-writing.berkeley.edu%2FTESL-EJ%2F&amp;sitesearch=www-writing.berkeley.edu&amp;q={$formKeywords}</search_url>
			
		</search>
	</context>
	<context>
		<context_title>نظرية ذات صلة</context_title>
		<context_abbrev>نظرية ذات صلة</context_abbrev>
		<context_description>الوصول إلى المقالات العلمية المنشورة والدراسات في أسس التعليم والاختصاصات ذات الصلة خارج حقل التعليم والتي تساهم في تطوير نظرية التعليم.</context_description>

		<search>
			<search_title>نظرية التعليم</search_title>
			<search_description>هي مجلة تصدر كل ثلاثة أشهر تعنى بفلسفة التعليم والاختصاصات ذات الصلة.</search_description>
			<url>http://www.ed.uiuc.edu/EPS/Educational-Theory/</url>
			<search_url>http://www.google.com/search?&amp;q=site%3Awww.ed.uiuc.edu%2FEPS%2FEducational-Theory %2F+{$formKeywords}</search_url>
			
		</search>
	</context>
	<context>
		<context_title>دراسات ذات صلة</context_title>
		<context_abbrev>دراسات ذات صلة</context_abbrev>
		<context_description>الوصول إلى دراسات مماثلة عبر تأسيس رابط إلى قاعدة بيانات مفتوحة (مجانية)، مع ملخصات و/أو نصوص كاملة متعلقة بموضوعك.</context_description>

		<search>
			<search_title>بحوث التعليم</search_title>
			<search_description>RAND تطرح تقارير عن سياستها البحثية العامة في مواضيع التعليم. قضايا مثل تقييم K-12 والمساءلة، إصلاح المدارس، المدارس والتدريس، التعليم العالي، التعليم العسكري والتدريب، وتدريب العمال... يتم طرحها.</search_description>
			<url>http://www.rand.org/research_areas/education/</url>
			<search_url>http://vivisimo.rand.org/vivisimo/cgi-bin/query-meta?v%3Aproject=pubs&amp;input-form=simple&amp;Go=Search&amp;query={$formKeywords}</search_url>
			
		</search>
		<search>
			<search_title>ملخصات ERIC</search_title>
			<search_description>تتضمن:

- تقارير قصيرة (1,000 - 1,500 كلمة) في مواضيع ذات أهمية أساسية حالياً في التعليم. هناك تنوع كبير في الموضوعات المطروقة التي تشمل: التدريس، التعلم، المكتبات، المدارس الخاصة، التعليم الخاص، التعليم العالي، مدارس المنازل، وغيرها كثير.

- موجهة على وجه الخصوص إلى المدرسين، المدراء، وغيرهم من ممارسي التعليم، غير أنها مفيدة عموماً لعموم المجتمع التعليمي.

- مصممة لتقدم نظرة عامة في المعلومات الخاصة بموضوع معين، مع مراجع تؤدي إلى فقرات تعطي المزيد من التفاصيل.

- منشأة من قبل دور المقاصة السابقة ذات 16 موضوع ERIC، ومحكمة من قبل خبراء ومتخصصين في ذاك المجال.

- ممولة من قبل مكتب أبحاث التعليم والتطوير (OERI) التابع لوزارة التعليم في الحكومة الأمريكية.  

- قاعدة البيانات للنصوص الكاملة تضم ما يزيد عن 3000 ملخص مع آخر التحديثات المضافة إلى الموقع في تموز 2005.</search_description>
			<url>http://www.ericdigests.org/</url>
			<search_url>http://www.google.com/custom?domains=ericdigests.org&amp;sitesearch=ericdigests.org&amp;q={$formKeywords}</search_url>
			
		</search>
		<search>
			<search_title>ED Pubs نظام الطلب عبر الإنترنت</search_title>
			<search_description>الهدف منه مساعدة المستخدمين لتحديد وطلب منتجات وزارة التعليم الأمريكية. كل المنشورات متاحة بدون مقابل للعامة من قبل الوزارة المذكورة.</search_description>
			<url>http://www.edpubs.org/webstore/Content/search.asp</url>
			<search_url>http://www.edpubs.org/webstore/EdSearch/SearchResults.asp?Search=True&amp;CQQUERYTYPE=2&amp;CQFULLTEXT={$formKeywords}</search_url>
			
		</search>
		<search>
			<search_title>خط التعليم: نصوص الكترونية في التعليم والتدريب</search_title>
			<search_description>هو أرشيف الكتروني قابل للبحث من الأدب الرمادي (تقارير، مؤتمرات، أوراق عمل) وأدب ما قبل الطباعة في حقل التعليم والتدريب مقدم من قبل مؤشر التعليم البريطاني (BEI). تتيح قاعدة البيانات هذه الوصول إلى أكثر من ألف ورقة مقدمة إلى مؤتمرات بحثية بريطانية وفيما سواها. يوفر روابط لملفات أوراق قابلة للبحث من مؤتمرات تمت برعاية: رابطة أبحاث التعليم البريطانية، المؤتمر الأوربي في أبحاث التعليم، وغيرهما.</search_description>
			<url>http://www.leeds.ac.uk/educol/</url>
			<search_url>http://brs.leeds.ac.uk/cgi-bin/brs_engine?*ID=1&amp;*DB=BEID&amp;*PT=50&amp;*FT=BEID&amp;*HI=Y&amp;TITL=&amp;AUTH=&amp;SUBJ=&amp;*SO=TITL&amp;SUBMIT_BUTTON=search%20button&amp;*QQ={$formKeywords}</search_url>
			
		</search>
		<search>
			<search_title>SearchERIC</search_title>
			<search_description>أدوات للبحث في الملخصات والمستوعبات المنشأة من قبل نظام ERICSM.</search_description>
			<url>http://www.eric.ed.gov/</url>
			<search_url>http://www.google.com/custom?domains=www.eric.ed.gov&amp;sa=Google+Search&amp;sitesearch=www.eric.ed.gov&amp;q={$formKeywords}</search_url>
			
		</search>
		<search>
			<search_title>ERIC - مركز معلومات مصادر التعليم</search_title>
			<search_description>هو مكتبة رقمية على الإنترنت تخص أبحاث التعليم والمعلومات التي تتبناها مؤسسة العلوم التعليمية (IES) التابعة لوزارة التعليم في الحكومة الأمريكية. 

يتيح الوصول إلى سجلات تراجم من مجلات ومن غيرها، فيها أدبيات مفهرسة منذ عام 1966 حتى الوقت الراهن. 

هذه المجموعة تضم سجلات: اقتباسات، ملخصات، وغيرها من البيانات ذات الصلة لأكثر من 1.2 مليون فقرة مفهرسة منذ 1966، بضمنها: مقالات المجلات العلمية، الكتب، أطاريح وبحوث، أوراق مؤتمرات، تقارير تقنية، مع أوراق سياسات التعليم وما شابه ذلك.

حالياً، لديها فهرس لما يزيد عن 600 مجلة علمية، معظمها مفهرس بشكل شامل، بحيث أن كل مقالة في كل عدد مضمنة في الموقع. بعض المجلات مفهرسة بشكل إنتقائي، بحيث تم انتخاب المقالات المتعلقة بالتعليم فقط للفهرسة. 

فضلاً عن ذلك، أعطى المساهمون ERIC صلاحية عرض أكثر من 115 ألف مادة علمية بالنص الكامل بصيغة ملفات PDF بدون مقابل. هذه المواد عموماً جزء مما يسمى حاليا "الأدب الرمادي"، مثل: أوراق المؤتمرات والتقارير، بدلاً من مقالات المجلات والكتب. معظم المواد المنشورة عام 2004 وما بعده تتضمن روابط لمصادر أخرى، منها مواقع الناشرين في الإنترنت.</search_description>
			<url>http://eric.ed.gov/</url>
			<search_url>http://eric.ed.gov/ERICWebPortal/Home.portal?_nfpb=true&amp;ERICExtSearch_SearchType_0=kw&amp;_pageLabel=ERICSearchResult&amp;newSearch=true&amp;rnd=1189800475852&amp;searchtype=keyword&amp;ERICExtSearch_SearchValue_0={$formKeywords}</search_url>
			
		</search>
		<search>
			<search_title>تحكيم التعليم (ER)</search_title>
			<search_description>ينشر تحكيمات الكتب الأخيرة في التعليم، التي تغطي كل مديات التعليم وممارساته.</search_description>
			<url>http://edrev.asu.edu/index.html</url>
			<search_url>http://edrev.asu.edu/cgi-bin/htsearch?method=and&amp;format=builtin-long&amp;sort=score&amp;config=edrev.asu.edu&amp;restrict=&amp;exclude=&amp;words={$formKeywords}</search_url>
			
		</search>
	</context>
	<context>
		<context_title>Pay-per-view</context_title>
		<context_abbrev>Pay-per-view</context_abbrev>
		<context_description>هي خدمة مقدمة للذين ليس لهم حق الوصول المباشر لمقالات المجلات الالكترونية عبر الاشتراكات. هذه الخدمة تسمح للزبائن بالوصول المباشر لمقالة أو مؤلَّف معين عبر الدفع ببطاقات إئتمانية. بمجرد التحقق من تفاصيل الدفع آنياً، يمكن للمستخدم الحصول على ملف المقالة لمدة 30 يوم.</context_description>

		<search>
			<search_title>Ingenta</search_title>
			<search_description>هي تقيد الوصول إلى النص الكامل للمقالات العلمية، ورغم أن الحصول على تلك المؤلفات يكلف مالاً، إلا أن الموقع يمكن استعماله كفهرس مجاني لتلك المقالات والمؤلَّفات.</search_description>
			<url>http://www.ingentaconnect.com/</url>
			<search_url>http://www.ingentaconnect.com/search?form_name=advanced&amp;title_type=tka&amp;author=&amp;journal=&amp;journal_type=words&amp;volume=&amp;issue=&amp;database=1&amp;year_from=2002&amp;year_to=2007&amp;pageSize=20&amp;x=42&amp;y=13&amp;title={$formKeywords}</search_url>
			
		</search>
		<search>
			<search_title>ebrary</search_title>
			<search_description>الباحثون المستقلون الذين ليس لديهم وصول إلى قواعد بيانات ebrary عبر مكتباتهم، بإمكانهم الآن إنشاء حسابات منفردة بكلفة 5 دولارات فقط. موقع ebrary Discover يشمل عدة إختصاصات أكاديمية ويتيح الوصول بطريقة (أي وقت من أي مكان) لأكثر من 20 ألف عنوان مرخص من ضمنها: نصوص كاملة لكتب، أوراق موسيقية، تقارير... وغيرها من الوثائق المرخصة من أكثر من 175 ناشر رئيسي، مثل مطبعة جامعة كامبرج، Random House، Inc.، شركات McGraw-Hill... وغيرها.</search_description>
			<url>http://www.ebrary.com/corp/content.htm</url>
			<search_url>http://shop.ebrary.com/Top?layout=search&amp;f00=text&amp;p01=&amp;f01=subject&amp;d=journal&amp;l=en&amp;sch=%A0%A0%A0%A0%A0Search%A0%A0%A0%A0%A0&amp;frm=adv.x&amp;p00={$formKeywords}</search_url>
			
		</search>
		<search>
			<search_title>Questia</search_title>
			<search_description>تتيح الوصول لأكثر من 47 ألف كتاب و 375 ألف مقال في: مجلة وصحيفة وصحيفة إخبارية. كل الكتب والمقالات متاحة بشكل قابل للبحث في كل صفحة منها. كلفة الاشتراك تتراوح بين 19.05 دولار شهرياً إلى 119.95 دولار سنوياً.</search_description>
			<url>http://www.questia.com/</url>
			<search_url>http://www.questia.com/SM.qst?act=search&amp;keywordsSearchType=1000&amp;mediaType=book&amp;mediaType=journal&amp;mediaType=magazine&amp;mediaType=newspaper&amp;mediaType=encyclopedia&amp;mediaType=startpage&amp;keywords={$formKeywords}</search_url>
			
		</search>
		<search>
			<search_title>Wiley InterScience Pay-per-view Service</search_title>
			<search_description>توفر هذه الخدمة وصولاً مباشراً للنصوص الكاملة لمجموعة هائلة من مقالات المجلات العلمية أو فصول الكتب المتاحة في Wiley InterScience دون الحاجة إلى اشتراك. هذه الخدمة تسمح لأي شخص بشراء الحصول على مقالات المجلات أو فصول الكتب مباشرة عبر بطاقة الإئتمان. الوصول آني ومتاح لمدة 24 ساعة.</search_description>
			<url>http://www3.interscience.wiley.com/aboutus/ppv-articleselect.html</url>
			<search_url>http://www3.interscience.wiley.com/search/allsearch</search_url>
			<search_post>allContentSearchForm=&amp;mode=quicksearch&amp;WISindexid1=WISall&amp;WISsearch1={$formKeywords}</search_post>			
		</search>
	</context>
	<context>
		<context_title>منتديات الإنترنت</context_title>
		<context_abbrev>منتديات الإنترنت</context_abbrev>
		<context_description>إختر منتديات الإنترنت المفتوحة (المجانية) التي من شأنها أن تعزز الدراسات البحثية في موقعك.</context_description>

		<search>
			<search_title>H-Net، العلوم الاجتماعية والإنسانية على الإنترنت</search_title>
			<search_description>يقدم معلومات ومصادر لكل المهتمين بالعلوم الاجتماعية والإنسانية.</search_description>
			<url>http://www2.h-net.msu.edu/lists/</url>
			<search_url>http://www2.h-net.msu.edu/logsearch/index.cgi?type=boolean&amp;hitlimit=25&amp;field=&amp;nojg=on&amp;smonth=00&amp;syear=1989&amp;emonth=11&amp;eyear=2004&amp;order=relevance&amp;phrase={$formKeywords}</search_url>
			
		</search>
		<search>
			<search_title>JISCmail</search_title>
			<search_description>خدمة قائمة البريد الأكاديمية الوطنية، المعروفة باسم 'JISCmail' هي واحدة من بين خدمات JANET المقدمة من قبل (www.ja.net) وممولة من قبل JISC (www.jisc.ac.uk) لفائدة التعليم، التدريس، والمجتمعات البحثية. مجلس تسهيلات العلوم والتقنية (www.scitech.ac.uk) يعمل حالياً ليطور هذه الخدمة نيابة عن JANET(UK).</search_description>
			<url>http://www.jiscmail.ac.uk/index.htm</url>
			<search_url>http://www.jiscmail.ac.uk/cgi-bin/listsearcher.cgi?</search_url>
			<search_post>chk_wds=chk_wds&amp;opt=listsearcher&amp;thecriteria={$formKeywords}</search_post>			
		</search>
	</context>
	<context>
		<context_title>متعددات الوسائط</context_title>
		<context_abbrev>متعددات الوسائط</context_abbrev>
		<context_description>Multimedia Content</context_description>

		<search>
			<search_title>مشروع الفيديو المفتوح</search_title>
			<search_description>هو مجموعة منتخبة من الفيدوات المتاحة للعامة والمتعلقة بالبحوث وغيرها من الأغراض. الهدف منه تجميع وإنشاء مستودع للمحتوى الفيدوي الرقمي لمتعددات الوسائط والمكتبة الرقمية وغيرها من المجتمعات البحثية.</search_description>
			<url>http://www.open-video.org/index.php</url>
			<search_url>http://www.open-video.org/results.php?search_field=all&amp;terms={$formKeywords}</search_url>
			
		</search>
	</context>
	<context>
		<context_title>ملفات تدريسية</context_title>
		<context_abbrev>تعليمية</context_abbrev>
		<context_description>الشروع مباشرة بعملية بحث استناداً إلى موضوع المقالة أو الورقة التي تربط المستخدم بالمحتوى المجاني والمقالات المحفوظة في ذلك الحقل من الصحف الرئيسية حول العالم.</context_description>

		<search>
			<search_title>تعليم BBC</search_title>
			<search_description>الوصول إلى مصادر تعليمية ممتازة للبالغين والأطفال. موضوعات كثيرة: تأريخ، علوم، لغات، صحة، مهارات عمل، ثقافة، تقنية، فنون، أدب، أعمال، طبيعة، حياة، أوقات فراغ.</search_description>
			<url>http://www.bbc.co.uk/learning</url>
			<search_url>http://www.bbc.co.uk/cgi-bin/search/results.pl?go.x=0&amp;go.y=0&amp;go=go&amp;uri=%2Flearning%2F&amp;q={$formKeywords}</search_url>
			
		</search>
		<search>
			<search_title>Educator's Reference Desk</search_title>
			<search_description>The people who created AskERIC announce a new service and name to access the resources you've come to depend on for over a decade. While the U.S. Department of Education will discontinue the AskERIC service December 19th, you will still have access to the resources you've come to depend upon. Through The Educator's Reference Desk (http://www.eduref.org) you can access AskERIC's 2,000+ lesson plans, 3,000+ links to online education information, and 200+ question archive responses. While the question answer service will no longer be active, The Educator's Reference Desk provides a search interface to the ERIC Databases, providing access to over one million bibliographic records on educational research, theory, and practice.</search_description>
			<url>http://www.eduref.org/</url>
			<search_url>http://www.google.com/search?&amp;q=site%3Awww.eduref.org+{$formKeywords}</search_url>
			
		</search>
		<search>
			<search_title>Marco Polo</search_title>
			<search_description>MarcoPolo: Internet Content for the Classroom is a nonprofit consortium of premier national and international education organizations and the MCI Foundation dedicated to providing the highest quality Internet content and professional development to teachers and students throughout the United States.</search_description>
			<url>http://www.marcopolo-education.org/</url>
			<search_url>http://www.marcopolosearch.org/mpsearch/Search_Results.asp?orgn_id=2&amp;log_type=1&amp;hdnFilter=&amp;hdnPerPage=15&amp;selUsing=all&amp;txtSearchFor={$formKeywords}</search_url>
			
		</search>
		<search>
			<search_title>المكتبة الرقمية الوطنية للعلوم</search_title>
			<search_description>المكتبة الرقمية الوطنية للعلوم (NSDL) أُنشئت من قبل المؤسسة الوطنية للعلوم لتتيح الوصول المنظم لموارد وأدوات عالية الجودة والتي تدعم الابتكار في مجال التعليم والتدريس في كل مستويات: العلوم، التقنية، الهندسة، الرياضيات.</search_description>
			<url>http://nsdl.org/about</url>
			<search_url>http://nsdl.org/search/?formview=searchresults&amp;verb=Search&amp;s=0&amp;n=10&amp;boost%5B%5D=compoundTitle&amp;boost%5B%5D=compoundDescription&amp;q={$formKeywords}</search_url>
			
		</search>
		<search>
			<search_title>شبكة تعليم المجتمع</search_title>
			<search_description>مصممة لمساعدة معلمي K-12 في توظيف التقنية في التعليم.</search_description>
			<url>http://www.cln.org/</url>
			<search_url>http://www.openschool.bc.ca/cgi-bin/htsearch?method=and&amp;format=builtin-long&amp;sort=score&amp;config=htdig_cln&amp;restrict2=&amp;submit2=Search&amp;words={$formKeywords}</search_url>
			
		</search>
		<search>
			<search_title>تحكيمات وسائط التعليم على الإنترنت</search_title>
			<search_description>هي قاعدة بيانات لأفلام، أقراص مدمجة، تتضمن تحكيمات لمواد من الموزعين الرئيسيين للتعليم والوثائقيات. التحكيمات مكتوبة بشكل أساسي من قبل أمناء مكتبات وتدريسيين من مؤسسات عبر الولايات المتحدة وكندا.</search_description>
			<url>http://libweb.lib.buffalo.edu/emro/about.asp</url>
			<search_url>http://libweb.lib.buffalo.edu/emro/EmroResults.asp?Title=&amp;Subject=%25&amp;Reviewer=&amp;Year=%25&amp;Rating=%25&amp;Distributor=&amp;Format=%25&amp;Submit=%A0%A0%A0%A0%A0Search%A0%A0%A0%A0&amp;Keyword={$formKeywords}</search_url>
			
		</search>
		<search>
			<search_title>بوابة المواد التعليمية (GEM)</search_title>
			<search_description>هذا الموقع بمثابة وقفة لمصدر واحد لخطط دروس الإنترنت، وحدات المناهج، الفعاليات المتعلقة بكل مواضيع K-12. يمكن للمستخدمين تصفح الموقع حسب الموضوع أو الكلمة المفتاحية، المرحلة المطلوبة أو المستوى التعليمي. يمكنهم أيضاً البحث في أوصاف الموقع حسب الموضوع، الكلمة المفتاحية، العنوان، والنص الكامل. تتضمن المصادر المكتبة الإفتراضية AskERIC، Eisenhower National Clearinghouse، منتدى الرياضيات، موسوعة Microsoft Encarta، قسم كارولينا الشمالية للتوجيه العام، ووزارة التعليم الأمريكية.</search_description>
			<url>http://www.thegateway.org/</url>
			<search_url>http://64.119.44.148/portal_seamarksearch/makesearch?isliteral=yes&amp;operator=contains&amp;form.submitted=1&amp;dimension=fulltext&amp;ss=Go&amp;value={$formKeywords}</search_url>
			
		</search>
		<search>
			<search_title>Merlot</search_title>
			<search_description>هو مصدر مجاني مفتوح مصمم بالدرجة الأساس للتدريسيين والطلبة في التعليم العالي. مع النمو المستمر في مواد التعليم على الإنترنت، التحكيم المناظر، وإعطاء المهام، MERLOT تساعد التدريسيين على تحسين أدائهم.</search_description>
			<url>http://www.merlot.org/Home.po</url>
			<search_url>http://www.merlot.org/merlot/materials.htm?keywords={$formKeywords}</search_url>
			
		</search>
		<search>
			<search_title>SMETE</search_title>
			<search_description>يحتوي على مكتبة تعليمية رقمية من طراز أولي قابلة للبحث، تخص العلوم الوطنية، الرياضيات، الهندسة، والتقنيات.</search_description>
			<url>http://www.smete.org/</url>
			<search_url>http://www.smete.org/smete/public/find/search_results.jhtml?_DARGS=/smete/home_body.jhtml&amp;_D:/smete/forms/SimpleSearchForm.keyword=&amp;/smete/forms/SimpleSearchForm.operation=simpleSearch&amp;_D:/smete/forms/SimpleSearchForm.operation=&amp;&amp;/smete/forms/SimpleSearchForm.keyword={$formKeywords}</search_url>
			
		</search>
	</context>
	<context>
		<context_title>مداخل ذات صلة</context_title>
		<context_abbrev>مداخل ذات صلة</context_abbrev>
		<context_description>Education-related Portals</context_description>

		<search>
			<search_title>المركز الوطني للإحصائيات التعليمية</search_title>
			<search_description>هذا الموقع التابع لوكالة الإحصاء الرئيسية في وزارة التعليم لديه فهرس من المنشورات المتوفرة، مع نصوص وجداول بعض المنشورات.</search_description>
			<url>http://nces.ed.gov/</url>
			<search_url>http://search.nces.ed.gov/search?output=xml_no_dtd&amp;client=nces&amp;proxystylesheet=nces&amp;site=nces&amp;q={$formKeywords}</search_url>
			
		</search>
		<search>
			<search_title>الموارد الفيدرالية لتفوق التعليم</search_title>
			<search_description>أكثر من 30 وكالة فيدرالية شكلت مجموعة عمل عام 1997 لجعل المئات من موارد التعليم المدعومة من الوكالات عبر الولايات المتحدة متاحة بسهولة. نتيجة هذا العمل هذا الموقع المجاني. يشمل موضوعات: الفنون، تقنيات التعليم، اللغات الأجنبية، الصحة والأمان، فنون اللغة، الرياضيات، التربية الرياضية، العلوم، الدراسات الاجتماعية، والتعليم المهني.</search_description>
			<url>http://free.ed.gov/template.cfm?template=About%20FREE</url>
			<search_url>http://free.ed.gov/searchres.cfm</search_url>
			<search_post>searchword={$formKeywords}</search_post>			
		</search>
		<search>
			<search_title>EdResearch Online</search_title>
			<search_description>تمتلك قاعدة البيانات أكثر من 12 ألف وثيقة بحثية ومقالة على الإنترنت في مجال التعليم. هذه تمثل جزء من فهرس التعليم الأسترالي.</search_description>
			<url>http://cunningham.acer.edu.au/dbtw-wpd/sample/edresearch.htm</url>
			<search_url>http://cunningham.acer.edu.au/dbtw-wpd/exec/dbtwpub.dll</search_url>
			<search_post>MF=&amp;AC=QBE_QUERY&amp;NP=2&amp;RL=0&amp;QF0=AUTHOR | CORPORATE AUTHOR | TITLE | SUBJECTS | ORGANISATIONS | ABSTRACT | GEOGRAPHICAL | ADDED AUTHORS | ADDED CORPORATE | IDENTIFIERS | JOURNAL TITLE | ISSN&amp;TN=edresearchonline&amp;DF=Web_Full&amp;RF=Web_Brief&amp;MR=50&amp;DL=0&amp;QI0={$formKeywords}</search_post>			
		</search>
		<search>
			<search_title>المركز الوطني للمرافق التعليمية</search_title>
			<search_description>موارد هذا الموقع تتضمن: معلومات مجانية عن تخطيط مدارس K-12، التصميم، التمويل، البناء، التشغيل، والصيانة. قسم مراكز المكتبات/الوسائط يتضمن بيانات مؤلفات الكتب والمقالات التي تغطي كل جوانب إدارة المشاريع، العمارة، وتخمين الكلف. تخطيط الكوارث، الصحة، وقضايا البيئة تحوز على الإهتمام. راجع روابط المنظمات الاحترافية الأخرى، البرامج الحكومية، الوكالات، المراكز البحية، المنتجات، والخدمات. أنقر على المعرض لمعاينة رسومات المشروع. قابل للبحث.</search_description>
			<url>http://www.edfacilities.org/</url>
			<search_url>http://www.edfacilities.org/search/index.cfm</search_url>
			<search_post>RequestTimeout=300&amp;SearchSortField1=NCEFDate&amp;SearchSortOrder1=DESC&amp;SearchScope=All&amp;SearchLogic=AND&amp;SearchKeywords={$formKeywords}</search_post>			
		</search>
		<search>
			<search_title>مركز تطوير التعليم</search_title>
			<search_description>هو منظمة عالمية لا ربحية لديها أكثر من 335 مشروع مستمر تركز على تحسين التعليم. موارد هذا الموقع تشمل: معلومات مجانية عن تخطيط مدارس K-12، التصميم، التمويل، البناء، التشغيل، والصيانة. قسم مراكز المكتبات/الوسائط يتضمن بيانات مؤلفات الكتب والمقالات التي تغطي كل جوانب إدارة المشاريع، العمارة، وتخمين الكلف. تخطيط الكوارث، الصحة، وقضايا البيئة تحوز على الإهتمام. راجع روابط المنظمات الاحترافية الأخرى، البرامج الحكومية، الوكالات، المراكز البحية، المنتجات، والخدمات. أنقر على المعرض لمعاينة رسومات المشروع. قابل للبحث. يتضمن الموقع أيضاً معلومات عن استعمال التقنية في التعليم.</search_description>
			<url>http://main.edc.org/</url>
			<search_url>http://google2.edc.org/search?site=newsroom&amp;client=edc_main&amp;proxystylesheet=edc_main&amp;output=xml_no_dtd&amp;filter=0&amp;q={$formKeywords}</search_url>
			
		</search>
		<search>
			<search_title>ENC Online: Eisenhower المرفق الوطني للرياضيات وتعليم العلوم</search_title>
			<search_description>أُسس عام 1992 بتمويل من وزارة التعليم الأمريكية. مهمته تجميع وفهرسة مصادر مناهج تعليم الرياضيات والعلوم، لإنشاء المجموعة الأشمل في الوطن، وتوفير أفضل ما يمكن منها على الإنترنت، مع دعم التطوير الاحترافي للمدرسين في الرياضيات والعلوم والاستعمال الفعال للتقنية. يخدم كل مدرسي K-12، الآباء، والطلبة عبر منتجاته المجانية وخدماته.

ENC.ORG هي الآن goENC.COM!</search_description>
			<url>http://www.goenc.com/</url>
			<search_url>http://www.goenc.com/search/default.asp?page=1&amp;pagelength=10&amp;grade=G0&amp;resourceType=R0&amp;go=Search&amp;searchText={$formKeywords}</search_url>
			
		</search>
	</context>
	<context>
		<context_title>سياسة الدولة</context_title>
		<context_abbrev>سياسة الدولة</context_abbrev>
		<context_description>Access to Information and services gateway run by the Government of the United States and Canada.</context_description>

		<search>
			<search_title>مدخل لمعلومات وخدمات الحكومة الأسترالية</search_title>
			<search_description>يقدم وصول شامل ومتكامل لمعلومات وخدمات الحكومة الأسترالية. ستجد بنية مركزة لبيانات الحكومة الأسترالية في هذا الموقع. &lt;a href=&quot;http://www.australia.gov.au&quot;&gt;www.australia.gov.au&lt;/a&gt; حالياً يشتمل على إدراجات من أكثر من 700 موقع حكومي أسترالي وفهارس وأكثر من 5 ملايين صفحة، ويستعمل البيانات الوصفية والنصوص الكاملة لأغراض الفهرسة لضمان كونه مدخلاً حكومياً شاملاً.</search_description>
			<url>http://www.fed.gov.au</url>
			<search_url>http://govsearch.australia.gov.au/search/search.cgi?collection=gov&amp;form=au&amp;query=&amp;query_phrase=&amp;query_or=&amp;query_not=&amp;meta_f_sand=&amp;scope=&amp;fscope=512&amp;num_ranks=20&amp;chksummary=chksummary&amp;query_and={$formKeywords}</search_url>
			
		</search>
		<search>
			<search_title>الصفحة الرئيسية لحكومة كندا</search_title>
			<search_description>هذا هو المنفذ الرئيسي للمعلومات عبر الإنترنت لحكومة كندا، برامجها، خدماتها، مبادراتها، ومنتجاتها، وكذلك للمعلومات عن كندا. من بين مزاياه، ثلاث بوابات للجمهور تتيح الوصول للمعلومات والخدمات لكل من: الكنديين، غير الكنديين، أعمال الكنديين.</search_description>
			<url>http://www.canada.gc.ca/main_e.html</url>
			<search_url>http://search-recherche.collectionscanada.ca/fed/searchResults.jsp?SourceQuery=&amp;ResultCount=5&amp;PageNum=1&amp;MaxDocs=-1&amp;SortSpec=score+desc&amp;Language=eng&amp;Sources=amicus&amp;Sources=mikan&amp;Sources=web&amp;QueryText.x=11&amp;QueryText.y=13&amp;QueryText={$formKeywords}</search_url>
			<search_post>http://search-recherche.gc.ca/cgi-bin/query?mss=canada%2Fen%2Fsimple&amp;pg=q&amp;enc=iso88591&amp;site=main&amp;bridge=&amp;stt=&amp;lowercaseq=&amp;what=web&amp;user=searchintranet&amp;browser=&amp;kl=XX&amp;op=a&amp;q={$formKeywords}</search_post>			
		</search>
		<search>
			<search_title>Directgov</search_title>
			<search_description>هي خدمة حكومية تتيح للناس الوصول إلى طيف واسع من المعلومات العامة والخدمات وأحدثها، ضمن موقع واحد على الإنترنت وعلى التلفاز الرقمي. إنه يستعمل المواصفات المصاغة والمنصوص عليها عبر UK GovTalk.</search_description>
			<url>http://www.direct.gov.uk</url>
			<search_url>http://www.direct.gov.uk/AdvancedSearch/SearchResults/fs/en?NP=1&amp;PO1=C&amp;PI1=W&amp;PF1=A&amp;PG=1&amp;RP=20&amp;SC=__dgov_site&amp;Z=1&amp;PT1={$formKeywords}</search_url>
			
		</search>
		<search>
			<search_title>Info4local.gov.uk</search_title>
			<search_description>معلومات الحكومة المحلية من الحكومة المركزية. هذا الموقع يعطي السلطات المحلية طريقة سهلة وسريعة للعثور على البيانات عبر الإنترنت مما يخص وزارات الحكومة المركزية، الوكالات، والممثليات العامة. إنه يضم معلومات واسعة لتطبيق الحوكمة الالكترونية.</search_description>
			<url>http://www.info4local.gov.uk</url>
			<search_url>http://www.info4local.gov.uk/?view=Search+results&amp;subjects=all&amp;departmentsIds=0&amp;informationTypesIds=all&amp;query={$formKeywords}</search_url>
			
		</search>
		<search>
			<search_title>مدخل الحكومة النيوزلندية</search_title>
			<search_description>هو موقع يتيح عمليات البحث مع روابط لمعلومات وخدمات آنية وغير آنية لمختلف الوكالات الحكومية. هذا الموقع يدار ويدام من قبل مفوضية خدمات الدولة، وهي إحدى الوزارات الحكومية.</search_description>
			<url>http://www.govt.nz</url>
			<search_url>http://www.govt.nz/search?type=spider&amp;t=spider&amp;q={$formKeywords}</search_url>
			
		</search>
		<search>
			<search_title>Europa</search_title>
			<search_description>المعلومات الحالية عن الدول الأعضاء في الاتحاد الأوربي، بضمنها بيانات إحصائية، سياسات، أخبار، وثائق رسمية، نصوص قانونية، ومنشورات أخرى.</search_description>
			<url>http://europa.eu.int/index_en.htm</url>
			<search_url>http://europa.eu/geninfo/query/resultaction.jsp?</search_url>
			<search_post>qtype=simple&amp;Collection=EuropaFull&amp;ResultTemplate=/result_en.jsp&amp;DefaultLG=en&amp;ResultCount=10&amp;html=&amp;QueryText={$formKeywords}</search_post>			
		</search>
		<search>
			<search_title>شبكة المعلومات القانونية العالمية (GLIN)</search_title>
			<search_description>هي قاعدة بيانات للقوانين، التشريعات، القرارات القضائية، ومصادر قانونية تكميلية أخرى شاركت بها الوكالات الحكومية والمنظمات العالمية. أعضاء هذه الشبكة يساهمون بالنصوص الكاملة من الوثائق المنشورة لإدراجها في قاعدة البيانات وبلغاتها الأصلية. كل وثيقة يصاحبها موجز باللغة الإنجليزية وعبارات إصطلاحية منتخبة من الفهرس متعدد اللغات لقاعدة البيانات.</search_description>
			<url>http://www.glin.gov</url>
			<search_url>http://www.glin.gov/search.do?refineQuery=&amp;offset=0&amp;refineQueryType=&amp;fromSearch=true&amp;queryType=ALL&amp;searchBtn=Search&amp;includeAllFields=on&amp;searchAll=on&amp;sumLanguage=any&amp;pubLanguage=any&amp;pubJurisdiction=any&amp;publicationJurisdictionExclude=false&amp;searchPublicationDate=true&amp;dateFromDay=01&amp;dateFromMonth=01&amp;dateFromYear=&amp;dateToDay=01&amp;dateToMonth=01&amp;dateToYear=&amp;subjTerm=&amp;subjTermConjunction%5B0%5D=AND&amp;subjTerm=&amp;subjTermConjunction%5B1%5D=AND&amp;subjTerm=&amp;subjTermConjunction%5B2%5D=AND&amp;subjTerm=&amp;subjTermConjunction%5B3%5D=AND&amp;subjTerm=&amp;searchOrder=default&amp;hitsPerPage=10&amp;showSummary=on&amp;queryString={$formKeywords}</search_url>
			
		</search>
		<search>
			<search_title>FirstGov</search_title>
			<search_description>FirstGov (الحكومة الأمريكية الفيدرالية) هي شراكة عامة - خاصة، تدار من قبل مجلس وكالة مزدوج.</search_description>
			<url>http://www.firstgov.gov/</url>
			<search_url>http://www.firstgov.gov/fgsearch/index.jsp?ms0=%A0&amp;mt0=all&amp;st=AS&amp;rn=2&amp;parsed=true&amp;db=www-fed-all&amp;mw0={$formKeywords}</search_url>
			
		</search>
		<search>
			<search_title>Canada Site</search_title>
			<search_description>بمثابة بوابة للمعلومات والخدمات تديرها حكومة كندا وكل من محافظاتها.</search_description>
			<url>http://www.canada.gc.ca/main_e.html</url>
			<search_url>http://search-recherche.gc.ca/cgi-bin/query?mss=canada%2Fen%2Fsimple.html&amp;enc=iso88591&amp;pg=q&amp;kl=en&amp;site=main&amp;q={$formKeywords}</search_url>
			
		</search>
	</context>
	<context>
		<context_title>تقارير وسائل الإعلام</context_title>
		<context_abbrev>تقارير وسائل الإعلام</context_abbrev>
		<context_description>الشروع مباشرة بعملية بحث استناداً إلى موضوع المقالة أو الورقة التي تربط المستخدم بالمحتوى المجاني والمقالات المحفوظة في ذلك الحقل من الصحف الرئيسية حول العالم.</context_description>

		<search>
			<search_title>أخبار Google</search_title>
			<search_description>البحث في التقارير الخبرية باستعمال محرك البحث الشائع ضمن خدمة أخبار Google.</search_description>
			<url>http://news.google.com/</url>
			<search_url>http://news.google.com/news?hl=en&amp;q={$formKeywords}</search_url>
			
		</search>
		<search>
			<search_title>العالم والبريد</search_title>
			<search_description>العالم والبريد، تورنتو (آخر سبعة أيام)</search_description>
			<url>http://www.globeandmail.com/</url>
			<search_url>http://www.globeandmail.com/servlet/HTMLTemplate/search?tf=tgam/search/tgam/SearchResults.html&amp;cf=tgam/search/tgam/SearchResults.cfg&amp;current_row=1&amp;start_row=1&amp;num_rows=10&amp;keywords={$formKeywords}</search_url>
			
		</search>
		<search>
			<search_title>يوميات الشعب</search_title>
			<search_description>يوميات الشعب، الصين (كانون الثاني 1999 -)</search_description>
			<url>http://english.peopledaily.com.cn/</url>
			<search_url>http://search.people.com.cn/was40/people/GB/english_index.jsp?type=1&amp;channel=</search_url>
			<search_post>Content=&amp;searchword={$formKeywords}</search_post>			
		</search>
		<search>
			<search_title>البريد وصحيفة الغارديان</search_title>
			<search_description>البريد وصحيفة الغارديان، جنوب أفريقيا (1994-)</search_description>
			<url>http://www.mg.co.za/</url>
			<search_url>http://www.mg.co.za/mg_search_results.aspx?PrintEdition=PrintEdition&amp;DailyNews=DailyNews&amp;SearchSection=&amp;StartDay=&amp;StartMonth=&amp;StartYear=&amp;EndDay=&amp;EndMonth=&amp;EndYear=&amp;keywords={$formKeywords}</search_url>
			
		</search>
		<search>
			<search_title>الإذاعة الوطنية الشعبية</search_title>
			<search_description>الإذاعة الوطنية الشعبية، الولايات المتحدة (غير محدودة)</search_description>
			<url>http://www.npr.org/archives/</url>
			<search_url>http://www.npr.org/search.php?text={$formKeywords}</search_url>
			
		</search>
		<search>
			<search_title>صحيفة نيويورك تايمز</search_title>
			<search_description>صحيفة نيويورك تايمز، نيويورك (آخر سبعة أيام)</search_description>
			<url>http://www.nytimes.com/</url>
			<search_url>http://query.nytimes.com/search/query?date=site1week&amp;submit.x=1&amp;submit.y=9&amp;query={$formKeywords}</search_url>
			
		</search>
		<search>
			<search_title>صحيفة اليابان تايمز على الإنترنت</search_title>
			<search_description>صحيفة اليابان تايمز على الإنترنت، اليابان (كانون الثاني 1999-)</search_description>
			<url>http://www.japantimes.co.jp/</url>
			<search_url>http://www.google.co.jp/custom?domains=japantimes.co.jp&amp;client=pub-4223870936880387&amp;forid=1&amp;ie=Shift_JIS&amp;oe=Shift_JIS&amp;term1=&amp;cof=GALT%3A%23008000%3BGL%3A1%3BDIV%3A%23336699%3BVLC%3A663399%3BAH%3Acenter%3BBGC%3AFFFFFF%3BLBGC%3AFFFFFF%3BALC%3A0000FF%3BLC%3A0000FF%3BT%3A000000%3BGFNT%3A0000FF%3BGIMP%3A0000FF%3BLH%3A60%3BLW%3A200%3BL%3Ahttp%3A%2F%2Fwww.japantimes.co.jp%2Fimages%2Fheader_title.gif%3BS%3Ahttp%3A%2F%2Fwww.japantimes.co.jp%2F%3BFORID%3A1%3B&amp;hl=ja&amp;advancesearch=&amp;q={$formKeywords}</search_url>
			
		</search>
		<search>
			<search_title>صحيفة موسكو تايمز</search_title>
			<search_description>صحيفة موسكو تايمز، روسيا (1994-)</search_description>
			<url>http://www.themoscowtimes.com/indexes/01.html</url>
			<search_url>http://www.moscowtimes.ru/cgi-bin/search?config=&amp;exclude=&amp;method=and&amp;format=long&amp;sort=score&amp;matchesperpage=10&amp;words={$formKeywords}</search_url>
			
		</search>
		<search>
			<search_title>صحيفة واشنطن بوست</search_title>
			<search_description>صحيفة واشنطن بوست، واشنطن دي سي (آخر أسبوعين)</search_description>
			<url>http://www.washingtonpost.com/</url>
			<search_url>http://www.washingtonpost.com/cgi-bin/search99.pl?searchsection=news&amp;searchdatabase=news&amp;x=11&amp;y=8&amp;searchtext={$formKeywords}</search_url>
			
		</search>
		<search>
			<search_title>Newsdirectory</search_title>
			<search_description>هي دليل شامل قابل للبحث في وسائل الإعلام الناطقة باللغة الإنجليزية حول العالم. حالياً أكثر من ثمانية آلاف صحيفة ومجلة مدرجة فيه، فضلاً عن أكثر من ألف محطة تلفزيونية أمريكية.</search_description>
			<url>http://www.newsdirectory.com/</url>
			<search_url>http://www.newsdirectory.com/hbSearch.php</search_url>
			<search_post>s={$formKeywords}&amp; submit=Go</search_post>			
		</search>
	</context>
	<context>
		<context_title>البحث في الإنترنت</context_title>
		<context_abbrev>البحث في الإنترنت</context_abbrev>
		<context_description>أدخل عبارات البحث في موارد الإنترنت عبر محركات البحث المتنوعة.</context_description>

		<search>
			<search_title>Google</search_title>
			<search_description>البحث باستعمال محرك البحث الأشهر عالمياً.</search_description>
			<url>http://www.google.com/</url>
			<search_url>http://www.google.com/search?q={$formKeywords}</search_url>
			
		</search>
		<search>
			<search_title>الباحث العلمي من Google</search_title>
			<search_description>الباحث العلمي من Google يتيح عمليات البحث المتخصصة بالأعمال الأدبية العلمية، بضمنها الأوراق المحكمة، الأطاريح والرسائل، الكتب، الطبعات الأولية، الملخصات، والتقارير التقنية. المحتوى يشمل مدى من الناشرين والتجمعات العلمية التي لها اتفاقيات قائمة مع Google، مثل: رابطة المكائن الحاسوبية، IEEE، مكتبة  Open WorldCat لـ OCLC... إلخ. نتائج العرض ستُظهر نسخ تجاميع مختلفة، وتحليل للاقتباسات، وموقع المكتبة (حالياً كتب فقط).</search_description>
			<url>http://scholar.google.com</url>
			<search_url>http://scholar.google.com/scholar?ie=UTF-8&amp;oe=UTF-8&amp;hl=en&amp;q={$formKeywords}</search_url>
			
		</search>
		<search>
			<search_title>Clusty the Clustering Engine</search_title>
			<search_description>أداة البحث هذه المقدمة من Vivismo تقدم نتائج متشعبة لعمليات بحث منتخبة. البحث في البيانات الوصفية عبر الإنترنت بالكامل أو استعمال علامات التبويب للبحث في الأخبار، الإشاعات، الصور أو المنتجات عبر Bizrate أو eBay.</search_description>
			<url>http://clusty.com/about</url>
			<search_url>http://clusty.com/search?query={$formKeywords}</search_url>
			
		</search>
		<search>
			<search_title>Vivisimo</search_title>
			<search_description>تقنية Vivisimo المتشعبة الحائزة على جائزة، طورها علماء أبحاث في Carnegie Mellon، وهي تستثمر المعلومات المخزنة عند شركات Fortune 500، وأهم المواقع الالكترونية، والناشرين المعتبرين، والوكالات الحكومية عبر تصنيف نتائج البحث آنياً في قوائم مرتبة ذات معنى، وبهذا، التوصل إلى تحسين ثوري في الوصول إلى المعلومات ذات الصلة.</search_description>
			<url>http://vivisimo.com</url>
			<search_url>http://vivisimo.com/search?tb=homepage&amp;v%3Asources=Web&amp;query={$formKeywords}</search_url>
			
		</search>
	</context>
</version>
