<?xml version="1.0" encoding="UTF-8"?>
<!DOCTYPE version SYSTEM "../../lib/pkp/dtd/rtVersion.dtd">

<!--
  * Humanities.xml
  *
  * Copyright (c) 2013-2016 Simon Fraser University Library
  * Copyright (c) 2003-2016 John Willinsky
  * Distributed under the GNU GPL v2. For full terms see the file docs/COPYING.
  *
  * Reading Tools version: Humanities (ar_IQ)
  *
  -->

<version id="Humanities" locale="ar_IQ">
	<version_title>العلوم الإنسانية</version_title>
	<version_description>أدوات القراءة يمكنها مساعدة قراء هذه الدراسة في الرجوع إلى مدى واسع من الموارد ذات الصلة، التي بإمكانها أن تكون منطلقاً لترجمة الدراسة، أو الاقتباس منها أو تقييمها.</version_description>

	<context>
		<context_title>عمل المؤلف</context_title>
		<context_abbrev>أعمال الآخرين</context_abbrev>
		<context_description>حدد أعمال أخرى حسب مؤلفيها باستعمال محركات بحث OAI.</context_description>
		<author_terms />
		<search>
			<search_title>الباحث العلمي من Google</search_title>
			<search_description>الباحث العلمي من Google يتيح عمليات البحث المتخصصة بالأعمال الأدبية العلمية، بضمنها الأوراق المحكمة، الأطاريح والرسائل، الكتب، الطبعات الأولية، الملخصات، والتقارير التقنية. المحتوى يشمل مدى من الناشرين والتجمعات العلمية التي لها اتفاقيات قائمة مع Google، مثل: رابطة المكائن الحاسوبية، IEEE، مكتبة  Open WorldCat لـ OCLC... إلخ. نتائج العرض ستُظهر نسخ تجاميع مختلفة، وتحليل للاقتباسات، وموقع المكتبة (حالياً كتب فقط).</search_description>
			<url>http://scholar.google.com</url>
			<search_url>http://scholar.google.com/scholar?ie=UTF-8&amp;oe=UTF-8&amp;hl=eng&amp;as_sauthors={$formKeywords}</search_url>
			
		</search>
		<search>
			<search_title>Intute: الفنون والعلوم الإنسانية</search_title>
			<search_description>هو خدمة مجانية على الإنترنت، يتيح لك الوصول إلى أفضل المصادر في الشبكة العنكبوتية لأغراض: التعليم والبحث العلمي، مقيمة ومختارة من قبل شبكة من المتخصصين في تلك المواضيع. هناك أكثر من 180 ألف مصدر على الإنترنت مدرج هنا وهي متاحة مجاناً عبر البحث باستعمال الكلمات المفتاحية وعبر التصفح.</search_description>
			<url>http://www.intute.ac.uk/artsandhumanities/ejournals.html</url>
			<search_url>http://www.intute.ac.uk/artsandhumanities/cgi-bin/search.pl?submit.x=0&amp;submit.y=0&amp;submit=Go&amp;limit=0&amp;subject=artsandhumanities&amp;term1={$formKeywords}</search_url>
			
		</search>
		<search>
			<search_title>OAIster (Open Archives Initiative research databases)</search_title>
			<search_description>OAIster هو مشروع لجامعة مشغان لخدمات إنتاج المكتبة الرقمية، ويوفر عملية البحث ضمن مجاميع موارد متنوعة في مؤسسات عديدة. هذه المؤسسات جعلت سجلات مواردها الرقمية متاحة مجاناً، وفريق المشروع جمعها ضمن خدمة OAIster.</search_description>
			<url>http://oaister.umdl.umich.edu/</url>
			<search_url>http://oaister.umdl.umich.edu/cgi/b/bib/bib-idx?type=boolean&amp;size=10&amp;c=oaister&amp;q1=&amp;rgn1=entire+record&amp;op2=and&amp;q2=&amp;rgn2=entire+record&amp;op3=And&amp;q3=&amp;rgn3=title&amp;op4=And&amp;rgn4=author&amp;op5=And&amp;q5=&amp;rgn5=subject&amp;op6=And&amp;rgn6=norm&amp;q6=all+types&amp;sort=author%2Fcreator&amp;submit2=search&amp;q4={$formKeywords}</search_url>
			
		</search>
		<search>
			<search_title>حاصود المحفوظات المفتوحة لمشروع المعرفة العامة</search_title>
			<search_description>هو نظام فهرسة مجاني للبيانات الوصفية، مطور من قبل مشروع المعرفة العامة عبر جهود تمويله الفدرالية لتوسيع وتحسين الوصول إلى الأبحاث. وهو يتيح لك إنشاء فهرس قابل للبحث من البيانات الوصفية لمبادرة المحفوظات المفتوحة، مثل المواقع التي تعمل بنظام المجلات المفتوحة أو أنظمة المؤتمرات المفتوحة.</search_description>
			<url>http://pkp.sfu.ca/harvester/</url>
			<search_url>http://pkp.sfu.ca/harvester/search.php?limit=author&amp;query={$formKeywords}</search_url>
			
		</search>
		<search>
			<search_title>الفهرس الانثروبولوجي</search_title>
			<search_description>هو فهرس منظم على أساس المواضيع والمؤلفين للمقالات الدورية في كل مجالات الانثروبولوجي. هو مصنع من قبل متحف مكتبة النوع البشري.</search_description>
			<url>http://aio.anthropology.org.uk/cgi-bin/uncgi/search_bib_ai/anthind_short</url>
			<search_url>http://aio.anthropology.org.uk/cgi-bin/uncgi/search_bib_ai/anthind_short</search_url>
			<search_post>Default_Years=#1957#1958#1959#1960#1961#1962#1963#1964#1965#1966#1967#1968#1969#1970#1971#1972#1973#1974#1975#1976#1977#1978#1979#1980#1981#1982#1983#1984#1985#1986#1987#1988#1989#1990#1991#1992#1993#1994#1995#1996#1997#1998#1999#2000#2001#2002#2003#2004#2005#Recent&amp;Year=Recent&amp;Text_w=&amp;Text=&amp;Author_w=&amp;Subject1=&amp;Subject2=&amp;Subject3=&amp;Email=You@whereever.edu&amp;Refer=on&amp;Author={$formKeywords}</search_post>			
		</search>
		<search>
			<search_title>الملقم الإنجليزي</search_title>
			<search_description>يضم نصوص في علوم الإنسانيات على الإنترنت تضم أكثر من 18 ألف عمل، تغطي: التأريخ، علم الأعراق، الفنون والعمارة، الحكومة، وغيرها من المواضيع.</search_description>
			<url>http://eserver.org/</url>
			<search_url>http://www.google.com/u/EServer?q={$formKeywords}</search_url>
			
		</search>
		<search>
			<search_title>IATH: مؤسسة التقنيات المتقدمة في العلوم الإنسانية</search_title>
			<search_description>من جامعة فرجينيا في مدينة Charlottesville، تتيح الوصول محفوظات بحثية في العلوم الإنسانية على الإنترنت، مع مقالات، وتقارير، إضافة إلى العدد الأخير من مجلة Postmodern Culture، وهي المجلة الالكترونية المحكمة الأقدم في العلوم الإنسانية.</search_description>
			<url>http://jefferson.village.virginia.edu/</url>
			<search_url>http://www.google.com/u/iath?sa=Google+Search+of+IATH&amp;domains=village.virginia.edu&amp;sitesearch=village.virginia.edu&amp;q={$formKeywords}</search_url>
			
		</search>
		<search>
			<search_title>صفحة الكتب على الإنترنت</search_title>
			<search_description>هي أكثر مواقع الإنترنت شمولية والتي تسهل الوصول إلى الكتب المتاحة للقراءة مجاناً على الإنترنت.</search_description>
			<url>http://digital.library.upenn.edu/books/</url>
			<search_url>http://onlinebooks.library.upenn.edu/webbin/book/search?amode=words&amp;tmode=words&amp;title=&amp;author={$formKeywords}</search_url>
			
		</search>
		<search>
			<search_title>المكتبة الرقمية Perseus</search_title>
			<search_description>مصممة لتكون مصدراً للدراسات عن العالم القديم. بدأ أولاً بتغطية عالم الإغريق القديم، ثم توسع إلى النصوص والأدوات اللاتينية، مواد عصر النهضة، والبرديات. يضم مئات النصوص التي تعود إلى المؤلفين الرئيسيين القدامى، مع قواعد بيانات لعلم الصرف ومعارف المعاجم فيها مداخل تضم 2800 بيت شعري، منحوتة، عملة نقدية، مبنى، وموقع. كذلك يحتوي على أكثر من 13 ألف صورة لتلك الموجودات.</search_description>
			<url>http://www.perseus.tufts.edu/</url>
			<search_url>http://www.perseus.tufts.edu/cgi-bin/vor?x=22&amp;y=15&amp;lookup={$formKeywords}</search_url>
			
		</search>
		<search>
			<search_title>صوت المكوك</search_title>
			<search_description>يركز أولاً وآخراً على مصادر الأدب الأمريكي، يتضمن روابط لمناهج، مجلات الكترونية ومجموعات صحف.</search_description>
			<url>http://vos.ucsb.edu/</url>
			<search_url>http://vos.ucsb.edu/search-results.asp?Submit=Go&amp;search={$formKeywords}</search_url>
			
		</search>
	</context>
	<context>
		<context_title>البحث عن المصطلحات</context_title>
		<context_abbrev>البحث عن المصطلحات</context_abbrev>
		<context_description>أنقر نقراً مزدوجاً على أي كلمة في النص وستظهر في صندوق &quot;تعريف المصطلحات&quot;. بإمكانك أيضاً طباعة الكلمات أو لصقها فيه. ثم استعمل وظيفة البحث للعثور على تعريف للكلمة. تم اختيار هذه الموارد كونها ذات صلة ومجانية، إذ تتيح الوصول لكل أو بعض محتواها مجاناً.</context_description>
		<define_terms />
		<search>
			<search_title>Google</search_title>
			<search_description>البحث عن تعاريف باستعمال محرك البحث الشائع.</search_description>
			<url>http://www.google.com/</url>
			<search_url>http://www.google.com/search?hl=en&amp;q=define%3A{$formKeywords}</search_url>
			
		</search>
		<search>
			<search_title>Merriam-Webster Online</search_title>
			<search_description>قاموس مؤسس على الطبعة العاشرة لكلية Webster، 1993، مع تحديثات تضاف له سنوياً. فيه أكثر من 160 ألف مدخل. كل كلمة يرافقها تعريفها ولفظها واستعمالاتها ومحدداتها القواعدية وتحليل موجز لأصلها. عند الإدخال الإملائي الخاطئ يقترح الموقع التصحيح. نظام البحث الداخلي فيه يدعم الحروف البديلة والبحث عبر استقطاع الجزء الأيمن من الكلمة. يتضمن دليل لفظي موسع وملفات صوتية للكثير من المصطلحات.</search_description>
			<url>http://www.merriam-webster.com/</url>
			<search_url>http://www.merriam-webster.com/cgi-bin/dictionary?book=Dictionary&amp;va={$formKeywords}</search_url>
			
		</search>
		<search>
			<search_title>Wikipedia: The Free Encyclopedia</search_title>
			<search_description>&quot;هي موسوعة مجانية ساهم المشاركون من أنحاء العالم في كتابتها. معنى تسمية الموقع أن أي شخص بإمكانه تعديل أي مقال&quot;. بدون إشراف لهيئة تحرير، لذلك فإن رصانة المحتوى المنشور على الموقع متباين بشكل هائل، لكنه جدير بالمعاينة. النسخة الإنجليزية تضم مئات الآلاف من المداخل. كما أنه يقدم نسخ أخرى بالفرنسية والإسبانية ولغات أخرى أيضاً.</search_description>
			<url>http://en.wikipedia.org/wiki/Main_Page</url>
			<search_url>http://en.wikipedia.org/wiki/Special:Search?go=Go&amp;fulltext=Search&amp;search={$formKeywords}</search_url>
			
		</search>
		<search>
			<search_title>Infoplease.com</search_title>
			<search_description>هذا الموقع يتضمن محتوى Information Please Almanacs، وهي قاعدة بيانات للترجمة الذاتية أو السيرة، وقاموس، وأطلس ومقالات من موسوعة كولومبيا. يمكنك البحث في هذه المراجع الجاهزة ككل أو بشكل منفصل أو تصفح الموقع. هناك قصص مميزة كل أسبوع تغطي مواضيع خبرية، مع روابط وثيقة الصلة بمحتوى الموقع وموارد أخرى في الإنترنت.</search_description>
			<url>http://www.infoplease.com</url>
			<search_url>http://www.infoplease.com/search?fr=iptn&amp;in=all&amp;x=0&amp;y=0&amp;query={$formKeywords}</search_url>
			
		</search>
		<search>
			<search_title>موسوعة الفلسفة على الإنترنت</search_title>
			<search_description>هذه الموسوعة تضم مقالات محدثة من مصادر عامة، مواد معدلة بقلم المحرر لأغراض التدريس، ومساهمات أصلية من قبل فلاسفة محترفين عبر الإنترنت.</search_description>
			<url>http://www.utm.edu/research/iep/</url>
			<search_url>http://www.google.com/search?hl=en&amp;lr=&amp;q=site%3Awww.utm.edu%2Fresearch%2Fiep%2F+{$formKeywords}</search_url>
			
		</search>
		<search>
			<search_title>موسوعة الفلسفة من ستانفورد</search_title>
			<search_description>Stanford Encyclopedia of Philosophy is a searchable encyclopedia of philosophy providing in-depth explanations for terms.</search_description>
			<url>http://plato.stanford.edu/</url>
			<search_url>http://plato.stanford.edu/cgi-bin/webglimpse.cgi?nonascii=on&amp;errors=0&amp;maxfiles=50&amp;maxlines=30&amp;maxchars=10000&amp;ID=1&amp;query={$formKeywords}</search_url>
			
		</search>
		<search>
			<search_title>قواميس OneLook</search_title>
			<search_description>هو قاموس يبحث في البيانات الوصفية للقواميس الأخرى. أدخل كلمة إنجليزية أو اختصاراً، وسيقوم بالبحث عن فهارسها ضمن 5292362 كلمة في 934 قاموس مفهرس ما بين عام ومتخصص.</search_description>
			<url>http://www.onelook.com/index.html</url>
			<search_url>http://www.onelook.com/?ls=a&amp;w={$formKeywords}</search_url>
			
		</search>
		<search>
			<search_title>WordNet</search_title>
			<search_description>هو قاعدة بيانات لمعجم على الإنترنت، ويعتبر من أهم المصادر المتوفرة للباحثين في مجال المعاجم المحوسبة، تحليل النصوص، وغيرها من المجالات ذات الصلة. تصميمه من إلهام النظريات الحديثة لعلم نفس اللغة من ذاكرة الإنسان المعجمية. الأسماء الإنجليزية، الأفعال، الصفات، الظروف... مصنفة ضمن مجاميع مترادفة، كل منها يمثل مفهوم معجمي قائم بذاته. هناك عدة علاقات تربط مجاميع المرادفات.</search_description>
			<url>http://wordnet.princeton.edu</url>
			<search_url>http://wordnet.princeton.edu/perl/webwn?sub=Search+WordNet&amp;o2=&amp;o0=1&amp;o7=&amp;o5=&amp;o1=1&amp;o6=&amp;o4=&amp;o3=&amp;h=&amp;s={$formKeywords}</search_url>
			
		</search>
	</context>
	<context>
		<context_title>سياسة الدولة</context_title>
		<context_abbrev>سياسة الدولة</context_abbrev>
		<context_description>يفحص موارد حكومية متعددة.</context_description>

		<search>
			<search_title>مدخل لمعلومات وخدمات الحكومة الأسترالية</search_title>
			<search_description>يقدم وصول شامل ومتكامل لمعلومات وخدمات الحكومة الأسترالية. ستجد بنية مركزة لبيانات الحكومة الأسترالية في هذا الموقع. &lt;a href=&quot;http://www.australia.gov.au&quot;&gt;www.australia.gov.au&lt;/a&gt; حالياً يشتمل على إدراجات من أكثر من 700 موقع حكومي أسترالي وفهارس وأكثر من 5 ملايين صفحة، ويستعمل البيانات الوصفية والنصوص الكاملة لأغراض الفهرسة لضمان كونه مدخلاً حكومياً شاملاً.</search_description>
			<url>http://www.fed.gov.au</url>
			<search_url>http://govsearch.australia.gov.au/search/search.cgi?collection=gov&amp;form=au&amp;query=&amp;query_phrase=&amp;query_or=&amp;query_not=&amp;meta_f_sand=&amp;scope=&amp;fscope=512&amp;num_ranks=20&amp;chksummary=chksummary&amp;query_and={$formKeywords}</search_url>
			
		</search>
		<search>
			<search_title>منشورات الحكومة الكندية</search_title>
			<search_description>يوفر هذا الموقع نافذة واحدة للحصول على منشورات مجانية أو بثمن مرخصة من قبل الوزارات الكندية. قاعدة البيانات لا تضمن كل المنشورات المقدمة من جميع الوزارات. رغم ذلك تضم أكثر من 100 ألف منشور، وهذا العدد يزداد بواقع يومي حيث أن هذا الموقع يتعاون مع تلك الدوائر الحكومية.</search_description>
			<url>http://www.canada.gc.ca/main_e.html</url>
			<search_url>http://publications.gc.ca/control/quickPublicSearch?searchAction=2&amp;termValue={$formKeywords}</search_url>
			
		</search>
		<search>
			<search_title>Directgov</search_title>
			<search_description>هي خدمة حكومية تتيح للناس الوصول إلى طيف واسع من المعلومات العامة والخدمات وأحدثها، ضمن موقع واحد على الإنترنت وعلى التلفاز الرقمي. إنه يستعمل المواصفات المصاغة والمنصوص عليها عبر UK GovTalk.</search_description>
			<url>http://www.direct.gov.uk</url>
			<search_url>http://www.direct.gov.uk/AdvancedSearch/SearchResults/fs/en?NP=1&amp;PO1=C&amp;PI1=W&amp;PF1=A&amp;PG=1&amp;RP=20&amp;SC=__dgov_site&amp;Z=1&amp;PT1={$formKeywords}</search_url>
			
		</search>
		<search>
			<search_title>Info4local.gov.uk</search_title>
			<search_description>معلومات الحكومة المحلية من الحكومة المركزية. هذا الموقع يعطي السلطات المحلية طريقة سهلة وسريعة للعثور على البيانات عبر الإنترنت مما يخص وزارات الحكومة المركزية، الوكالات، والممثليات العامة. إنه يضم معلومات واسعة لتطبيق الحوكمة الالكترونية.</search_description>
			<url>http://www.info4local.gov.uk</url>
			<search_url>http://www.info4local.gov.uk/?view=Search+results&amp;subjects=all&amp;departmentsIds=0&amp;informationTypesIds=all&amp;query={$formKeywords}</search_url>
			
		</search>
		<search>
			<search_title>مدخل الحكومة النيوزلندية</search_title>
			<search_description>هو موقع يتيح عمليات البحث مع روابط لمعلومات وخدمات آنية وغير آنية لمختلف الوكالات الحكومية. هذا الموقع يدار ويدام من قبل مفوضية خدمات الدولة، وهي إحدى الوزارات الحكومية.</search_description>
			<url>http://www.govt.nz</url>
			<search_url>http://www.govt.nz/search?type=spider&amp;t=spider&amp;q={$formKeywords}</search_url>
			
		</search>
		<search>
			<search_title>Europa</search_title>
			<search_description>المعلومات الحالية عن الدول الأعضاء في الاتحاد الأوربي، بضمنها بيانات إحصائية، سياسات، أخبار، وثائق رسمية، نصوص قانونية، ومنشورات أخرى.</search_description>
			<url>http://europa.eu.int/index_en.htm</url>
			<search_url>http://europa.eu.int/geninfo/query/resultaction.jsp?page=1</search_url>
			<search_post>Collection=EuropaFull&amp;ResultTemplate=/result_en.jsp&amp;ResultCount=25&amp;qtype=simple&amp;ResultMaxDocs=200&amp;DefaultLG=en&amp;QueryText={$formKeywords}</search_post>			
		</search>
		<search>
			<search_title>شبكة المعلومات القانونية العالمية (GLIN)</search_title>
			<search_description>هي قاعدة بيانات للقوانين، التشريعات، القرارات القضائية، ومصادر قانونية تكميلية أخرى شاركت بها الوكالات الحكومية والمنظمات العالمية. أعضاء هذه الشبكة يساهمون بالنصوص الكاملة من الوثائق المنشورة لإدراجها في قاعدة البيانات وبلغاتها الأصلية. كل وثيقة يصاحبها موجز باللغة الإنجليزية وعبارات إصطلاحية منتخبة من الفهرس متعدد اللغات لقاعدة البيانات.</search_description>
			<url>http://www.glin.gov</url>
			<search_url>http://www.glin.gov/search.do?refineQuery=&amp;offset=0&amp;refineQueryType=&amp;fromSearch=true&amp;queryType=ALL&amp;searchBtn=Search&amp;includeAllFields=on&amp;searchAll=on&amp;sumLanguage=any&amp;pubLanguage=any&amp;pubJurisdiction=any&amp;publicationJurisdictionExclude=false&amp;searchPublicationDate=true&amp;dateFromDay=01&amp;dateFromMonth=01&amp;dateFromYear=&amp;dateToDay=01&amp;dateToMonth=01&amp;dateToYear=&amp;subjTerm=&amp;subjTermConjunction%5B0%5D=AND&amp;subjTerm=&amp;subjTermConjunction%5B1%5D=AND&amp;subjTerm=&amp;subjTermConjunction%5B2%5D=AND&amp;subjTerm=&amp;subjTermConjunction%5B3%5D=AND&amp;subjTerm=&amp;searchOrder=default&amp;hitsPerPage=10&amp;showSummary=on&amp;queryString={$formKeywords}</search_url>
			
		</search>
	</context>
	<context>
		<context_title>عمليات البحث في الكتب</context_title>
		<context_abbrev>عمليات البحث في الكتب</context_abbrev>
		<context_description>مصادر تتعلق بالكتب</context_description>

		<search>
			<search_title>Google Print</search_title>
			<search_description>تعمل Google مع مكتبات جامعات: مشغان، هارفارد، ستانفورد، أوكسفورد ومع المكتبة العامة في نيويورك لرقمنة الكتب التي بحوزتها وإتاحتها للناس عبر خدمة Google Print، وهو مشروع مسح ضوئي عملاق من شأنه إدخال ملايين المجلدات من الكتب المطبوعة في قاعدة بيانات. أنقر على عنوان الكتاب وستجد الصفحة التي تتضمن عبارة البحث التي استعملتها، كما بإمكانك البحث عن المزيد من المعلومات ضمن ذلك الكتاب تحديداً، والعثور على تنقيحات ومراجعات أو بيانات أخرى ذات صلة، والتعرف على جهة النشر، وكذلك شراء الكتاب والعثور على مكتبات قريبة تبيعه.</search_description>
			<url>http://print.google.com</url>
			<search_url>http://print.google.com/print?q={$formKeywords}</search_url>
			
		</search>
		<search>
			<search_title>صفحة الكتب على الإنترنت</search_title>
			<search_description>صفحة الكتب على الإنترنت، المحررة من قبل John Mark Ockerbloom من جامعة بنسلفانيا. هذه نقطة بداية ممتازة عند البحث عن النصوص الكاملة للكتب عبر الإنترنت. أكثر من 20 ألف عمل باللغة الإنجليزية بصيغ مختلفة متاح على الإنترنت عبر عدة مواقع. يمكن البحث فيه عبر العنوان أو المؤلف. لديه ميزة مثيرة للاهتمام حيث يسمح بالتصفح عبر أرقام فئات مكتبة الكونغرس. تُضاف له قوائم جديدة دورياً وهي مفروزة في صفحة مستقلة على الرابط &lt;a href=&quot;http://onlinebooks.library.upenn.edu/new.html&quot;&gt;http://onlinebooks.library.upenn.edu/new.html&lt;/a&gt;.</search_description>
			<url>http://digital.library.upenn.edu/books/</url>
			<search_url>http://onlinebooks.library.upenn.edu/webbin/book/search?tmode=words&amp;title={$formKeywords}</search_url>
			
		</search>
		<search>
			<search_title>Books-On-Line</search_title>
			<search_description>تجمُّع من أكثر من 32935 عنوان، رغم أن بعضها مقتطفات فقط. التصفح يكون عبر الموضوع أو البحث عبر المؤلف أو العنوان. ليست جميع المؤلفات مجانية.</search_description>
			<url>http://www.books-on-line.com/</url>
			<search_url>http://www.books-on-line.com/bol/KeyWordSearch.cfm?RowCount=50&amp;Searchquery={$formKeywords}</search_url>
			
		</search>
		<search>
			<search_title>المكتبة العالمية</search_title>
			<search_description>المكتبة العالمية تعتبر الأكثر تعمقاً والأكثر طموحاً. إنها تكدس مجموعة من نحو مئة ألف كتاب ألكتروني (بعضها من مشروع غوتنبرغ)، وهي تهدف إلى وصول مليون كتاب الكتروني في نهاية عام 2006.</search_description>
			<url>http://tera-3.ul.cs.cmu.edu/</url>
			<search_url>http://tera-3.ul.cs.cmu.edu/cgi-bin/DBscripts/advsearch_db.cgi?perPage=25&amp;listStart=0&amp;author1=&amp;subject1=Any&amp;year1=&amp;year2=&amp;language1=Any&amp;scentre=Any&amp;search=Search&amp;title1={$formKeywords}</search_url>
			
		</search>
	</context>
	<context>
		<context_title>نقاد الأدب</context_title>
		<context_abbrev>نقاد الأدب</context_abbrev>
		<context_description>يبحث في المواقع النقدية ومواقع السير عن المؤلفين وأعمالهم التي يمكن استعراضها حسب المؤلف، العنوان، الجنسية، والفترة الأدبية.</context_description>

		<search>
			<search_title>الفهرس الأدبي (Gale Group)</search_title>
			<search_description>هو فهرس رئيسي للمنتجات الأدبية الأساسية المنشورة عبر Gale، تضم المؤلفين المعاصرين والنقد الأدبي للفترة 1400 - 1800. كذلك يفهرس عناوين مصادر طباعية من Charles Scribner's Sons، مطبعة St. James، و Twayne Publishers. العديد من هذه المصادر، الموجودة عادة في المكتبات، تتضمن تراجم كاملة عن المؤلفين ومقالات نقدية بخط أيديهم</search_description>
			<url>http://www.galenet.com/servlet/LitIndex</url>
			<search_url>http://www.galenet.com/servlet/LitIndex/hits?ttlRad=ti&amp;n=10&amp;NA=&amp;r=s&amp;origSearch=true&amp;o=DocTitle&amp;l=8&amp;c=1&amp;secondary=false&amp;u=LitIndex&amp;t=KW&amp;s=2&amp;TI={$formKeywords}</search_url>
			
		</search>
		<search>
			<search_title>مجموعة النقد الأدبي من المكتبة العامة على الإنترنت</search_title>
			<search_description>استعرض مجموعة روابط النقد الأدبي من المكتبة العامة على الإنترنت والتي تؤدي إلى مواقع نقد أدبي غربي وغير غربي، مرتبة حسب المؤلف، عنوان العمل، وحسب المرحلة ضمن التقليد الوطني المعين.</search_description>
			<url>http://www.ipl.org/div/litcrit/</url>
			<search_url>http://www.ipl.org/div/searchresults/?where=searchresults&amp;words={$formKeywords}</search_url>
			
		</search>
		<search>
			<search_title>مدخل الشعر</search_title>
			<search_description>هذه مجموعة شاملة وغنية بالمعلومات لروابط عن الشعر على الإنترنت، الأحداث، الدروس، الأنماط، والنشر. يغطي الموقع أيضاً المواقع الشعرية، ezines، الشعر الصوتي، الإدراك الشعري، النقد والمراجعات، الدروس الشعرية، ورش العمل، المؤتمرات، أخبار الكتب والتجارة، الدردشة الشعرية، مع مصادر لتحسين الكتابة ونشرها</search_description>
			<url>http://www.poetry-portal.com/</url>
			<search_url>http://www.google.com/search?hl=en&amp;q=site%3Awww.poetry-portal.com+{$formKeywords}</search_url>
			
		</search>
	</context>
	<context>
		<context_title>تنقيحات الكتب</context_title>
		<context_abbrev>تنقيحات الكتب</context_abbrev>
		<context_description>أنقر على روابط البحث للتحقق من تنقيحات الكتاب.</context_description>

		<search>
			<search_title>المراجعات الكلاسيكية من Bryn Mawr</search_title>
			<search_description>يضمن النص الكامل لكل تحكيم كتاب منشور منذ 1990 ضمن المرجعات الكلاسيكية من Bryn Mawr. المقالات مفهرسة حسب العدد وحسب عنوان الكتاب.</search_description>
			<url>http://ccat.sas.upenn.edu/bmcr/</url>
			<search_url>http://ccat.sas.upenn.edu/cgi-bin/bmcr/bmcr_search?action=search&amp;lookup={$formKeywords}</search_url>
			
		</search>
		<search>
			<search_title>مراجعات H-Net</search_title>
			<search_description>في العلوم الإنسانية والعلوم الاجتماعية، هو مصدر مراجعات علمية على الإنترنت. يتم نشر المراجعات على الإنترنت عبر شبكة مناقشة وعبر هذا الموقع. هذا يسمح للمراجعات أن تصل إلى الدارسين بسرعة لا تضاهى بأي وسيلة أخرى. كما أنه يجعل نوعاً آخر من التفاعل ممكناً، نظراً لتلاقي المحكمين والمؤلفين والقراء في المناقشات على الإنترنت عبر قوة البريد الالكتروني وهذا الموقع، الأمر الذي ساعد في ريادة التحكيم العلمي على الإنترنت.</search_description>
			<url>http://www2.h-net.msu.edu/reviews/</url>
			<search_url>http://www2.h-net.msu.edu/reviews/search.cgi?maxlines=25&amp;maxfiles=25&amp;all=all&amp;query={$formKeywords}</search_url>
			
		</search>
		<search>
			<search_title>كتب نيويورك تايمز</search_title>
			<search_description>يتم تحديثها يومياً. تتضمن جميع مراجعات كتاب الأحد مع أرشيف قابل للبحث لأكثر من 50 ألف مراجعة تعود إلى عام 1980، قائمة أفضل المبيعات، وأكثر. (يتطلب التسجيل).</search_description>
			<url>http://www.nytimes.com/auth/login?Tag=/&amp;URI=/books/</url>
			<search_url>http://query.nytimes.com/search/query?ppds=ctaxAbodyS&amp;v1=Top%2FFeatures%2FBooks%2FBook+Reviews&amp;sort=closest_newest&amp;v2={$formKeywords}</search_url>
			
		</search>
		<search>
			<search_title>الدراسات الأدبية الحديثة</search_title>
			<search_description>الدراسات الأدبية الحديثة (ISSN 1201-2459) هي مجلة محكمة صارت بمثابة ميدان رسمي للنقاش العلمي وكمصدر أكاديمي للباحثين في حقل الاختصاص. المقالات في الموقع تتفحص الأدب الإنجليزي، الثقافة الأدبية، وعلم اللغة خلال القرنين السادس عشر والسابع عشر؛ الاستجابات الناتجة عن النشر البحثي يتم نشرها أيضاً كجزء من منتدى القراء. التحكيمات تقيم الأعمال الحالية فضلاً عن الأدوات الأكاديمية المهمة للدارسين. تلتزم المجلة بجمع الروابط وإدامتها لأكثر الموارد شمولية وفائدة عبر الإنترنت، وبخاصة لدارسي عصر النهضة، بضمنها الأرشيفات، النصوص الالكترونية، مجاميع المناقشة، وغير ذلك.</search_description>
			<url>http://www.shu.ac.uk/emls/emlshome.html</url>
			<search_url>http://www.shu.ac.uk/cgi-bin/htsearch?method=and&amp;format=builtin-long&amp;sort=score&amp;matchesperpage=10&amp;config=emls&amp;restrict=&amp;exclude=&amp;words={$formKeywords}</search_url>
			
		</search>
	</context>
	<context>
		<context_title>دراسات ذات صلة</context_title>
		<context_abbrev>دراسات ذات صلة</context_abbrev>
		<context_description>الوصول إلى دراسات مماثلة عبر تأسيس رابط إلى قاعدة بيانات مفتوحة (مجانية)، مع ملخصات و/أو نصوص كاملة متعلقة بموضوعك.</context_description>

		<search>
			<search_title>الفهرس الانثروبولوجي</search_title>
			<search_description>هو فهرس منظم على أساس المواضيع والمؤلفين للمقالات الدورية في كل مجالات الانثروبولوجي. هو مصنع من قبل متحف مكتبة النوع البشري.</search_description>
			<url>http://aio.anthropology.org.uk/cgi-bin/uncgi/search_bib_ai/anthind_short</url>
			<search_url>http://aio.anthropology.org.uk/cgi-bin/uncgi/search_bib_ai/anthind_short</search_url>
			<search_post>Default_Years=2001#2002#2003#2004#2005#Recent&amp;Year=#1957#1958#1959#1960#1961#1962#1963#1964#1965#1966#1967#1968#1969#1970#1971#1972#1973#1974#1975#1976#1977#1978#1979#1980#1981#1982#1983#1984#1985#1986#1987#1988#1989#1990#1991#1992#1993#1994#1995#1996#1997#1998#1999#2000#2001#2002#2003#2004#2005#Recent&amp;Text_w=&amp;Author_w=&amp;Subject1=&amp;Subject2=&amp;Subject3=&amp;Email=You@whereever.edu&amp;Refer=on&amp;Author=&amp;Text={$formKeywords}</search_post>			
		</search>
		<search>
			<search_title>الملقم الإنجليزي</search_title>
			<search_description>يضم نصوص في علوم الإنسانيات على الإنترنت تضم أكثر من 18 ألف عمل، تغطي: التأريخ، علم الأعراق، الفنون والعمارة، الحكومة، وغيرها من المواضيع.</search_description>
			<url>http://eserver.org/</url>
			<search_url>http://www.google.com/u/EServer?q={$formKeywords}</search_url>
			
		</search>
		<search>
			<search_title>IATH: مؤسسة التقنيات المتقدمة في العلوم الإنسانية</search_title>
			<search_description>من جامعة فرجينيا في مدينة Charlottesville، تتيح الوصول محفوظات بحثية في العلوم الإنسانية على الإنترنت، مع مقالات، وتقارير، إضافة إلى العدد الأخير من مجلة Postmodern Culture، وهي المجلة الالكترونية المحكمة الأقدم في العلوم الإنسانية.</search_description>
			<url>http://jefferson.village.virginia.edu/</url>
			<search_url>http://www.google.com/u/iath?sa=Google+Search+of+IATH&amp;domains=village.virginia.edu&amp;sitesearch=village.virginia.edu&amp;q={$formKeywords}</search_url>
			
		</search>
		<search>
			<search_title>NetSERF: إتصال الإنترنت لموارد القرون الوسطى</search_title>
			<search_description>ترتيب مفصل من الروابط ومبوب حسب المواضيع لعدد كبير من المواقع يتعلق بتأريخ القرون الوسطى وثقافتها.</search_description>
			<url>http://www.netserf.org/</url>
			<search_url>http://www.netserf.org/Features/Search/default.cfm?Search_Action=Process&amp;Phrase_required=You must provide a search phrase with this option.&amp;phrase={$formKeywords}</search_url>
			
		</search>
		<search>
			<search_title>صفحة الكتب على الإنترنت</search_title>
			<search_description>هي أكثر مواقع الإنترنت شمولية والتي تسهل الوصول إلى الكتب المتاحة للقراءة مجاناً على الإنترنت.</search_description>
			<url>http://digital.library.upenn.edu/books/</url>
			<search_url>http://onlinebooks.library.upenn.edu/webbin/book/search?author=&amp;amode=words&amp;tmode=words&amp;title={$formKeywords}</search_url>
			
		</search>
		<search>
			<search_title>المكتبة الرقمية Perseus</search_title>
			<search_description>مصممة لتكون مصدراً للدراسات عن العالم القديم. بدأ أولاً بتغطية عالم الإغريق القديم، ثم توسع إلى النصوص والأدوات اللاتينية، مواد عصر النهضة، والبرديات. يضم مئات النصوص التي تعود إلى المؤلفين الرئيسيين القدامى، مع قواعد بيانات لعلم الصرف ومعارف المعاجم فيها مداخل تضم 2800 بيت شعري، منحوتة، عملة نقدية، مبنى، وموقع. كذلك يحتوي على أكثر من 13 ألف صورة لتلك الموجودات.</search_description>
			<url>http://www.perseus.tufts.edu/</url>
			<search_url>http://www.perseus.tufts.edu/cgi-bin/vor?x=22&amp;y=15&amp;lookup={$formKeywords}</search_url>
			
		</search>
		<search>
			<search_title>صوت المكوك</search_title>
			<search_description>يركز أولاً وآخراً على مصادر الأدب الأمريكي، يتضمن روابط لمناهج، مجلات الكترونية ومجموعات صحف.</search_description>
			<url>http://vos.ucsb.edu/</url>
			<search_url>http://vos.ucsb.edu/search-results.asp?Submit=Go&amp;search={$formKeywords}</search_url>
			
		</search>
		<search>
			<search_title>قاموس السيرة الكندية على الإنترنت</search_title>
			<search_description>مجموعة من التراجم المصادق عليها التي تصور الأشخاص الجديرين بالاهتمام من كلا الجنسين (باستثناء من لا يزال حياً حتى الآن). الطور الأول يقدم الشخصيات المتوفاة بين عامي 1000 و 1920</search_description>
			<url>http://www.biographi.ca/EN/index.html</url>
			<search_url>http://www.biographi.ca/EN/Results.asp?ToDo=&amp;Show=&amp;Data1=&amp;Data2=&amp;Data3=&amp;Data4=&amp;Data5=&amp;Data6=&amp;&amp;Data7=&amp;Data8=&amp;Data9=&amp;Data10=&amp;txtSearch={$formKeywords}</search_url>
			
		</search>
	</context>
	<context>
		<context_title>الأطاريح</context_title>
		<context_abbrev>الأطاريح</context_abbrev>
		<context_description>يتيح الوصول إلى مستودع غني بأطاريح التخرج ساهم به عدد من المؤسسات الأعضاء حول العالم.</context_description>

		<search>
			<search_title>CRL قواعد بيانات أطاريح الدكتوراه الأجنبية</search_title>
			<search_description>إن CRL (مركز المكتبات البحثية) يتضمن قاعدة بيانات للأطاريح المنشورة خارج الولايات المتحدة وكندا، وهو لا يزال في مرحلة البناء. حالياً، ما مجموعه 15 ألف من 750 ألف سجل محملة في قاعدة البيانات. يمكن البحث فيها حسب: المؤلف، اسم المؤسسة، العنوان، السنة، العنوان المترجم، الكلمات المفتاحية للموضوع، اللغة، والبلد. تتضمن قاعدة البيانات أيضاً تعليمات لآلية الإعارة الداخلية.</search_description>
			<url>http://www.crl.edu/content.asp?l1=5&amp;l2=23&amp;l3=44&amp;l4=25</url>
			<search_url>http://www.crl.edu/DBSearch/dissertationsSummary.asp?language=English&amp;title={$formKeywords}</search_url>
			
		</search>
		<search>
			<search_title>Dissertation.com</search_title>
			<search_description>ناشرون أكاديميون لرسائل الماجستير وأطاريح الدكتوراه. يبحث في الآلاف من ملخصات الأطاريح في قاعدة بيانات الأطاريح.</search_description>
			<url>http://dissertation.com/</url>
			<search_url>http://dissertation.com/browse.php?criteria=all&amp;submit.x=23&amp;submit.y=5&amp;keyword={$formKeywords}</search_url>
			
		</search>
		<search>
			<search_title>الفهرس الموحد للأطاريح والرسائل من شبكة المكتبة الرقمية </search_title>
			<search_description>يعمل بشكل مستودع غني بأطاريح التخرج ساهم به عدد من المؤسسات الأعضاء حول العالم. هذا المشروع هو تطوير يربط NDLTD مع VTLS Inc. من المؤمل أن يزيد هذا المشروع من توفر أبحاث الطلبة للدارسين وتحفيز الطلبة لنقل رسالة أوضح عن استعمال تقنيات الوسائط المتعددة والوسائط الفائقة وتقنيات المكتبات الرقمية المتقدمة حول العالم.</search_description>
			<url>http://zippo.vtls.com/cgi-bin/ndltd/chameleon</url>
			<search_url>http://zippo.vtls.com/cgi-bin/ndltd/chameleon?sessionid=2006051219043826835&amp;skin=ndltd&amp;submittheform=Search&amp;usersrch=1&amp;beginsrch=1&amp;elementcount=3&amp;function=INITREQ&amp;search=SCAN&amp;lng=en&amp;pos=1&amp;conf=.%2Fchameleon.conf&amp;u1=4&amp;host=localhost%2B3668%2BDEFAULT&amp;t1={$formKeywords}</search_url>
			
		</search>
		<search>
			<search_title>Scirus ETD Search</search_title>
			<search_description>NDLTD تقدم خدمة بحث من Scirus، وهي مستندة إلى حصاد البيانات من الأرشيف الموحد المستضاف من قبل OCLC.</search_description>
			<url>http://www.ndltd.org/info/description.en.html</url>
			<search_url>http://www.scirus.com/srsapp/search?rep=ndl&amp;q={$formKeywords}</search_url>
			
		</search>
	</context>
	<context>
		<context_title>قواعد بيانات</context_title>
		<context_abbrev>قواعد بيانات</context_abbrev>
		<context_description>تتيح الوصول إلى ملخصات مجانية و/أو قواعد بيانات لنصوص كاملة.</context_description>

		<search>
			<search_title>AAD</search_title>
			<search_description>نظام الوصول إلى قواعد بيانات الأرشيف (AAD) لديه ما يقارب من 350 ملف بيانات تضم ملايين السجلات المتاحة على الإنترنت والتي تمتلك بنية تركيبية ممتازة كما لو كانت في قواعد البيانات. السلاسل المنتخبة للنظام تعرف أشخاصاً معينين، مناطق جغرافية، منظمات، أو تواريخ. بعض من هذه السلاسل تؤدي دور الفهارس لسجلات أرشفة مكملة في صيغ غير الكترونية. يتضمن روابط لأوصاف البحث في السجلات غير الالكترونية من NARA's وحتى الفهرس على الإنترنت من NARA، المسمى ARC.</search_description>
			<url>http://aad.archives.gov/aad</url>
			<search_url>http://search.nara.gov/query.html?rq=0&amp;qp=&amp;rq=0&amp;col=4ardor&amp;col=3ourdoc&amp;col=2pres&amp;col=1arch&amp;qs=&amp;qc=&amp;pw=100%25&amp;ws=0&amp;la=&amp;qm=0&amp;st=1&amp;nh=10&amp;lk=1&amp;rf=0&amp;oq=&amp;rq=0&amp;qt={$formKeywords}</search_url>
			
		</search>
		<search>
			<search_title>بناء أمريكا: مجموعة مكتبة جامعة كورنيل</search_title>
			<search_description>مكتبة رقمية للمصادر الرئيسية في التأريخ الاجتماعي الأمريكي بدءً من فترة ما قبل الحرب الأهلية مروراً بمرحلة إعادة البناء. المجموعة قوية بشكل خاص في موضوعات التعليم، علم النفس، التأريخ الأمريكي، علم الاجتماع، الدين، والعلوم والتقنية.</search_description>
			<url>http://cdl.library.cornell.edu/moa/</url>
			<search_url>http://cdl.library.cornell.edu/cgi-bin/moa/sgml/moa-idx?&amp;type=simple&amp;slice=1&amp;layer=first&amp;coll=both&amp;year1=1815&amp;ear2=1926&amp;q1={$formKeywords}</search_url>
			
		</search>
		<search>
			<search_title>UIUC البوابة الرقمية للمواد الثقافية الموروثة</search_title>
			<search_description>هذه البوابة تستعمل بروتوكول OAI لحصاد البيانات الوصفية، وإتاحتها عبر واجهة بحث لتحسين تغطية الموارد للمواد التي تمثل التراث الثقافي. يتضمن المستودع سجلات بيانات وصفية وهبتها 39 مؤسسة تتضمن أكثر من  1.3 مليون سجل.</search_description>
			<url>http://nergal.grainger.uiuc.edu/cgi/b/bib/bib-idx</url>
			<search_url>http://nergal.grainger.uiuc.edu/cgi/b/bib/bib-idx?type=simple&amp;xc=1&amp;q6=&amp;rgn6=identifier&amp;rgn1=entire+record&amp;op6=And&amp;q1={$formKeywords}</search_url>
			
		</search>
		<search>
			<search_title>A2A - الوصول إلى المحفوظات</search_title>
			<search_description>يضم فهارس تصف المحفوظات المحفوظة في إنجلترا والتي تعود إلى حقبة أعوام 900 وحتى الوقت الحالي.</search_description>
			<url>http://www.a2a.org.uk/</url>
			<search_url>http://www.a2a.org.uk/search/doclist.asp?nb=0&amp;nbKey=1&amp;com=1&amp;properties=0601&amp;keyword={$formKeywords}</search_url>
			
		</search>
		<search>
			<search_title>محور المحفوظات (UK)</search_title>
			<search_description>بوابة وطنية لأوصاف المحفوظات في جامعات بريطانيا وكلياتها.</search_description>
			<url>http://www.archiveshub.ac.uk/</url>
			<search_url>http://www.archiveshub.ac.uk/cgi-bin/deadsearch.cgi?server=SF&amp;fieldidx1=descriptionWord&amp;bool=AND&amp;numreq=25&amp;firstrec=1&amp;format=sgml&amp;noframes=0&amp;maxrecs=50&amp;firstrec=1&amp;fieldcont1={$formKeywords}</search_url>
			
		</search>
		<search>
			<search_title>الموسوعة الكاثوليكية</search_title>
			<search_description>تضم معلومات كاملة مصادق عليها عن أمور تهم الكنيسة الكاثوليكية، وظائفها ومعتقداتها.</search_description>
			<url>http://www.newadvent.org/cathen/index.html</url>
			<search_url>http://www.google.com/custom?domains=NewAdvent.org&amp;sa=Search+New+Advent&amp;sitesearch=NewAdvent.org&amp;client=pub-8168503353085287&amp;forid=1&amp;ie=ISO-8859-1&amp;oe=ISO-8859-1&amp;safe=active&amp;cof=GALT%3A%23008000%3BGL%3A1%3BDIV%3A%23336699%3BVLC%3A663399%3BAH%3Acenter%3BBGC%3AFFFFFF%3BLBGC%3A336699%3BALC%3A0000FF%3BLC%3A0000FF%3BT%3A000000%3BGFNT%3A0000FF%3BGIMP%3A0000FF%3BFORID%3A1%3B&amp;hl=en&amp;q={$formKeywords}</search_url>
			
		</search>
		<search>
			<search_title>قواعد بيانات الأدب، الفنون، والطب</search_title>
			<search_description>هي قوائم معلمة قوامها متعدد الوسائط تضم: النثر، الشعر، أفلام، فنون ذات طابع حركي، قابل للوصول، وهي مصدر شامل للتدريس والبحث في مجال الإنسانيات الطبية، ولاستعمالها في مجالات الصحة، الدراسات الأولية والعليا، الفنون الحرة والعلوم الإنسانية.</search_description>
			<url>http://litmed.med.nyu.edu/Main?action=aboutDB</url>
			<search_url>http://google.med.nyu.edu/search?btnG=search&amp;access=p&amp;entqr=0&amp;output=xml_no_dtd&amp;sort=date%3AD%3AL%3Ad1&amp;ud=1&amp;client=litmed_test&amp;oe=UTF-8&amp;ie=UTF-8&amp;proxystylesheet=litmed_test&amp;site=litmed_test&amp;q={$formKeywords}</search_url>
			
		</search>
		<search>
			<search_title>مجموعة خرائط Perry-Castaneda</search_title>
			<search_description>يعرض صور رقمية منتخبة من مجموعة الخرائط المطبوعة المحفوظة لدى جامعة تكساس، مدينة أوستن.</search_description>
			<url>http://www.lib.utexas.edu/maps/index.html</url>
			<search_url>http://www.lib.utexas.edu:8080/search/utlol/search.jsp?collections=utlol&amp;collections=utdatabases&amp;queryText={$formKeywords}</search_url>
			
		</search>
	</context>
	<context>
		<context_title>مداخل ذات صلة</context_title>
		<context_abbrev>مداخل ذات صلة</context_abbrev>
		<context_description>مداخل ذات صلة</context_description>

		<search>
			<search_title>مدخل المحفوظات</search_title>
			<search_description>منظمة UNESCO، منظمة الأمم المتحدة للتعليم، العلوم، والثقافة، توفر قائمة من الروابط لمحفوظات حول العالم المتاحة على الإنترنت.</search_description>
			<url>http://portal.unesco.org/ci/en/ev.php-URL_ID=5761&amp;URL_DO=DO_TOPIC&amp;URL_SECTION=201.html</url>
			<search_url>http://www.unesco.org/cgi-bin/webworld/portal_archives/cgi/search.cgi?search2=GO&amp;query={$formKeywords}</search_url>
			
		</search>
		<search>
			<search_title>مكتبة جنوب آسيا الرقمية</search_title>
			<search_description>معلومات على الإنترنت عن تأريخ جنوب آسيا وأموره المعاصرة، بضمنها وثائق بالنص الكامل، بيانات إحصائية، صور الكترونية، عروض خرائطية، مصادر تعليمية لتعليمات اللغة.</search_description>
			<url>http://dsal.uchicago.edu/</url>
			<search_url>http://www.google.com/u/dsal?sa=Search&amp;q={$formKeywords}</search_url>
			
		</search>
		<search>
			<search_title>دليل التأريخ</search_title>
			<search_description>بوابة الموضوع لمعلومات ذات صلة بالتعليم في التأريخ مع التركيز على التأريخ الأنغلو-أمريكي في وسط وغرب أوربا.</search_description>
			<url>http://www.historyguide.de/</url>
			<search_url>http://www.historyguide.de/allegrosuche.php?start=0&amp;suchterm={$formKeywords}</search_url>
			
		</search>
		<search>
			<search_title>مشروع Dante (Dartmouth)</search_title>
			<search_description>مجموعة قابلة للبحث من النصوص، تتضمن نصوص إيطالية للكوميديا الإلهية وتعليقات عنها.</search_description>
			<url>http://dante.dartmouth.edu/</url>
			<search_url>http://dante.dartmouth.edu/search_view.php?commentary[]=0&amp;language=any&amp;cantica=0&amp;canto=&amp;line={$formKeywords}</search_url>
			<search_post>Cmd=Search&amp;query={$formKeywords}</search_post>			
		</search>
		<search>
			<search_title>الدوائر الرومانية: Byron, the Shelleys, Keats and their Contemporaries</search_title>
			<search_description>موقع يوفر مصادر دراسية للتعرف على أدب وحضارة الفترة الرومانية.</search_description>
			<url>http://www.rc.umd.edu/</url>
			<search_url>http://www.rc.umd.edu/cgi-bin/search/search.pl?Match=1&amp;Realm=Editions&amp;submit=Search&amp;Terms={$formKeywords}</search_url>
			
		</search>
		<search>
			<search_title>Intute: الفنون والعلوم الإنسانية</search_title>
			<search_description>هو خدمة مجانية على الإنترنت، يتيح لك الوصول إلى أفضل المصادر في الشبكة العنكبوتية لأغراض: التعليم والبحث العلمي، مقيمة ومختارة من قبل شبكة من المتخصصين في تلك المواضيع. هناك أكثر من 180 ألف مصدر على الإنترنت مدرج هنا وهي متاحة مجاناً عبر البحث باستعمال الكلمات المفتاحية وعبر التصفح.</search_description>
			<url>http://www.intute.ac.uk/artsandhumanities/ejournals.html</url>
			<search_url>http://www.intute.ac.uk/artsandhumanities/cgi-bin/search.pl?submit.x=0&amp;submit.y=0&amp;submit=Go&amp;limit=0&amp;subject=artsandhumanities&amp;term1={$formKeywords}</search_url>
			
		</search>
	</context>
	<context>
		<context_title>Pay-per-view</context_title>
		<context_abbrev>Pay-per-view</context_abbrev>
		<context_description>هي خدمة مقدمة للذين ليس لهم حق الوصول المباشر لمقالات المجلات الالكترونية عبر الاشتراكات. هذه الخدمة تسمح للزبائن بالوصول المباشر لمقالة أو مؤلَّف معين عبر الدفع ببطاقات إئتمانية. بمجرد التحقق من تفاصيل الدفع آنياً، يمكن للمستخدم الحصول على ملف المقالة لمدة 30 يوم.</context_description>

		<search>
			<search_title>Ingenta</search_title>
			<search_description>هي تقيد الوصول إلى النص الكامل للمقالات العلمية، ورغم أن الحصول على تلك المؤلفات يكلف مالاً، إلا أن الموقع يمكن استعماله كفهرس مجاني لتلك المقالات والمؤلَّفات.</search_description>
			<url>http://www.ingenta.com/</url>
			<search_url>http://www.ingenta.com/isis/searching/Search/ingenta?database=1&amp;title={$formKeywords}</search_url>
			
		</search>
		<search>
			<search_title>ebrary</search_title>
			<search_description>الباحثون المستقلون الذين ليس لديهم وصول إلى قواعد بيانات ebrary عبر مكتباتهم، بإمكانهم الآن إنشاء حسابات منفردة بكلفة 5 دولارات فقط. موقع ebrary Discover يشمل عدة إختصاصات أكاديمية ويتيح الوصول بطريقة (أي وقت من أي مكان) لأكثر من 20 ألف عنوان مرخص من ضمنها: نصوص كاملة لكتب، أوراق موسيقية، تقارير... وغيرها من الوثائق المرخصة من أكثر من 175 ناشر رئيسي، مثل مطبعة جامعة كامبرج، Random House، Inc.، شركات McGraw-Hill... وغيرها.</search_description>
			<url>http://www.ebrary.com/corp/content.htm</url>
			<search_url>http://shop.ebrary.com/Top?layout=search&amp;f00=text&amp;p01=&amp;f01=subject&amp;d=journal&amp;l=en&amp;sch=%A0%A0%A0%A0%A0Search%A0%A0%A0%A0%A0&amp;frm=adv.x&amp;p00={$formKeywords}</search_url>
			
		</search>
		<search>
			<search_title>Questia</search_title>
			<search_description>تتيح الوصول لأكثر من 47 ألف كتاب و 375 ألف مقال في: مجلة وصحيفة وصحيفة إخبارية. كل الكتب والمقالات متاحة بشكل قابل للبحث في كل صفحة منها. كلفة الاشتراك تتراوح بين 19.05 دولار شهرياً إلى 119.95 دولار سنوياً.</search_description>
			<url>http://www.questia.com/</url>
			<search_url>http://www.questia.com/SM.qst?act=search&amp;keywordsSearchType=1000&amp;mediaType=book&amp;mediaType=journal&amp;mediaType=magazine&amp;mediaType=newspaper&amp;mediaType=encyclopedia&amp;mediaType=startpage&amp;keywords={$formKeywords}</search_url>
			
		</search>
		<search>
			<search_title>Wiley InterScience Pay-per-view Service</search_title>
			<search_description>توفر هذه الخدمة وصولاً مباشراً للنصوص الكاملة لمجموعة هائلة من مقالات المجلات العلمية أو فصول الكتب المتاحة في Wiley InterScience دون الحاجة إلى اشتراك. هذه الخدمة تسمح لأي شخص بشراء الحصول على مقالات المجلات أو فصول الكتب مباشرة عبر بطاقة الإئتمان. الوصول آني ومتاح لمدة 24 ساعة.</search_description>
			<url>http://www3.interscience.wiley.com/aboutus/ppv-articleselect.html</url>
			<search_url>http://www3.interscience.wiley.com/search/allsearch</search_url>
			<search_post>allContentSearchForm=&amp;mode=quicksearch&amp;WISindexid1=WISall&amp;WISsearch1={$formKeywords}</search_post>			
		</search>
	</context>
	<context>
		<context_title>نصوص ذات صلة</context_title>
		<context_abbrev>نصوص ذات صلة</context_abbrev>
		<context_description>يتيح الوصول عبر الإنترنت لموارد النص الكامل في العلوم الإنسانية.</context_description>

		<search>
			<search_title>مركز النص الالكتروني</search_title>
			<search_description>فيه ما يزيد عن 5,000 نص متاح للعامة في التأريخ، الأدب، الفلسفة، الدين، تأريخ العلوم. النصوص باللغة الإنجليزية وبلغات أخرى، منها اللاتينية، اليابانية، والصينية.</search_description>
			<url>http://etext.lib.virginia.edu/</url>
			<search_url>http://etext.virginia.edu/etcbin/ot2www-ebooks?specfile=%2Ftexts%2Fenglish%2Febooks%2Febooks.o2w&amp;docs=TEI2&amp;sample=1-100&amp;grouping=work&amp;query={$formKeywords}</search_url>
			
		</search>
		<search>
			<search_title>مجموعة نصوص IPL على الإنترنت</search_title>
			<search_description>تضم أكثر من 19 ألف عنوان يمكن تصفحها حسب المؤلف، أو العنوان، أو حسب تصنيف Dewey العشري.</search_description>
			<url>http://www.ipl.org/reading/books/</url>
			<search_url>http://www.ipl.org/div/searchresults/?where=allv&amp;words={$formKeywords}</search_url>
			
		</search>
		<search>
			<search_title>جمعية البيانات اللغوية</search_title>
			<search_description>تدعم ما يتعلق بتعليم اللغة، إضافة إلى الأبحاث والتطور التقني عبر إنشاء ومشاركة مصادر اللغة، بضمنها البيانات، الأدوات، والمعايير القياسية.</search_description>
			<url>http://www.ldc.upenn.edu/</url>
			<search_url>http://www.ldc.upenn.edu/Catalog/catalogSearchResults.jsp?ldc_catalog_id=&amp;name=&amp;author=&amp;languages=&amp;years=&amp;types=&amp;datasources=&amp;projects=&amp;applications=&amp;and_or=1&amp;and_or2=1&amp;desc={$formKeywords}</search_url>
			
		</search>
		<search>
			<search_title>محفوظات نصوص أوكسفورد</search_title>
			<search_description>يضم نصوص الكترونية دراسية ومجاميع لغوية عبر مجال تخصصات العلوم الإنسانية، مع التركيز على مصادر لأكثر من 1500 عمل أدبي للعديد من المؤلفين الرئيسيين في اليونانية، اللاتينية، الإنجليزية، ودرزينة أو أكثر من اللغات الأخرى.</search_description>
			<url>http://ota.ahds.ac.uk/</url>
			<search_url>http://ota.ahds.ac.uk/search/search.perl?search=SIMPLE&amp;author=&amp;title={$formKeywords}</search_url>
			
		</search>
		<search>
			<search_title>مشروع Gutenberg</search_title>
			<search_description>هو الموقع التعريفي لهذا المشروع لوضع الكتب التي لم تُسجل لأصحابها حقوق فكرية على الإنترنت بالنص الكامل. أكثر من 6 آلاف نص متاح على الإنترنت حتى الآن.</search_description>
			<url>http://www.gutenberg.net/</url>
			<search_url>http://www.gutenberg.org/catalog/world/results?author=&amp;etestnr=&amp;title={$formKeywords}</search_url>
			
		</search>
	</context>
	<context>
		<context_title>منتديات الإنترنت</context_title>
		<context_abbrev>منتديات الإنترنت</context_abbrev>
		<context_description>إختر منتديات الإنترنت المفتوحة (المجانية) التي من شأنها أن تعزز الدراسات البحثية في موقعك.</context_description>

		<search>
			<search_title>H-Net العلوم الاجتماعية والإنسانية على الإنترنت</search_title>
			<search_description>يقدم معلومات ومصادر لكل المهتمين بالعلوم الاجتماعية والإنسانية.</search_description>
			<url>http://www.h-net.org/</url>
			<search_url>http://www.h-net.org/logsearch/index.cgi?&amp;type=keyword&amp;hitlimit=25&amp;field=&amp;nojg=on&amp;smonth=00&amp;syear=1989&amp;emonth=11&amp;eyear=2004&amp;order=relevance&amp;phrase={$formKeywords}</search_url>
			
		</search>
		<search>
			<search_title>Humanist</search_title>
			<search_description>هي حلقة نقاشية الكترونية عالمية بشأن استعمال الحاسوب في العلوم الإنسانية. هدفها الأساسي توفير منتدى لمناقشة القضايا الفكرية، الدراسية، التعليمية، والاجتماعية ولتبادل المعلومات بين الأعضاء.</search_description>
			<url>http://www.princeton.edu/~mccarty/humanist/index.html</url>
			<search_url>http://lists.village.virginia.edu/cgi-bin/AT-Humanistsearch.cgi?sp=sp&amp;searchButton.x=15&amp;searchButton.y=14&amp;search={$formKeywords}</search_url>
			
		</search>
	</context>
	<context>
		<context_title>ملفات تدريسية</context_title>
		<context_abbrev>تعليمية</context_abbrev>
		<context_description>الشروع مباشرة بعملية بحث استناداً إلى موضوع المقالة أو الورقة التي تربط المستخدم بالمحتوى المجاني والمقالات المحفوظة في ذلك الحقل من الصحف الرئيسية حول العالم.</context_description>

		<search>
			<search_title>EDSITEment</search_title>
			<search_description>هي مجموعة تنمو باستمرار لأكثر المصادر قيمة على الإنترنت ذات صلة بتدريس الإنجليزية، التأريخ، تأريخ الفن، واللغات الأجنبية.</search_description>
			<url>http://edsitement.neh.gov/</url>
			<search_url>http://marcopolosearch.org/MPSearch/Search_Results.asp?orgn_id=5&amp;log_type=1&amp;hdnFilter=+AND+%28%7Bsubject_social%241%7D%29&amp;hdnPerPage=15&amp;selUsing=all&amp;txtSearchFor={$formKeywords}</search_url>
			
		</search>
	</context>
	<context>
		<context_title>تقارير وسائل الإعلام</context_title>
		<context_abbrev>تقارير وسائل الإعلام</context_abbrev>
		<context_description>الشروع مباشرة بعملية بحث استناداً إلى موضوع المقالة أو الورقة التي تربط المستخدم بالمحتوى المجاني والمقالات المحفوظة في ذلك الحقل من الصحف الرئيسية حول العالم.</context_description>

		<search>
			<search_title>أخبار Google</search_title>
			<search_description>البحث في التقارير الخبرية باستعمال محرك البحث الشائع ضمن خدمة أخبار Google.</search_description>
			<url>http://news.google.com/</url>
			<search_url>http://news.google.com/news?hl=en&amp;q={$formKeywords}</search_url>
			
		</search>
		<search>
			<search_title>العالم والبريد</search_title>
			<search_description>العالم والبريد، تورنتو (آخر سبعة أيام)</search_description>
			<url>http://www.globeandmail.com/</url>
			<search_url>http://www.globeandmail.com/servlet/HTMLTemplate/search?tf=tgam/search/tgam/SearchResults.html&amp;cf=tgam/search/tgam/SearchResults.cfg&amp;current_row=1&amp;start_row=1&amp;num_rows=10&amp;keywords={$formKeywords}</search_url>
			
		</search>
		<search>
			<search_title>يوميات الشعب</search_title>
			<search_description>يوميات الشعب، الصين (كانون الثاني 1999 -)</search_description>
			<url>http://english.peopledaily.com.cn/</url>
			<search_url>http://search.people.com.cn/was40/people/GB/english_index.jsp?type=1&amp;channel=&amp;Content=&amp;searchword={$formKeywords}</search_url>
			
		</search>
		<search>
			<search_title>البريد وصحيفة الغارديان</search_title>
			<search_description>البريد وصحيفة الغارديان، جنوب أفريقيا (1994-)</search_description>
			<url>http://www.mg.co.za/</url>
			<search_url>http://www.mg.co.za/mg_search_results.aspx?PrintEdition=PrintEdition&amp;DailyNews=DailyNews&amp;SearchSection=&amp;StartDay=&amp;StartMonth=&amp;StartYear=&amp;EndDay=&amp;EndMonth=&amp;EndYear=&amp;keywords={$formKeywords}</search_url>
			
		</search>
		<search>
			<search_title>الإذاعة الوطنية الشعبية</search_title>
			<search_description>الإذاعة الوطنية الشعبية، الولايات المتحدة (غير محدودة)</search_description>
			<url>http://www.npr.org/archives/</url>
			<search_url>http://www.npr.org/search.php?text={$formKeywords}</search_url>
			
		</search>
		<search>
			<search_title>صحيفة نيويورك تايمز</search_title>
			<search_description>صحيفة نيويورك تايمز، نيويورك (آخر سبعة أيام)</search_description>
			<url>http://www.nytimes.com/</url>
			<search_url>http://query.nytimes.com/search/query?date=site1week&amp;submit.x=1&amp;submit.y=9&amp;query={$formKeywords}</search_url>
			
		</search>
		<search>
			<search_title>صحيفة اليابان تايمز على الإنترنت</search_title>
			<search_description>صحيفة اليابان تايمز على الإنترنت، اليابان (كانون الثاني 1999-)</search_description>
			<url>http://www.japantimes.co.jp/</url>
			<search_url>http://www.google.co.jp/custom?domains=japantimes.co.jp&amp;client=pub-4223870936880387&amp;forid=1&amp;ie=Shift_JIS&amp;oe=Shift_JIS&amp;term1=&amp;cof=GALT%3A%23008000%3BGL%3A1%3BDIV%3A%23336699%3BVLC%3A663399%3BAH%3Acenter%3BBGC%3AFFFFFF%3BLBGC%3AFFFFFF%3BALC%3A0000FF%3BLC%3A0000FF%3BT%3A000000%3BGFNT%3A0000FF%3BGIMP%3A0000FF%3BLH%3A60%3BLW%3A200%3BL%3Ahttp%3A%2F%2Fwww.japantimes.co.jp%2Fimages%2Fheader_title.gif%3BS%3Ahttp%3A%2F%2Fwww.japantimes.co.jp%2F%3BFORID%3A1%3B&amp;hl=ja&amp;advancesearch=&amp;q={$formKeywords}</search_url>
			
		</search>
		<search>
			<search_title>صحيفة موسكو تايمز</search_title>
			<search_description>صحيفة موسكو تايمز، روسيا (1994-)</search_description>
			<url>http://www.moscowtimes.ru/doc/Search.html</url>
			<search_url>http://www.moscowtimes.ru/cgi-bin/search?config=&amp;exclude=&amp;method=and&amp;format=long&amp;sort=score&amp;matchesperpage=10&amp;words={$formKeywords}</search_url>
			
		</search>
		<search>
			<search_title>صحيفة واشنطن بوست</search_title>
			<search_description>صحيفة واشنطن بوست، واشنطن دي سي (آخر أسبوعين)</search_description>
			<url>http://www.washingtonpost.com/</url>
			<search_url>http://www.washingtonpost.com/cgi-bin/search99.pl?searchsection=news&amp;searchdatabase=news&amp;x=11&amp;y=8&amp;searchtext={$formKeywords}</search_url>
			
		</search>
		<search>
			<search_title>Newsdirectory</search_title>
			<search_description>هي دليل شامل قابل للبحث في وسائل الإعلام الناطقة باللغة الإنجليزية حول العالم. حالياً أكثر من ثمانية آلاف صحيفة ومجلة مدرجة فيه، فضلاً عن أكثر من ألف محطة تلفزيونية أمريكية.</search_description>
			<url>http://www.newsdirectory.com/</url>
			<search_url>http://www.newsdirectory.com/hbSearch.php</search_url>
			<search_post>s={$formKeywords}&amp; submit=Go</search_post>
			
		</search>
	</context>
	<context>
		<context_title>البحث في الإنترنت</context_title>
		<context_abbrev>البحث في الإنترنت</context_abbrev>
		<context_description>أدخل عبارات البحث في موارد الإنترنت عبر محركات البحث المتنوعة.</context_description>

		<search>
			<search_title>Google</search_title>
			<search_description>البحث باستعمال محرك البحث الأشهر عالمياً.</search_description>
			<url>http://www.google.com/</url>
			<search_url>http://www.google.com/search?q={$formKeywords}</search_url>
			
		</search>
		<search>
			<search_title>الباحث العلمي من Google</search_title>
			<search_description>الباحث العلمي من Google يتيح عمليات البحث المتخصصة بالأعمال الأدبية العلمية، بضمنها الأوراق المحكمة، الأطاريح والرسائل، الكتب، الطبعات الأولية، الملخصات، والتقارير التقنية. المحتوى يشمل مدى من الناشرين والتجمعات العلمية التي لها اتفاقيات قائمة مع Google، مثل: رابطة المكائن الحاسوبية، IEEE، مكتبة  Open WorldCat لـ OCLC... إلخ. نتائج العرض ستُظهر نسخ تجاميع مختلفة، وتحليل للاقتباسات، وموقع المكتبة (حالياً كتب فقط).</search_description>
			<url>http://scholar.google.com</url>
			<search_url>http://scholar.google.com/scholar?ie=UTF-8&amp;oe=UTF-8&amp;hl=en&amp;q={$formKeywords}</search_url>
			
		</search>
		<search>
			<search_title>Clusty the Clustering Engine</search_title>
			<search_description>أداة البحث هذه المقدمة من Vivismo تقدم نتائج متشعبة لعمليات بحث منتخبة. البحث في البيانات الوصفية عبر الإنترنت بالكامل أو استعمال علامات التبويب للبحث في الأخبار، الإشاعات، الصور أو المنتجات عبر Bizrate أو eBay.</search_description>
			<url>http://clusty.com/about</url>
			<search_url>http://clusty.com/search?query={$formKeywords}</search_url>
			
		</search>
		<search>
			<search_title>Vivisimo</search_title>
			<search_description>تقنية Vivisimo المتشعبة الحائزة على جائزة، طورها علماء أبحاث في Carnegie Mellon، وهي تستثمر المعلومات المخزنة عند شركات Fortune 500، وأهم المواقع الالكترونية، والناشرين المعتبرين، والوكالات الحكومية عبر تصنيف نتائج البحث آنياً في قوائم مرتبة ذات معنى، وبهذا، التوصل إلى تحسين ثوري في الوصول إلى المعلومات ذات الصلة.</search_description>
			<url>http://vivisimo.com</url>
			<search_url>http://vivisimo.com/search?tb=homepage&amp;v%3Asources=Web&amp;query={$formKeywords}</search_url>
			
		</search>
	</context>
</version>
