<?xml version="1.0" encoding="UTF-8"?>
<!DOCTYPE version SYSTEM "../../lib/pkp/dtd/rtVersion.dtd">

<!--
  * Social_Sciences.xml
  *
  * Copyright (c) 2013-2016 Simon Fraser University Library
  * Copyright (c) 2003-2016 John Willinsky
  * Distributed under the GNU GPL v2. For full terms see the file docs/COPYING.
  *
  * Reading Tools version: Social Sciences (ar_IQ)
  *
  -->

<version id="Social_Sciences" locale="ar_IQ">
	<version_title>العلوم الاجتماعية</version_title>
	<version_description>أدوات القراءة يمكنها مساعدة قراء هذه الدراسة في الرجوع إلى مدى واسع من الموارد ذات الصلة، التي بإمكانها أن تكون منطلقاً لترجمة الدراسة، أو الاقتباس منها أو تقييمها.</version_description>

	<context>
		<context_title>عمل المؤلف</context_title>
		<context_abbrev>أعمال الآخرين</context_abbrev>
		<context_description>حدد أعمال أخرى حسب مؤلفيها باستعمال محركات بحث OAI.</context_description>
		<author_terms />
		<search>
			<search_title>الباحث العلمي من Google</search_title>
			<search_description>الباحث العلمي من Google يتيح عمليات البحث المتخصصة بالأعمال الأدبية العلمية، بضمنها الأوراق المحكمة، الأطاريح والرسائل، الكتب، الطبعات الأولية، الملخصات، والتقارير التقنية. المحتوى يشمل مدى من الناشرين والتجمعات العلمية التي لها اتفاقيات قائمة مع Google، مثل: رابطة المكائن الحاسوبية، IEEE، مكتبة  Open WorldCat لـ OCLC... إلخ. نتائج العرض ستُظهر نسخ تجاميع مختلفة، وتحليل للاقتباسات، وموقع المكتبة (حالياً كتب فقط).</search_description>
			<url>http://scholar.google.com</url>
			<search_url>http://scholar.google.com/scholar?ie=UTF-8&amp;oe=UTF-8&amp;hl=eng&amp;as_sauthors={$formKeywords}</search_url>
			
		</search>
		<search>
			<search_title>OAIster (Open Archives Initiative research databases)</search_title>
			<search_description>OAIster هو مشروع لجامعة مشغان لخدمات إنتاج المكتبة الرقمية، ويوفر عملية البحث ضمن مجاميع موارد متنوعة في مؤسسات عديدة. هذه المؤسسات جعلت سجلات مواردها الرقمية متاحة مجاناً، وفريق المشروع جمعها ضمن خدمة OAIster.</search_description>
			<url>http://oaister.umdl.umich.edu/</url>
			<search_url>http://oaister.umdl.umich.edu/cgi/b/bib/bib-idx?type=boolean&amp;size=10&amp;c=oaister&amp;q1=&amp;rgn1=entire+record&amp;op2=and&amp;q2=&amp;rgn2=entire+record&amp;op3=And&amp;q3=&amp;rgn3=title&amp;op4=And&amp;rgn4=author&amp;op5=And&amp;q5=&amp;rgn5=subject&amp;op6=And&amp;rgn6=norm&amp;q6=all+types&amp;sort=author%2Fcreator&amp;submit2=search&amp;q4={$formKeywords}</search_url>
			
		</search>
		<search>
			<search_title>حاصود المحفوظات المفتوحة لمشروع المعرفة العامة</search_title>
			<search_description>هو نظام فهرسة مجاني للبيانات الوصفية، مطور من قبل مشروع المعرفة العامة عبر جهود تمويله الفدرالية لتوسيع وتحسين الوصول إلى الأبحاث. وهو يتيح لك إنشاء فهرس قابل للبحث من البيانات الوصفية لمبادرة المحفوظات المفتوحة، مثل المواقع التي تعمل بنظام المجلات المفتوحة أو أنظمة المؤتمرات المفتوحة.</search_description>
			<url>http://pkp.sfu.ca/harvester/</url>
			<search_url>http://pkp.sfu.ca/harvester/search.php?limit=author&amp;query={$formKeywords}</search_url>
			
		</search>
		<search>
			<search_title>العثور على مقالات</search_title>
			<search_description>يقدم إقتباسات، ملخصات، ونصوص كاملة لمقالات من أكثر من 300 مجلة وصحيفة في مواضيع، مثل: الأعمال، الصحة، المجتمع، البيئة، والرياضة.</search_description>
			<url>http://www.findarticles.com/PI/index.jhtml</url>
			<search_url>http://www.findarticles.com/cf_0/PI/search.jhtml?magR=all+magazines&amp;key={$formKeywords}</search_url>
			
		</search>
		<search>
			<search_title>مراجعات H-Net</search_title>
			<search_description>في العلوم الإنسانية والعلوم الاجتماعية، هو مصدر مراجعات علمية على الإنترنت. يتم نشر المراجعات على الإنترنت عبر شبكة مناقشة وعبر هذا الموقع. هذا يسمح للمراجعات أن تصل إلى الدارسين بسرعة لا تضاهى بأي وسيلة أخرى. كما أنه يجعل نوعاً آخر من التفاعل ممكناً، نظراً لتلاقي المحكمين والمؤلفين والقراء في المناقشات على الإنترنت عبر قوة البريد الالكتروني وهذا الموقع، الأمر الذي ساعد في ريادة التحكيم العلمي على الإنترنت.</search_description>
			<url>http://www2.h-net.msu.edu/reviews/</url>
			<search_url>http://www2.h-net.msu.edu/reviews/search.cgi?maxlines=25&amp;maxfiles=25&amp;all=all&amp;query={$formKeywords}</search_url>
			
		</search>
		<search>
			<search_title>Intute: العلوم الاجتماعية</search_title>
			<search_description>هي خدمة مجانية على الإنترنت تزودك بأفضل موارد التعليم والبحث العلمي، مقيمة ومختارة من قبل شبكة من المتخصصين في تلك المواضيع.</search_description>
			<url>http://www.intute.ac.uk/socialsciences//</url>
			<search_url>http://www.intute.ac.uk/socialsciences/cgi-bin/search.pl?submit.x=0&amp;submit.y=0&amp;submit=Go&amp;limit=0&amp;subject=socialsciences&amp;term1={$formKeywords}</search_url>
			
		</search>
		<search>
			<search_title>SocioSite</search_title>
			<search_description>يتيح الوصول إلى المشهد العالمي للعلوم الاجتماعية. الهدف هو توفير قائمة شاملة لكل مصادر علم الاجتماع على الإنترنت.</search_description>
			<url>http://www.pscw.uva.nl/sociosite/</url>
			<search_url>http://www.google.com/u/sociosite?sa=sociosite&amp;domains=www2.fmg.uva.nl&amp;sitesearch=www2.fmg.uva.nl&amp;hq=inurl:www2.fmg.uva.nl/sociosite&amp;q={$formKeywords}</search_url>
			
		</search>
		<search>
			<search_title>صوت المكوك</search_title>
			<search_description>يركز أولاً وآخراً على مصادر الأدب الأمريكي، يتضمن روابط لمناهج، مجلات الكترونية ومجموعات صحف.</search_description>
			<url>http://vos.ucsb.edu/</url>
			<search_url>http://vos.ucsb.edu/search-results.asp?Submit=Go&amp;search={$formKeywords}</search_url>
			
		</search>
	</context>
	<context>
		<context_title>البحث عن المصطلحات</context_title>
		<context_abbrev>البحث عن المصطلحات</context_abbrev>
		<context_description>أنقر نقراً مزدوجاً على أي كلمة في النص وستظهر في صندوق &quot;تعريف المصطلحات&quot;. بإمكانك أيضاً طباعة الكلمات أو لصقها فيه. ثم استعمل وظيفة البحث للعثور على تعريف للكلمة. تم اختيار هذه الموارد كونها ذات صلة ومجانية، إذ تتيح الوصول لكل أو بعض محتواها مجاناً.</context_description>
		<define_terms />
		<search>
			<search_title>Google</search_title>
			<search_description>البحث عن تعاريف باستعمال محرك البحث الشائع.</search_description>
			<url>http://www.google.com/</url>
			<search_url>http://www.google.com/search?hl=en&amp;q=define%3A{$formKeywords}</search_url>
			
		</search>
		<search>
			<search_title>قاموس الإنترنت في العلوم الاجتماعية</search_title>
			<search_description>قاموس الإنترنت في العلوم الاجتماعية هو قاموس قابل للبحث يتضمن مصطلحات شائعة الاستعمال في العلوم الاجتماعية. تم تسهيل البحث عبر الكلمات المفتاحية والجمل.</search_description>
			<url>http://bitbucket.icaap.org/</url>
			<search_url>http://bitbucket.icaap.org/dict.pl?fuzzy={$formKeywords}</search_url>
			
		</search>
		<search>
			<search_title>قواميس OneLook</search_title>
			<search_description>هو قاموس يبحث في البيانات الوصفية للقواميس الأخرى. أدخل كلمة إنجليزية أو اختصاراً، وسيقوم بالبحث عن فهارسها ضمن 5292362 كلمة في 934 قاموس مفهرس ما بين عام ومتخصص.</search_description>
			<url>http://www.onelook.com/index.html</url>
			<search_url>http://www.onelook.com/?ls=a&amp;w={$formKeywords}</search_url>
			
		</search>
		<search>
			<search_title>Merriam-Webster Online</search_title>
			<search_description>قاموس مؤسس على الطبعة العاشرة لكلية Webster، 1993، مع تحديثات تضاف له سنوياً. فيه أكثر من 160 ألف مدخل. كل كلمة يرافقها تعريفها ولفظها واستعمالاتها ومحدداتها القواعدية وتحليل موجز لأصلها. عند الإدخال الإملائي الخاطئ يقترح الموقع التصحيح. نظام البحث الداخلي فيه يدعم الحروف البديلة والبحث عبر استقطاع الجزء الأيمن من الكلمة. يتضمن دليل لفظي موسع وملفات صوتية للكثير من المصطلحات.</search_description>
			<url>http://www.merriam-webster.com/</url>
			<search_url>http://www.merriam-webster.com/cgi-bin/dictionary?book=Dictionary&amp;va={$formKeywords}</search_url>
			
		</search>
		<search>
			<search_title>Wikipedia: The Free Encyclopedia</search_title>
			<search_description>&quot;هي موسوعة مجانية ساهم المشاركون من أنحاء العالم في كتابتها. معنى تسمية الموقع أن أي شخص بإمكانه تعديل أي مقال&quot;. بدون إشراف لهيئة تحرير، لذلك فإن رصانة المحتوى المنشور على الموقع متباين بشكل هائل، لكنه جدير بالمعاينة. النسخة الإنجليزية تضم مئات الآلاف من المداخل. كما أنه يقدم نسخ أخرى بالفرنسية والإسبانية ولغات أخرى أيضاً.</search_description>
			<url>http://en.wikipedia.org/wiki/Main_Page</url>
			<search_url>http://en.wikipedia.org/wiki/Special:Search?go=Go&amp;fulltext=Search&amp;search={$formKeywords}</search_url>
			
		</search>
		<search>
			<search_title>Infoplease.com</search_title>
			<search_description>هذا الموقع يتضمن محتوى Information Please Almanacs، وهي قاعدة بيانات للترجمة الذاتية أو السيرة، وقاموس، وأطلس ومقالات من موسوعة كولومبيا. يمكنك البحث في هذه المراجع الجاهزة ككل أو بشكل منفصل أو تصفح الموقع. هناك قصص مميزة كل أسبوع تغطي مواضيع خبرية، مع روابط وثيقة الصلة بمحتوى الموقع وموارد أخرى في الإنترنت.</search_description>
			<url>http://www.infoplease.com</url>
			<search_url>http://www.infoplease.com/search?fr=iptn&amp;in=all&amp;x=0&amp;y=0&amp;query={$formKeywords}</search_url>
			
		</search>
	</context>
	<context>
		<context_title>دراسات ذات صلة</context_title>
		<context_abbrev>دراسات ذات صلة</context_abbrev>
		<context_description>الوصول إلى دراسات مماثلة عبر تأسيس رابط إلى قاعدة بيانات مفتوحة (مجانية)، مع ملخصات و/أو نصوص كاملة متعلقة بموضوعك.</context_description>

		<search>
			<search_title>CIAO (العلاقات الكولومبية الدولية على الإنترنت)</search_title>
			<search_description>تأسست بشكل تعاون بين مكتبات جامعة كولومبيا ومطبعة جامعة كولومبيا بمنحة من مؤسسة Andrew W. Mellon. تضم مجموعة من المواد النظرية والبحثية في حقل العلاقات الدولية، أوراق عمل من مؤسسات الجامعة البحثية، إيجازات السياسة، بيانات البلد، ملخصات المجلات، ومحاضر المؤتمرات، كلها من عام 1991 حتى الآن، من بين المواد المتاحة في هذا المورد.</search_description>
			<url>http://www.ciaonet.org/</url>
			<search_url>http://usearch.cc.columbia.edu/ciao/query.html?qp=url%3Awps&amp;qp=url%3Aolj&amp;qp=url%3Apbei&amp;qp=url%3Abook&amp;qp=url%3Acasestudy&amp;op1=%2B&amp;fl1=&amp;ty1=w&amp;tx1=&amp;dt=in&amp;inthe=2147483647&amp;op0=&amp;fl0=&amp;ty0=w&amp;qt=&amp;ht=0&amp;qp=&amp;qs=&amp;col=ciao&amp;qc=ciao&amp;pw=100%25&amp;ws=0&amp;la=en&amp;qm=0&amp;st=1&amp;nh=25&amp;lk=1&amp;rf=0&amp;oq=&amp;rq=0&amp;si=0&amp;ql=a&amp;x=34&amp;y=8&amp;tx0={$formKeywords}</search_url>
			
		</search>
		<search>
			<search_title>العثور على مقالات</search_title>
			<search_description>يقدم إقتباسات، ملخصات، ونصوص كاملة لمقالات من أكثر من 300 مجلة وصحيفة في مواضيع، مثل: الأعمال، الصحة، المجتمع، البيئة، والرياضة.</search_description>
			<url>http://www.findarticles.com/PI/index.jhtml</url>
			<search_url>http://www.findarticles.com/cf_0/PI/search.jhtml?magR=all+magazines&amp;key={$formKeywords}</search_url>
			
		</search>
		<search>
			<search_title>مراجعات H-Net</search_title>
			<search_description>في العلوم الإنسانية والعلوم الاجتماعية، هو مصدر مراجعات علمية على الإنترنت. يتم نشر المراجعات على الإنترنت عبر شبكة مناقشة وعبر هذا الموقع. هذا يسمح للمراجعات أن تصل إلى الدارسين بسرعة لا تضاهى بأي وسيلة أخرى. كما أنه يجعل نوعاً آخر من التفاعل ممكناً، نظراً لتلاقي المحكمين والمؤلفين والقراء في المناقشات على الإنترنت عبر قوة البريد الالكتروني وهذا الموقع، الأمر الذي ساعد في ريادة التحكيم العلمي على الإنترنت.</search_description>
			<url>http://www2.h-net.msu.edu/reviews/</url>
			<search_url>http://www2.h-net.msu.edu/reviews/search.cgi?maxlines=25&amp;maxfiles=25&amp;all=all&amp;query={$formKeywords}</search_url>
			
		</search>
		<search>
			<search_title>Intute: العلوم الاجتماعية</search_title>
			<search_description>هي خدمة مجانية على الإنترنت تزودك بأفضل موارد التعليم والبحث العلمي، مقيمة ومختارة من قبل شبكة من المتخصصين في تلك المواضيع.</search_description>
			<url>http://www.intute.ac.uk/socialsciences//</url>
			<search_url>http://www.intute.ac.uk/socialsciences/cgi-bin/search.pl?submit.x=0&amp;submit.y=0&amp;submit=Go&amp;limit=0&amp;subject=socialsciences&amp;term1={$formKeywords}</search_url>
			
		</search>
		<search>
			<search_title>SocioSite</search_title>
			<search_description>يتيح الوصول إلى المشهد العالمي للعلوم الاجتماعية. الهدف هو توفير قائمة شاملة لكل مصادر علم الاجتماع على الإنترنت.</search_description>
			<url>http://www.pscw.uva.nl/sociosite/</url>
			<search_url>http://www.google.com/u/sociosite?sa=sociosite&amp;domains=www2.fmg.uva.nl&amp;sitesearch=www2.fmg.uva.nl&amp;hq=inurl:www2.fmg.uva.nl/sociosite&amp;q={$formKeywords}</search_url>
			
		</search>
		<search>
			<search_title>صوت المكوك</search_title>
			<search_description>يركز أولاً وآخراً على مصادر الأدب الأمريكي، يتضمن روابط لمناهج، مجلات الكترونية ومجموعات صحف.</search_description>
			<url>http://vos.ucsb.edu/</url>
			<search_url>http://vos.ucsb.edu/search-results.asp?Submit=Go&amp;search={$formKeywords}</search_url>
			
		</search>
	</context>
	<context>
		<context_title>تنقيحات الكتب</context_title>
		<context_abbrev>تنقيحات الكتب</context_abbrev>
		<context_description>Click on the search urls to check for book reviews.</context_description>

		<search>
			<search_title>قواعد بيانات مراجعات الانثروبولوجي (ARD)</search_title>
			<search_description>الهدف منها تحسين مستوى وصول العاملين في مجال الانثروبولوجي إلى أدبيات هذا العلم عبر جعلهم مدركين أكثر لما يتم نشره، ومساعدتهم لتقييم مدى علاقته بمجال عملهم.</search_description>
			<url>http://wings.buffalo.edu/ARD/</url>
			<search_url>http://wings.buffalo.edu/ARD/cgi/search.cgi?authors=&amp;subject=&amp;date1=&amp;date2=&amp;medium=&amp;reviewer=&amp;title={$formKeywords}</search_url>
			
		</search>
		<search>
			<search_title>Books-on-Law</search_title>
			<search_description>يراجع الكتب الدراسية الجديدة والمستقبلية والكتب التجارية المتعلقة بالقانون، من JURIST: شبكة أساتذة القانون</search_description>
			<url>http://jurist.law.pitt.edu/lawbooks/</url>
			<search_url>http://search.freefind.com/find.html?id=9814374&amp;pageid=r&amp;mode=ALL&amp;query={$formKeywords}</search_url>
			
		</search>
		<search>
			<search_title>مراجعات كتب القانون والسياسة</search_title>
			<search_description>برعاية قسم القانون والقضاء لرابطة العلوم السياسية الأمريكية. الوسط الالكتروني يتيح لنا تحكيم كل كتاب تقريباً عن المعالجات القانونية والسياسية، للقيام بمراجعات أطول مما يتم نشره عادة، ولجعل المراجعات متاحة خلال ستة أشهر من حصولنا على الكتاب.</search_description>
			<url>http://www.bsos.umd.edu/gvpt/lpbr/</url>
			<search_url>http://www.searchum.umd.edu/search?btnG=Search&amp;output=xml_no_dtd&amp;proxystylesheet=UMCP&amp;as_sitesearch=http://www.bsos.umd.edu/gvpt/lpbr&amp;client=UMCP&amp;site=UMCP&amp;q={$formKeywords}</search_url>
			
		</search>
	</context>
	<context>
		<context_title>Pay-per-view</context_title>
		<context_abbrev>Pay-per-view</context_abbrev>
		<context_description>هي خدمة مقدمة للذين ليس لهم حق الوصول المباشر لمقالات المجلات الالكترونية عبر الاشتراكات. هذه الخدمة تسمح للزبائن بالوصول المباشر لمقالة أو مؤلَّف معين عبر الدفع ببطاقات إئتمانية. بمجرد التحقق من تفاصيل الدفع آنياً، يمكن للمستخدم الحصول على ملف المقالة لمدة 30 يوم.</context_description>

		<search>
			<search_title>Ingenta</search_title>
			<search_description>هي تقيد الوصول إلى النص الكامل للمقالات العلمية، ورغم أن الحصول على تلك المؤلفات يكلف مالاً، إلا أن الموقع يمكن استعماله كفهرس مجاني لتلك المقالات والمؤلَّفات.</search_description>
			<url>http://www.ingenta.com/</url>
			<search_url>http://www.ingenta.com/isis/searching/Search/ingenta?database=1&amp;title={$formKeywords}</search_url>
			
		</search>
		<search>
			<search_title>ebrary</search_title>
			<search_description>الباحثون المستقلون الذين ليس لديهم وصول إلى قواعد بيانات ebrary عبر مكتباتهم، بإمكانهم الآن إنشاء حسابات منفردة بكلفة 5 دولارات فقط. موقع ebrary Discover يشمل عدة إختصاصات أكاديمية ويتيح الوصول بطريقة (أي وقت من أي مكان) لأكثر من 20 ألف عنوان مرخص من ضمنها: نصوص كاملة لكتب، أوراق موسيقية، تقارير... وغيرها من الوثائق المرخصة من أكثر من 175 ناشر رئيسي، مثل مطبعة جامعة كامبرج، Random House، Inc.، شركات McGraw-Hill... وغيرها.</search_description>
			<url>http://www.ebrary.com/corp/content.htm</url>
			<search_url>http://shop.ebrary.com/Top?layout=search&amp;f00=text&amp;p01=&amp;f01=subject&amp;d=journal&amp;l=en&amp;sch=%A0%A0%A0%A0%A0Search%A0%A0%A0%A0%A0&amp;frm=adv.x&amp;p00={$formKeywords}</search_url>
			
		</search>
		<search>
			<search_title>Questia</search_title>
			<search_description>تتيح الوصول لأكثر من 47 ألف كتاب و 375 ألف مقال في: مجلة وصحيفة وصحيفة إخبارية. كل الكتب والمقالات متاحة بشكل قابل للبحث في كل صفحة منها. كلفة الاشتراك تتراوح بين 19.05 دولار شهرياً إلى 119.95 دولار سنوياً.</search_description>
			<url>http://www.questia.com/</url>
			<search_url>http://www.questia.com/SM.qst?act=search&amp;keywordsSearchType=1000&amp;mediaType=book&amp;mediaType=journal&amp;mediaType=magazine&amp;mediaType=newspaper&amp;mediaType=encyclopedia&amp;mediaType=startpage&amp;keywords={$formKeywords}</search_url>
			
		</search>
		<search>
			<search_title>Wiley InterScience Pay-per-view Service</search_title>
			<search_description>توفر هذه الخدمة وصولاً مباشراً للنصوص الكاملة لمجموعة هائلة من مقالات المجلات العلمية أو فصول الكتب المتاحة في Wiley InterScience دون الحاجة إلى اشتراك. هذه الخدمة تسمح لأي شخص بشراء الحصول على مقالات المجلات أو فصول الكتب مباشرة عبر بطاقة الإئتمان. الوصول آني ومتاح لمدة 24 ساعة.</search_description>
			<url>http://www3.interscience.wiley.com/aboutus/ppv-articleselect.html</url>
			<search_url>http://www3.interscience.wiley.com/search/allsearch</search_url>
			<search_post>allContentSearchForm=&amp;mode=quicksearch&amp;WISindexid1=WISall&amp;WISsearch1={$formKeywords}</search_post>			
		</search>
	</context>
	<context>
		<context_title>المسوحات</context_title>
		<context_abbrev>المسوحات</context_abbrev>
		<context_description>الوصول إلى المسوحات المهمة في العلوم الاجتماعية.</context_description>

		<search>
			<search_title>منظمة Gallup</search_title>
			<search_description>يتيح هذا الموقع البحث عن الكلمات المفتاحية للمواضيع كما أن له فهرس للمواضيع، يدرج القضايا الرئيسية مثل: الإجهاض، تمويل الحملة الانتخابية، العقاقير غير القانونية، والضرائب، مع نتائج استفتاءات الرأي السابقة، التي أحياناً، قد ترجع إلى فترة الخمسينات من القرن الماضي، ولكل من تلك الموضوعات.</search_description>
			<url>http://www.gallup.com/</url>
			<search_url>http://www.gallup.com/search/results.aspx?SearchConType=&amp;SearchTypeAll=any&amp;SearchTypeExa=any&amp;SearchTypeAny=any&amp;SearchTypeNon=any&amp;SearchTextExa=&amp;SearchTextAny=&amp;SearchTextNon=&amp;SearchSiteInd=&amp;SearchSiteAll=&amp;SearchDateBef=&amp;SearchDateAft=&amp;SearchDateBMo=&amp;SearchDateAMo=&amp;SearchDateBDa=&amp;SearchDateADa=&amp;SearchDateBYe=&amp;SearchDateAYe=&amp;SearchTextAll={$formKeywords}</search_url>
			
		</search>
		<search>
			<search_title>البرنامج العام على الإنترنت</search_title>
			<search_description>برعاية 14 مؤسسة خدمية عامة، وهو يقدم دلائل لإحدى وعشرين قضية في كل موضوع، مثل: الإجهاض، الجريمة، الميزانية الفيدرالية، العرق، والثروة. المقالات التحليلية، ملخصات المقالات الخبرية، والنشرات الإحصائية الممثلة لنتائج استطلاعات الرأي، كلها تحسن التغطية الشاملة التي يقوم بها الموقع لكل موضوع.</search_description>
			<url>http://www.publicagenda.org/</url>
			<search_url>http://www.publicagenda.org/search/search_details.cfm</search_url>
			<search_post>StartRow=1&amp;searchstring={$formKeywords}</search_post>			
		</search>
		<search>
			<search_title>PollingReport.com</search_title>
			<search_description>هو مصدر مستقل، غير متحزب يبحث في اتجاهات الرأي العام الأمريكي.</search_description>
			<url>http://www.pollingreport.com/</url>
			<search_url>http://www.pollingreport.com/_vti_bin/shtml.exe/search.htm</search_url>
			<search_post>VTI-GROUP=0&amp;search={$formKeywords}</search_post>			
		</search>
	</context>
	<context>
		<context_title>بيانات العلوم الاجتماعية</context_title>
		<context_abbrev>بيانات العلوم الاجتماعية</context_abbrev>
		<context_description>يتيح الوصول لأرشيف هائل من بيانات العلوم الاجتماعية لأغراض البحث والتوجيه.</context_description>

		<search>
			<search_title>جمعية ما بين الجامعات للأبحاث السياسية والاجتماعية (ICPSR)</search_title>
			<search_description>تضم محفوظات البيانات الاجتماعية التي تشمل حوالي 5 آلاف عنوان وحوالي 45 ألف ملف منفرد من أكثر من 300 مؤسسة حول العالم.</search_description>
			<url>http://www.icpsr.umich.edu/</url>
			<search_url>http://search.icpsr.umich.edu/ICPSR/query.html?nh=25&amp;rf=3&amp;ws=0&amp;op0=%2B&amp;fl0=&amp;ty0=w&amp;col=abstract&amp;col=series&amp;col=uncat&amp;op1=-&amp;tx1=restricted&amp;ty1=w&amp;fl1=availability%3A&amp;op2=%2B&amp;tx2=ICPSR&amp;ty2=w&amp;fl2=archive%3A&amp;tx0={$formKeywords}</search_url>
			
		</search>
		<search>
			<search_title>المدخل الإحصائي من OECD</search_title>
			<search_description>يجمع الإحصائيات التي يتطلبها عمله التحليلي من الوكالات الإحصائية للدول الأعضاء. إنه يشجع ويطور معايير إحصائية قياسية دولية وينسق الفعاليات الإحصائية مع وكالات دولية أخرى.</search_description>
			<url>http://www.oecd.org/statsportal/0,2639,en_2825_293564_1_1_1_1_1,00.html</url>
			<search_url>http://www.oecd.org/searchResult/0,2665,en_2825_293564_1_1_1_1_1,00.html?searchText=&amp;fpDepartment=293564&amp;fpSearchExact=3&amp;fpSearchText={$formKeywords}</search_url>
			
		</search>
		<search>
			<search_title>أرشيف بيانات علم الاجتماع الأسترالي</search_title>
			<search_description>هو عضو في الاتحاد الدولي لمنظمات البيانات (IFDO) والذي عبره يديم التواصل مع منظمات البيانات في الخارج والتي تمارس فعاليات توفير البيانات المحوسبة والمستندات لمجتمع العلوم الاجتماعية. يرتبط بمحفوظات بيانات أخرى.</search_description>
			<url>http://assda.anu.edu.au/</url>
			<search_url>http://assda.anu.edu.au/htdig/htsearch?method=and&amp;format=builtin-long&amp;sort=score&amp;config=assda&amp;restrict=http://assda.anu.edu.au/&amp;exclude=&amp;words={$formKeywords}</search_url>
			
		</search>
		<search>
			<search_title>أرشيف بيانات بريطانيا</search_title>
			<search_description>أرشيف بيانات جامعة Essex يضم أكبر مجموعة من البيانات المقروءة بالحاسوب التي يمكن الوصول إليها في العلوم الاجتماعية والإنسانية في المملكة المتحدة. إنها مركز مصدري وطني لنشر البيانات في عموم المملكة المتحدة، وعبر التنسيق مع محفوظات وطنية أخرى، وعالمياً. تأسس عام 1967، ويضم الآن حوالي 7 آلاف من مجاميع البيانات المهمة للباحثين في جميع القطاعات وعلى مستوى اختصاصات علمية مختلفة.</search_description>
			<url>http://www.data-archive.ac.uk/</url>
			<search_url>http://www.data-archive.ac.uk/search/allSearch.asp?ct=xmlAll&amp;zoom_and=1&amp;q1={$formKeywords}</search_url>
			
		</search>
		<search>
			<search_title>بيانات العلوم الاجتماعية على الإنترنت</search_title>
			<search_description>هي مجموعة شاملة من 873 موقع على الشبكة العنكبوتية للبيانات الإحصائية الرقمية في العلوم الاجتماعية، فهارس البيانات، المكتبات الرقمية، بوابات العلوم الاجتماعية، وملفات التعداد المالي والاقتصادي.</search_description>
			<url>http://odwin.ucsd.edu/idata/</url>
			<search_url>http://odwin.ucsd.edu/cgi-bin/easy_search2?print=notitle&amp;file+Data+on+the+Net=%2Fdata%2Fdata.html&amp;amp;skip=search.html&amp;header=%2Fheader%2Fheader&amp;search={$formKeywords}</search_url>
			
		</search>
	</context>
	<context>
		<context_title>النظريات الاجتماعية</context_title>
		<context_abbrev>النظريات الاجتماعية</context_abbrev>
		<context_description>البحث في المواقع التي تضم معلومات عن النظريات الاجتماعية.</context_description>

		<search>
			<search_title>CTheory (يتطلب التسجيل)</search_title>
			<search_description>تحكيم دولي الكتروني للكتب في: النظريات، التقنية، والثقافة. برعاية المجلة الكندية لنظرية السياسة وعلم الاجتماع، يتم طرح التحكيمات دورياً للكتب الرئيسية في الخطاب المعاصر فضلاً عن التنظيرات في مشهد الأحداث الرئيسية في العالم.</search_description>
			<url>http://www.ctheory.net/</url>
			<search_url>http://www.google.com/search?q=site%3Awww.ctheory.net+{$formKeywords}</search_url>
			
		</search>
	</context>
	<context>
		<context_title>عمليات البحث في الكتب</context_title>
		<context_abbrev>عمليات البحث في الكتب</context_abbrev>
		<context_description>مصادر تتعلق بالكتب</context_description>

		<search>
			<search_title>Google Print</search_title>
			<search_description>تعمل Google مع مكتبات جامعات: مشغان، هارفارد، ستانفورد، أوكسفورد ومع المكتبة العامة في نيويورك لرقمنة الكتب التي بحوزتها وإتاحتها للناس عبر خدمة Google Print، وهو مشروع مسح ضوئي عملاق من شأنه إدخال ملايين المجلدات من الكتب المطبوعة في قاعدة بيانات. أنقر على عنوان الكتاب وستجد الصفحة التي تتضمن عبارة البحث التي استعملتها، كما بإمكانك البحث عن المزيد من المعلومات ضمن ذلك الكتاب تحديداً، والعثور على تنقيحات ومراجعات أو بيانات أخرى ذات صلة، والتعرف على جهة النشر، وكذلك شراء الكتاب والعثور على مكتبات قريبة تبيعه.</search_description>
			<url>http://print.google.com</url>
			<search_url>http://print.google.com/print?q={$formKeywords}</search_url>
			
		</search>
		<search>
			<search_title>صفحة الكتب على الإنترنت</search_title>
			<search_description>صفحة الكتب على الإنترنت، المحررة من قبل John Mark Ockerbloom من جامعة بنسلفانيا. هذه نقطة بداية ممتازة عند البحث عن النصوص الكاملة للكتب عبر الإنترنت. أكثر من 20 ألف عمل باللغة الإنجليزية بصيغ مختلفة متاح على الإنترنت عبر عدة مواقع. يمكن البحث فيه عبر العنوان أو المؤلف. لديه ميزة مثيرة للاهتمام حيث يسمح بالتصفح عبر أرقام فئات مكتبة الكونغرس. تُضاف له قوائم جديدة دورياً وهي مفروزة في صفحة مستقلة على الرابط &lt;a href=&quot;http://onlinebooks.library.upenn.edu/new.html&quot;&gt;http://onlinebooks.library.upenn.edu/new.html&lt;/a&gt;.</search_description>
			<url>http://digital.library.upenn.edu/books/</url>
			<search_url>http://onlinebooks.library.upenn.edu/webbin/book/search?tmode=words&amp;title={$formKeywords}</search_url>
			
		</search>
		<search>
			<search_title>Books-On-Line</search_title>
			<search_description>تجمُّع من أكثر من 32935 عنوان، رغم أن بعضها مقتطفات فقط. التصفح يكون عبر الموضوع أو البحث عبر المؤلف أو العنوان. ليست جميع المؤلفات مجانية.</search_description>
			<url>http://www.books-on-line.com/</url>
			<search_url>http://www.books-on-line.com/bol/KeyWordSearch.cfm?RowCount=50&amp;Searchquery={$formKeywords}</search_url>
			
		</search>
		<search>
			<search_title>المكتبة العالمية</search_title>
			<search_description>المكتبة العالمية تعتبر الأكثر تعمقاً والأكثر طموحاً. إنها تكدس مجموعة من نحو مئة ألف كتاب ألكتروني (بعضها من مشروع غوتنبرغ)، وهي تهدف إلى وصول مليون كتاب الكتروني في نهاية عام 2006.</search_description>
			<url>http://tera-3.ul.cs.cmu.edu/</url>
			<search_url>http://tera-3.ul.cs.cmu.edu/cgi-bin/DBscripts/advsearch_db.cgi?perPage=25&amp;listStart=0&amp;author1=&amp;subject1=Any&amp;year1=&amp;year2=&amp;language1=Any&amp;scentre=Any&amp;search=Search&amp;title1={$formKeywords}</search_url>
			
		</search>
	</context>
	<context>
		<context_title>قواعد بيانات</context_title>
		<context_abbrev>قواعد بيانات</context_abbrev>
		<context_description>الوصول إلى دراسات مماثلة عبر تأسيس رابط إلى قاعدة بيانات مفتوحة (مجانية)، مع ملخصات و/أو نصوص كاملة متعلقة بموضوعك.</context_description>

		<search>
			<search_title>دراسات دولية: سلسلة كتيب المناطق</search_title>
			<search_description>من مكتبة الكونغرس، يقدم هذا الموقع معلومات شاملة عن البلدان الأجنبية. سلسلة دراسات الدول تقدم وصفاً وتحليلاً عن: الخلفية التأريخية، الأنظمة الاجتماعية، الاقتصادية، السياسية للدول ومؤسساتها عبر العالم.</search_description>
			<url>http://lcweb2.loc.gov/frd/cs/cshome.html</url>
			<search_url>http://search.loc.gov:8765/query.html?col=loc&amp;qp=url%3A%2Frr%2Ffrd%2F&amp;submit.x=11&amp;submit.y=9&amp;qt={$formKeywords}</search_url>
			
		</search>
		<search>
			<search_title>صندوق النقد الدولي (IMF)</search_title>
			<search_description>صندوق النقد الدولي (IMF). قاعدة بيانات قابلة للبحث والتصفح لمنشورات صندوق النقد الدولي، بضمنها التقارير الدولية، أوراق العمل، الأوراق العرضية، وأوراق القرارات السياسية. بعض التقارير المدرجة في الموقع ليست بالنص الكامل لكنها متاحة للطباعة عبر المكتبة الرئيسية في UCB.</search_description>
			<url>http://www.imf.org/external/pubind.htm</url>
			<search_url>http://www.imf.org/external/pubs/cat/shortres.cfm?auth_ed=&amp;subject=&amp;ser_note=All&amp;datecrit=During&amp;YEAR=Year&amp;Lang_F=All&amp;brtype=Date&amp;submit=Search&amp;TITLE={$formKeywords}</search_url>
			
		</search>
		<search>
			<search_title>وثائق مشروع مصرف التطوير بين دول القارة الأمريكية</search_title>
			<search_description>وثائق المشروع هذه قابلة للتصفح حسب البلد والقطاع الاقتصادي. تضم كلاً من المشاريع المقترحة والمصادق عليها.</search_description>
			<url>http://www.iadb.org/exr/pic/index.cfm?language=english</url>
			<search_url>http://search.iadb.org/search.asp?ServerKey=Primary&amp;collection=newcoll&amp;language=English&amp;ResultTemplate=default1.hts&amp;ResultStyle=normal&amp;ViewTemplate=docview.hts&amp;Querytext={$formKeywords}</search_url>
			
		</search>
		<search>
			<search_title>كتاب حقائق العالم من CIA</search_title>
			<search_description>ما تم رفع السرية عنه منذ عام 1971، يمثل كتاب الحقائق السنوي العالمي لوكالة المخابرات المركزية الأمريكية مصدراً موثوقاً للمعلومات عن الدول المستقلة، التبعيات، مناطق السلطة الخاصة، المناطق غير المأهولة، والمحيطات (ما مجموعه 267 مدخل). كل مدخل يضم عادة إحصائيات طبيعية وسكانية موجزة، نظرة عامة اقتصادية، إضافة إلى الاتصالات، النقل، والمعلومات العسكرية.</search_description>
			<url>https://www.cia.gov/library/publications/the-world-factbook/index.html</url>
			<search_url>https://www.cia.gov/search?NS-search-page=results&amp;NS-tocstart-pat=/text/HTML-advquery-tocstart.pat</search_url>
			<search_post>NS-search-type=NS-boolean-query&amp;NS-max-records=20&amp;NS-sort-by=&amp;NS-max-records=20&amp;NS-collection=Everything&amp;NS-query={$formKeywords}</search_post>			
		</search>
	</context>
	<context>
		<context_title>مداخل ذات صلة</context_title>
		<context_abbrev>مداخل ذات صلة</context_abbrev>
		<context_description>مداخل ذات صلة</context_description>

		<search>
			<search_title>أرشيف بيانات علم الاجتماع الأسترالي</search_title>
			<search_description>هو عضو في الاتحاد الدولي لمنظمات البيانات (IFDO) والذي عبره يديم التواصل مع منظمات البيانات في الخارج والتي تمارس فعاليات توفير البيانات المحوسبة والمستندات لمجتمع العلوم الاجتماعية. يرتبط بمحفوظات بيانات أخرى.</search_description>
			<url>http://assda.anu.edu.au/</url>
			<search_url>http://assda.anu.edu.au/htdig/htsearch?method=and&amp;format=builtin-long&amp;sort=score&amp;config=assda&amp;restrict=http://assda.anu.edu.au/&amp;exclude=&amp;words={$formKeywords}</search_url>
			
		</search>
		<search>
			<search_title>شبكة أبحاث علم الاجتماع - SSRN (أوستن، تكساس، الولايات المتحدة)</search_title>
			<search_description>مخصصة للنشر السريع لأبحاث العلوم الاجتماعية حول العالم وهي مؤلفة من عدد من الشبكات المتخصصة في كل من فروع هذا العلم.</search_description>
			<url>http://www.ssrn.com/</url>
			<search_url>http://papers.ssrn.com/sol3/results.cfm</search_url>
			<search_post>searchTitle=Title&amp;searchAbstract=Abstract&amp;txtAuthorsFName=&amp;txtAuthorsLName=&amp;optionDateLimit=0&amp;Form_Name=Abstract_Search&amp;txtKey_Words={$formKeywords}</search_post>			
		</search>
		<search>
			<search_title>SocioSite</search_title>
			<search_description>هو دليل متعدد الأغراض لعلماء الاجتماع، مقره هولندا، ويضم روابط هامة لمواقع أخرى حول العالم.</search_description>
			<url>http://www2.fmg.uva.nl/sociosite/</url>
			<search_url>http://www.google.com/search?q=site:www2%2Efmg%2Euva%2Enl%2Fsociosite%2F+</search_url>
			
		</search>
		<search>
			<search_title>المصادر الإحصائية في الإنترنت</search_title>
			<search_description>هذا الموقع، الذي أنشأه ويرعاه مركز وثائق جامعة مشيغان، منظم على أساس مواضيع عديدة، لتسهيل عمليات البحث فيه.</search_description>
			<url>http://www.lib.umich.edu/govdocs/statsnew.html</url>
			<search_url>http://www.google.com/u/umlib?hl=en&amp;lr=&amp;ie=ISO-8859-1&amp;domains=www.lib.umich.edu&amp;sitesearch=www.lib.umich.edu&amp;q=inurl%3Agovdocs+-govdocs%2Fadnotes%2F+%0D%0A-govdocs%2Fgodort%2F&amp;q={$formKeywords}</search_url>
			
		</search>
	</context>
	<context>
		<context_title>منتديات الإنترنت</context_title>
		<context_abbrev>منتديات الإنترنت</context_abbrev>
		<context_description>إختر منتديات الإنترنت المفتوحة (المجانية) التي من شأنها أن تعزز الدراسات البحثية في موقعك.</context_description>

		<search>
			<search_title>H-Net العلوم الاجتماعية والإنسانية على الإنترنت</search_title>
			<search_description>يقدم معلومات ومصادر لكل المهتمين بالعلوم الاجتماعية والإنسانية.</search_description>
			<url>http://www.h-net.msu.edu/</url>
			<search_url>http://www.h-net.org/logsearch/index.cgi?type=keyword&amp;order=relevance&amp;list=All+lists&amp;hitlimit=25&amp;smonth=00&amp;syear=1989&amp;emonth=11&amp;eyear=2004&amp;phrase={$formKeywords}</search_url>
			
		</search>
		<search>
			<search_title>Intute: العلوم الاجتماعية - المؤتمرات والأحداث</search_title>
			<search_description>يتيح البحث عن المؤتمرات والأحداث المتعلقة بالعلوم الاجتماعية.</search_description>
			<url>http://www.intute.ac.uk/socialsciences/conferences.html</url>
			<search_url>http://www.intute.ac.uk/socialsciences/cgi-bin/conferences.pl?type=All+events&amp;subject=All%7CAll+subjects&amp;submit.x=0&amp;submit.y=0&amp;submit=Go&amp;term={$formKeywords}</search_url>
			
		</search>
		<search>
			<search_title>علم الاجتماع على الإنترنت</search_title>
			<search_description>علم الاجتماع على الإنترنت هو موقع لطلة علم الاجتماع، علم الجريمة، والنظرية الاجتماعية. يضم الموقع شرائح صورية، إختبارات قصيرة، ووثائق مع صفحة أخبار Socio-News.</search_description>
			<url>http://www.sociologyonline.co.uk/</url>
			<search_url>http://ccgi.sociologyonline.force9.co.uk/cgi-bin/site/searchnews.pl?dosearch</search_url>
			<search_post>match=keywords&amp;searchin=(All)&amp;author=(All)&amp;category=(All)&amp;newsfrom=(All)&amp;resultnumber=10&amp;sort=new&amp;multipage=on&amp;linkcompression=10&amp;highlight=on&amp;searchquery={$formKeywords}</search_post>			
		</search>
	</context>
	<context>
		<context_title>مواد قانونية</context_title>
		<context_abbrev>مواد قانونية</context_abbrev>
		<context_description>يتيح الوصول المجاني للمواد القانونية على الإنترنت من الدول الكبرى.</context_description>

		<search>
			<search_title>مؤسسة المعلومات القانونية الأسترالية (AustLII)</search_title>
			<search_description>تتيح الوصول المجاني عبر الإنترنت للمواد القانونية الأسترالية. جدول أعمالها عن السياسة العامة الخارجية هو تسهيل الحصول على العدالة عبر تسهيل الوصول إلى المعلومة. من أجل ذلك، صار واحداً من أكبر مصادر المواد القانونية على الإنترنت، مع أكثر من 7 غيغا بايت من المواد النصية الخام وما يزيد عن 1.5 من الملفات القابلة للبحث.</search_description>
			<url>http://www.austlii.org/</url>
			<search_url>http://www.austlii.edu.au/cgi-bin/sinocgi.cgi?method=any&amp;meta=%2Fau&amp;results=50&amp;submit=Search&amp;rank=on&amp;callback=on&amp;query={$formKeywords}</search_url>
			
		</search>
		<search>
			<search_title>مؤسسة المعلومات القانونية</search_title>
			<search_description>هي مواد شاملة في القانون تمتد على أكثر من 100 موضوع قانوني، بضمنها: روابط إلى القوانين وما يتعلق بها من مصادر عبر الإنترنت؛ تشريعات الدساتير للولايات وعلى المستوى الفيدرالي أيضاً؛ أراء المحاكم، الرأي العدلي المقدم، على مستوى الولاية أو الحكومة الفيدرالية؛ القانون حسب مصادره في الولاية والفيدرالي وعالمياً؛ الوعي الحالي ويشمل متابعة القضاء (الأخبار عن القرارات القضائية الهامة)؛ مجالس الحكومات، روابط لمنظمات ومجلات (مراجعات قانونية)؛ فضلاً عن مجالس القضاة، المحامين، والمدارس القضائية.</search_description>
			<url>http://www.law.cornell.edu/</url>
			<search_url>http://www.law.cornell.edu/wex/index.php/Special:Search?fulltext=Search&amp;search={$formKeywords}</search_url>
			
		</search>
		<search>
			<search_title>مؤسسة المعلومات القانونية البريطانية والايرلندية (BAILII)</search_title>
			<search_description>تتيح الوصول إلى المجموعة الأشمل من المواد القانونية الأساسية في بريطانيا وايرلندا والمتوفرة مجاناً وفي مكان واحد على الإنترنت. منذ أيلول 2001، يضم الموقع 19 قاعدة بيانات تغطي 5 سلطات قضائية. في الموقع أكثر من 2 غيغا بايت من المواد القانونية وحوالي 275 ألف وثائق قابلة للبحث مع قرابة 10 مليون روابط إنترنت.</search_description>
			<url>http://www.bailii.org/</url>
			<search_url>http://www.bailii.org/cgi-bin/sino_search_1.cgi?sort=rank&amp;method=boolean&amp;highlight=1&amp;mask_path=/&amp;query={$formKeywords}</search_url>
			
		</search>
		<search>
			<search_title>CanLII</search_title>
			<search_description>هو مصدر دائم في القانون الكندي تم إنشاؤه أصلاً كموقع أولي في مجال التوزيع المجاني العام للمواد القانونية الأساسية في كندا.</search_description>
			<url>http://www.canlii.org/en/index.html</url>
			<search_url>http://www.canlii.org/eliisa/search.do?language=en&amp;searchTitle=Search+all+CanLII+Databases&amp;searchPage=eliisa%2FmainPageSearch.vm&amp;id=&amp;startDate=&amp;endDate=&amp;legislation=legislation&amp;caselaw=courts&amp;boardTribunal=tribunals&amp;text={$formKeywords}</search_url>
			
		</search>
		<search>
			<search_title>مؤسسة المعلومات القانونية العالمية (WorldLII)</search_title>
			<search_description>هي وسيلة بحثية مجانية مستقلة وغير ربحية تركز على القوانين الدولية.</search_description>
			<url>http://www.worldlii.org/</url>
			<search_url>http://www.worldlii.org/form/search/?method=any&amp;meta=%2Fworldlii&amp;results=50&amp;submit=Search&amp;rank=on&amp;callback=on&amp;query={$formKeywords}</search_url>
			
		</search>
		<search>
			<search_title>FindLaw</search_title>
			<search_description>واحد من أفضل الأمثلة على المواقع المتخصصة بالبيانات الفوقية. أكثر من مجرد دليل فائق التنظيم من مصادر الإنترنت القانونية المنتخبة، حيث أنه يوفر أيضاً أداة بحث عن الصفحات القانونية على الشبكة العنكبوتية، يضم أكبر قاعدة بيانات مجانية بالنص الكامل لقضايا المحكمة العليا، مع محرك بحث ودليل لمراجعات قانونية على الإنترنت، مجموعة من التشريعات في الولايات الأمريكية، فصول دراسية تفاعلية مستمرة، ومناقشات قانونية على الإنترنت.</search_description>
			<url>http://www.findlaw.com/</url>
			<search_url>http://lawcrawler.findlaw.com/scripts/lc.pl?submit=search&amp;sites=findlaw.com&amp;entry={$formKeywords}</search_url>
			
		</search>
		<search>
			<search_title>فقيه القانون: شبكة أساتذة القانون</search_title>
			<search_description>يوفر روابط للصفحات الرئيسية لأكثر من 50 أستاذ في القانون، ولأكثر من 50 ما قبل وما بعد الطباعة من المقالات (في 9 مواضيع من قوانين العمل حتى اللوائح)، ولعشرين من الصفحات الوصفية، تتم إدامته من قبل أساتذة القانون، في موضوعات تمتد من الإداريات وحتى قوانين الضرائب. كما يتضمن قائمة كبيرة من صفحات الفصول الدراسية القانونية، ثلاث محاضرات، مع مؤشرات إلى مصادر أخرى. أساساً هو جولة معلمة في المصادر القانونية على الإنترنت يجريها أساتذة في القانون.</search_description>
			<url>http://www.law.pitt.edu/hibbitts/jurist.htm</url>
			<search_url>http://www.picosearch.com/cgi-bin/ts.pl?index=110412&amp;opt=ALL&amp;SEARCH=Search+JURIST+5000&amp;query={$formKeywords}</search_url>
			
		</search>
	</context>
	<context>
		<context_title>سياسة الدولة</context_title>
		<context_abbrev>سياسة الدولة</context_abbrev>
		<context_description>Access to Information and services gateway run by the Government of the United States and Canada.</context_description>

		<search>
			<search_title>مدخل لمعلومات وخدمات الحكومة الأسترالية</search_title>
			<search_description>يقدم وصول شامل ومتكامل لمعلومات وخدمات الحكومة الأسترالية. ستجد بنية مركزة لبيانات الحكومة الأسترالية في هذا الموقع. &lt;a href=&quot;http://www.australia.gov.au&quot;&gt;www.australia.gov.au&lt;/a&gt; حالياً يشتمل على إدراجات من أكثر من 700 موقع حكومي أسترالي وفهارس وأكثر من 5 ملايين صفحة، ويستعمل البيانات الوصفية والنصوص الكاملة لأغراض الفهرسة لضمان كونه مدخلاً حكومياً شاملاً.</search_description>
			<url>http://www.fed.gov.au</url>
			<search_url>http://govsearch.australia.gov.au/search/search.cgi?collection=gov&amp;form=au&amp;query=&amp;query_phrase=&amp;query_or=&amp;query_not=&amp;meta_f_sand=&amp;scope=&amp;fscope=512&amp;num_ranks=20&amp;chksummary=chksummary&amp;query_and={$formKeywords}</search_url>
			
		</search>
		<search>
			<search_title>منشورات الحكومة الكندية</search_title>
			<search_description>يوفر هذا الموقع نافذة واحدة للحصول على منشورات مجانية أو بثمن مرخصة من قبل الوزارات الكندية. قاعدة البيانات لا تضمن كل المنشورات المقدمة من جميع الوزارات. رغم ذلك تضم أكثر من 100 ألف منشور، وهذا العدد يزداد بواقع يومي حيث أن هذا الموقع يتعاون مع تلك الدوائر الحكومية.</search_description>
			<url>http://publications.gc.ca/helpAndInfo/abtpbs-e.htm</url>
			<search_url>http://publications.gc.ca/control/quickPublicSearch?searchAction=2&amp;termValue={$formKeywords}</search_url>
			
		</search>
		<search>
			<search_title>حكومة كندا</search_title>
			<search_description>بإمكانك البحث عبر كل الوزارات الحكومية الفدرالية ووكالاتها والإدارات الريفية وفي المقاطعات والمدن. هناك روابط لتلك الوزارات والوكالات. الفهرس من أ إلى ي يقدم خدمة البحث عبر الكلمات المفتاحية للبرامج والخدمات. 

يشمل التطور الأخير في جانب عمل الوزارات تضمين صفحة &quot;الإفصاح الحكومي&quot; حيث تستعرض مصاريف السفر والإسكان، الإفصاح عن العقود، المنح والهبات. 

صفحة (عن كندا) تتضمن روابط للوزارات والوكالات، هيكلية الحكومة الكندية، لجان التحقيق، والمزيد. 

إضافة إلى مواقع الوزارات، أنشأت الحكومة مداخل تقوم بربط المعلومات من مختلف الموارد الفدرالية والمقاطعاتية، والمنظمات غير الحكومية أيضاً.</search_description>
			<url>http://www.canada.gc.ca/main_e.html</url>
			<search_url>http://search-recherche.gc.ca/cgi-bin/query?mss=canada%2Fen%2Fsimple.html&amp;enc=iso88591&amp;pg=q&amp;kl=en&amp;site=main&amp;q={$formKeywords}</search_url>
			
		</search>
		<search>
			<search_title>Directgov</search_title>
			<search_description>هي خدمة حكومية تتيح للناس الوصول إلى طيف واسع من المعلومات العامة والخدمات وأحدثها، ضمن موقع واحد على الإنترنت وعلى التلفاز الرقمي. إنه يستعمل المواصفات المصاغة والمنصوص عليها عبر UK GovTalk.</search_description>
			<url>http://www.direct.gov.uk</url>
			<search_url>http://www.direct.gov.uk/AdvancedSearch/SearchResults/fs/en?NP=1&amp;PO1=C&amp;PI1=W&amp;PF1=A&amp;PG=1&amp;RP=20&amp;SC=__dgov_site&amp;Z=1&amp;PT1={$formKeywords}</search_url>
			
		</search>
		<search>
			<search_title>FirstGov</search_title>
			<search_description>FirstGov (الحكومة الأمريكية الفيدرالية) هي شراكة عامة - خاصة، تدار من قبل مجلس وكالة مزدوج.</search_description>
			<url>http://www.firstgov.gov/</url>
			<search_url>http://www.firstgov.gov/fgsearch/index.jsp?db=www-fed-all&amp;st=AS&amp;ms0=should&amp;mt0=all&amp;rn=2&amp;parsed=true&amp;x=5&amp;y=16&amp;mw0={$formKeywords}</search_url>
			
		</search>
		<search>
			<search_title>Info4local.gov.uk</search_title>
			<search_description>معلومات الحكومة المحلية من الحكومة المركزية. هذا الموقع يعطي السلطات المحلية طريقة سهلة وسريعة للعثور على البيانات عبر الإنترنت مما يخص وزارات الحكومة المركزية، الوكالات، والممثليات العامة. إنه يضم معلومات واسعة لتطبيق الحوكمة الالكترونية.</search_description>
			<url>http://www.info4local.gov.uk</url>
			<search_url>http://www.info4local.gov.uk/?view=Search+results&amp;subjects=all&amp;departmentsIds=0&amp;informationTypesIds=all&amp;query={$formKeywords}</search_url>
			
		</search>
		<search>
			<search_title>مدخل الحكومة النيوزلندية</search_title>
			<search_description>هو موقع يتيح عمليات البحث مع روابط لمعلومات وخدمات آنية وغير آنية لمختلف الوكالات الحكومية. هذا الموقع يدار ويدام من قبل مفوضية خدمات الدولة، وهي إحدى الوزارات الحكومية.</search_description>
			<url>http://www.govt.nz</url>
			<search_url>http://www.govt.nz/search?type=spider&amp;t=spider&amp;q={$formKeywords}</search_url>
			
		</search>
		<search>
			<search_title>Europa</search_title>
			<search_description>المعلومات الحالية عن الدول الأعضاء في الاتحاد الأوربي، بضمنها بيانات إحصائية، سياسات، أخبار، وثائق رسمية، نصوص قانونية، ومنشورات أخرى.</search_description>
			<url>http://europa.eu.int/index_en.htm</url>
			<search_url>http://europa.eu.int/geninfo/query/resultaction.jsp?page=1</search_url>
			<search_post>Collection=EuropaFull&amp;ResultTemplate=/result_en.jsp&amp;ResultCount=25&amp;qtype=simple&amp;ResultMaxDocs=200&amp;DefaultLG=en&amp;QueryText={$formKeywords}</search_post>			
		</search>
		<search>
			<search_title>شبكة المعلومات القانونية العالمية (GLIN)</search_title>
			<search_description>هي قاعدة بيانات للقوانين، التشريعات، القرارات القضائية، ومصادر قانونية تكميلية أخرى شاركت بها الوكالات الحكومية والمنظمات العالمية. أعضاء هذه الشبكة يساهمون بالنصوص الكاملة من الوثائق المنشورة لإدراجها في قاعدة البيانات وبلغاتها الأصلية. كل وثيقة يصاحبها موجز باللغة الإنجليزية وعبارات إصطلاحية منتخبة من الفهرس متعدد اللغات لقاعدة البيانات.</search_description>
			<url>http://www.glin.gov</url>
			<search_url>http://www.glin.gov/search.do?refineQuery=&amp;offset=0&amp;refineQueryType=&amp;fromSearch=true&amp;queryType=ALL&amp;searchBtn=Search&amp;includeAllFields=on&amp;searchAll=on&amp;sumLanguage=any&amp;pubLanguage=any&amp;pubJurisdiction=any&amp;publicationJurisdictionExclude=false&amp;searchPublicationDate=true&amp;dateFromDay=01&amp;dateFromMonth=01&amp;dateFromYear=&amp;dateToDay=01&amp;dateToMonth=01&amp;dateToYear=&amp;subjTerm=&amp;subjTermConjunction%5B0%5D=AND&amp;subjTerm=&amp;subjTermConjunction%5B1%5D=AND&amp;subjTerm=&amp;subjTermConjunction%5B2%5D=AND&amp;subjTerm=&amp;subjTermConjunction%5B3%5D=AND&amp;subjTerm=&amp;searchOrder=default&amp;hitsPerPage=10&amp;showSummary=on&amp;queryString={$formKeywords}</search_url>
			
		</search>
		<search>
			<search_title>Eur-Lex -- مدخل لقانون الاتحاد الأوربي</search_title>
			<search_description>خدمة مجانية مع إتاحة الوصول إلى المجلة الرسمية للاتحاد الأوربي، النصوص الكاملة للمعاهدات القانونية الأوربية، نسخ موحدة من التشريعات الحالية والأحكام الأخيرة لمحكمة العدالة الدولية.</search_description>
			<url>http://europa.eu.int/eur-lex/en/index.html</url>
			<search_url>http://europa.eu.int/search/s97.vts?Action=FilterSearch&amp;COLLECTION=EURLEXfiles&amp;Filter=EUROPA_filter.hts&amp;ResultTemplate=eur-lex_res-en.hts&amp;QueryMode=Simple&amp;SearchPage=%2Feur-lex%2Fen%2Findex.html&amp;SearchIn=http%3A%2F%2Feuropa.eu.int%2Feur-lex%2Fen&amp;SortField=Score&amp;SortOrder=desc&amp;StartDate=&amp;HTMLonly=&amp;ResultCount=25&amp;queryText={$formKeywords}</search_url>
			
		</search>
		<search>
			<search_title>الحكام</search_title>
			<search_description>هذا الموقع يضم قوائم لرؤساء الدول والحكومات (وأحياناً، القادة الفعليين الذين لم يحوزوا تلك المناصب الرسمية) لجميع الدول والمقاطعات، عوداً حتى عام 1700 في معظم الحالات. كذلك يتضمن التقسيمات الفرعية لمختلف الدول، وزراء الخارجيات المتأخرين لجميع الدول، مع منظمات دولية منتخبة، زعماء دينيين مع سجل الأحداث ذات الصلة منذ 1996.</search_description>
			<url>http://www.rulers.org/</url>
			<search_url>http://www.google.com/search?q=site%3Arulers.org&amp;q={$formKeywords}</search_url>
			
		</search>
		<search>
			<search_title>Thomas معلومات تشريعية على الإنترنت</search_title>
			<search_description>عبر هذا الموقع، تقدم مكتبة الكونغرس نصوص الوثائق التشريعية في كونغرس الولايات المتحدة، النص الكامل للسجلات في الكونغرس، البيت الأبيض، تقارير مجلس الشيوخ ووثائق تأريخية.</search_description>
			<url>http://thomas.loc.gov/</url>
			<search_url>http://thomas.loc.gov/cgi-bin/thomas</search_url>
			<search_post>congress=109&amp;database=text&amp;MaxDocs=1000&amp;querytype=phrase&amp;Search=SEARCH&amp;query={$formKeywords}</search_post>			
		</search>
	</context>
	<context>
		<context_title>تقارير وسائل الإعلام</context_title>
		<context_abbrev>تقارير وسائل الإعلام</context_abbrev>
		<context_description>الشروع مباشرة بعملية بحث استناداً إلى موضوع المقالة أو الورقة التي تربط المستخدم بالمحتوى المجاني والمقالات المحفوظة في ذلك الحقل من الصحف الرئيسية حول العالم.</context_description>

		<search>
			<search_title>أخبار Google</search_title>
			<search_description>البحث في التقارير الخبرية باستعمال محرك البحث الشائع ضمن خدمة أخبار Google.</search_description>
			<url>http://news.google.com/</url>
			<search_url>http://news.google.com/news?hl=en&amp;q={$formKeywords}</search_url>
			
		</search>
		<search>
			<search_title>العالم والبريد</search_title>
			<search_description>العالم والبريد، تورنتو (آخر سبعة أيام)</search_description>
			<url>http://www.globeandmail.com/</url>
			<search_url>http://www.globeandmail.com/servlet/HTMLTemplate/search?tf=tgam/search/tgam/SearchResults.html&amp;cf=tgam/search/tgam/SearchResults.cfg&amp;current_row=1&amp;start_row=1&amp;num_rows=10&amp;keywords={$formKeywords}</search_url>
			
		</search>
		<search>
			<search_title>يوميات الشعب</search_title>
			<search_description>يوميات الشعب، الصين (كانون الثاني 1999 -)</search_description>
			<url>http://english.peopledaily.com.cn/</url>
			<search_url>http://search.people.com.cn/was40/people/GB/english_index.jsp?type=1&amp;channel=&amp;Content=&amp;searchword={$formKeywords}</search_url>
			
		</search>
		<search>
			<search_title>البريد وصحيفة الغارديان</search_title>
			<search_description>البريد وصحيفة الغارديان، جنوب أفريقيا (1994-)</search_description>
			<url>http://www.mg.co.za/</url>
			<search_url>http://www.mg.co.za/mg_search_results.aspx?PrintEdition=PrintEdition&amp;DailyNews=DailyNews&amp;SearchSection=&amp;StartDay=&amp;StartMonth=&amp;StartYear=&amp;EndDay=&amp;EndMonth=&amp;EndYear=&amp;keywords={$formKeywords}</search_url>
			
		</search>
		<search>
			<search_title>الإذاعة الوطنية الشعبية</search_title>
			<search_description>الإذاعة الوطنية الشعبية، الولايات المتحدة (غير محدودة)</search_description>
			<url>http://www.npr.org/archives/</url>
			<search_url>http://www.npr.org/search.php?text={$formKeywords}</search_url>
			
		</search>
		<search>
			<search_title>صحيفة نيويورك تايمز</search_title>
			<search_description>صحيفة نيويورك تايمز، نيويورك (آخر سبعة أيام)</search_description>
			<url>http://www.nytimes.com/</url>
			<search_url>http://query.nytimes.com/search/query?date=site1week&amp;submit.x=1&amp;submit.y=9&amp;query={$formKeywords}</search_url>
			
		</search>
		<search>
			<search_title>صحيفة اليابان تايمز على الإنترنت</search_title>
			<search_description>صحيفة اليابان تايمز على الإنترنت، اليابان (كانون الثاني 1999-)</search_description>
			<url>http://www.japantimes.co.jp/</url>
			<search_url>http://www.google.co.jp/custom?domains=japantimes.co.jp&amp;client=pub-4223870936880387&amp;forid=1&amp;ie=Shift_JIS&amp;oe=Shift_JIS&amp;term1=&amp;cof=GALT%3A%23008000%3BGL%3A1%3BDIV%3A%23336699%3BVLC%3A663399%3BAH%3Acenter%3BBGC%3AFFFFFF%3BLBGC%3AFFFFFF%3BALC%3A0000FF%3BLC%3A0000FF%3BT%3A000000%3BGFNT%3A0000FF%3BGIMP%3A0000FF%3BLH%3A60%3BLW%3A200%3BL%3Ahttp%3A%2F%2Fwww.japantimes.co.jp%2Fimages%2Fheader_title.gif%3BS%3Ahttp%3A%2F%2Fwww.japantimes.co.jp%2F%3BFORID%3A1%3B&amp;hl=ja&amp;advancesearch=&amp;q={$formKeywords}</search_url>
			
		</search>
		<search>
			<search_title>صحيفة موسكو تايمز</search_title>
			<search_description>صحيفة موسكو تايمز، روسيا (1994-)</search_description>
			<url>http://www.moscowtimes.ru/doc/Search.html</url>
			<search_url>http://www.moscowtimes.ru/cgi-bin/search?config=&amp;exclude=&amp;method=and&amp;format=long&amp;sort=score&amp;matchesperpage=10&amp;words={$formKeywords}</search_url>
			
		</search>
		<search>
			<search_title>صحيفة واشنطن بوست</search_title>
			<search_description>صحيفة واشنطن بوست، واشنطن دي سي (آخر أسبوعين)</search_description>
			<url>http://www.washingtonpost.com/</url>
			<search_url>http://www.washingtonpost.com/cgi-bin/search99.pl?searchsection=news&amp;searchdatabase=news&amp;x=11&amp;y=8&amp;searchtext={$formKeywords}</search_url>
			
		</search>
		<search>
			<search_title>Newsdirectory</search_title>
			<search_description>هي دليل شامل قابل للبحث في وسائل الإعلام الناطقة باللغة الإنجليزية حول العالم. حالياً أكثر من ثمانية آلاف صحيفة ومجلة مدرجة فيه، فضلاً عن أكثر من ألف محطة تلفزيونية أمريكية.</search_description>
			<url>http://www.newsdirectory.com/</url>
			<search_url>http://www.newsdirectory.com/hbSearch.php</search_url>
			<search_post>s={$formKeywords}&amp; submit=Go</search_post>
			
		</search>
	</context>
	<context>
		<context_title>البحث في الإنترنت</context_title>
		<context_abbrev>البحث في الإنترنت</context_abbrev>
		<context_description>أدخل عبارات البحث في موارد الإنترنت عبر محركات البحث المتنوعة.</context_description>

		<search>
			<search_title>Google</search_title>
			<search_description>البحث باستعمال محرك البحث الأشهر عالمياً.</search_description>
			<url>http://www.google.com/</url>
			<search_url>http://www.google.com/search?q={$formKeywords}</search_url>
			
		</search>
		<search>
			<search_title>الباحث العلمي من Google</search_title>
			<search_description>الباحث العلمي من Google يتيح عمليات البحث المتخصصة بالأعمال الأدبية العلمية، بضمنها الأوراق المحكمة، الأطاريح والرسائل، الكتب، الطبعات الأولية، الملخصات، والتقارير التقنية. المحتوى يشمل مدى من الناشرين والتجمعات العلمية التي لها اتفاقيات قائمة مع Google، مثل: رابطة المكائن الحاسوبية، IEEE، مكتبة  Open WorldCat لـ OCLC... إلخ. نتائج العرض ستُظهر نسخ تجاميع مختلفة، وتحليل للاقتباسات، وموقع المكتبة (حالياً كتب فقط).</search_description>
			<url>http://scholar.google.com</url>
			<search_url>http://scholar.google.com/scholar?ie=UTF-8&amp;oe=UTF-8&amp;hl=en&amp;q={$formKeywords}</search_url>
			
		</search>
		<search>
			<search_title>Clusty the Clustering Engine</search_title>
			<search_description>أداة البحث هذه المقدمة من Vivismo تقدم نتائج متشعبة لعمليات بحث منتخبة. البحث في البيانات الوصفية عبر الإنترنت بالكامل أو استعمال علامات التبويب للبحث في الأخبار، الإشاعات، الصور أو المنتجات عبر Bizrate أو eBay.</search_description>
			<url>http://clusty.com/about</url>
			<search_url>http://clusty.com/search?query={$formKeywords}</search_url>
			
		</search>
		<search>
			<search_title>Vivisimo</search_title>
			<search_description>تقنية Vivisimo المتشعبة الحائزة على جائزة، طورها علماء أبحاث في Carnegie Mellon، وهي تستثمر المعلومات المخزنة عند شركات Fortune 500، وأهم المواقع الالكترونية، والناشرين المعتبرين، والوكالات الحكومية عبر تصنيف نتائج البحث آنياً في قوائم مرتبة ذات معنى، وبهذا، التوصل إلى تحسين ثوري في الوصول إلى المعلومات ذات الصلة.</search_description>
			<url>http://vivisimo.com</url>
			<search_url>http://vivisimo.com/search?tb=homepage&amp;v%3Asources=Web&amp;query={$formKeywords}</search_url>
			
		</search>
	</context>
</version>
