<?xml version="1.0" encoding="UTF-8"?>
<!DOCTYPE version SYSTEM "../../lib/pkp/dtd/rtVersion.dtd">

<!--
  * Social_Sciences.xml
  *
  * A tradución ao galego de OJS (versión 2.2.3) é de Gabriel Beceiro
  * co apoio informático de Miquel Rubirola e a Revista Olláparo (Cedeira-Galiza)
  * A tradución abranxe as ferramentas de lectura e de axuda.
  *
  * Copyright (c) 2013-2016 Simon Fraser University Library
  * Copyright (c) 2003-2016 John Willinsky
  * Distributed under the GNU GPL v2. For full terms see the file docs/COPYING.
  *
  * Reading Tools version: Social Sciences (gl_ES)
  *
  -->

<version id="Social_Sciences" locale="gl_ES">
	<version_title>Ciències socials</version_title>
	<version_description>A través das ferramentas de lectura os lectors deste estudo poden consultar moitos  recursos que os axudaran a interpretalo, contextualizalo e avalialo.</version_description>

	<context>
		<context_title>Obras do autor/a</context_title>
		<context_abbrev>Outras obras</context_abbrev>
		<context_description>Permite identificar outras obras do autor/a (ou autores/as) do artigo a través dos motores de OAI.</context_description>
		<author_terms/>
		<search>
			<search_title>Google Académico</search_title>
			<search_description>Google Académico permite facer buscas específicas de documentación académica, como artigos revisados per persoas expertas, teses, libros, publicacións preliminares, resumos e informes técnicos. Inclue contidos de prestixiosos fornecedores e entitades editoras coas que Google ten acordos permanentes, como a Association for Computing Machinery, a IEEE ou o servizo de catálogo de bibliotecas Open WorldCat da OCLC, etc. Os resultados mostran as diversas versiónns do documento procurado, a análise de citacions e a ubicación da biblioteca onde  se pode obter (actualmente só para libros).</search_description>
			<url>http://scholar.google.com</url>
			<search_url>http://scholar.google.com/scholar?ie=UTF-8&amp;oe=UTF-8&amp;hl=eng&amp;as_sauthors={$formKeywords}</search_url>
			
		</search>
		<search>
			<search_title>OAIster (bases de dades de recerca de l&apos;Open Archives Initiative)</search_title>
			<search_description>OAIster é un proxecto do Digital Library Production Service da University of Michigan que permite facer buscas nun grande número de coleccions de diversas institucions que fornecen acceso aos seus recursos dixitais. O traballo do equipo do proxecto consisteu en recopilar aqueles recursos e engadilos ao servizo OAIster.</search_description>
			<url>http://oaister.umdl.umich.edu/</url>
			<search_url>http://oaister.umdl.umich.edu/cgi/b/bib/bib-idx?type=boolean&amp;size=10&amp;c=oaister&amp;q1=&amp;rgn1=entire+record&amp;op2=and&amp;q2=&amp;rgn2=entire+record&amp;op3=And&amp;q3=&amp;rgn3=title&amp;op4=And&amp;rgn4=author&amp;op5=And&amp;q5=&amp;rgn5=subject&amp;op6=And&amp;rgn6=norm&amp;q6=all+types&amp;sort=author%2Fcreator&amp;submit2=search&amp;q4={$formKeywords}</search_url>
			
		</search>
		<search>
			<search_title>Open Archives Harvester del Public Knowledge Project</search_title>
			<search_description>L&apos;Open Archives Harvester é un sistema libre de indexación de metadados desenvolvido polo Public Knowledge Project, unha iniciativa con financiamento do goberno federal do Canadà que quere promover e facer máis accessibel o àmbit da investigación.OAI Harvester permite crear un índice per a procurar os metadados dos arquivos admitidos pola Open Archives Initiative (por exemplo, os sitios web que treballan co Open Journal Systems ou co Open Conference Systems).</search_description>
			<url>http://pkp.sfu.ca/harvester/</url>
			<search_url>http://pkp.sfu.ca/harvester/search.php?limit=author&amp;query={$formKeywords}</search_url>
			
		</search>
		<search>
			<search_title>Find articles (BNET)</search_title>
			<search_description>Achega citacions, resumos e artigos de text completo de máis de 300 revistas e publicacións sobre materias como a empresa, saúde, sociedade, entretenimento e deporte.</search_description>
			<url>http://findarticles.com/</url>
			<search_url>http://www.findarticles.com/cf_0/PI/search.jhtml?magR=all+magazines&amp;key={$formKeywords}</search_url>
			
		</search>
		<search>
			<search_title>H-Net Reviews</search_title>
			<search_description>H-Net Reviews in the Humanities and Social Sciences é un recuros en liña que permite procurar reseñas de obras académicas. As reseñas publícanse en liña a traveso de redes de discusión e o  sitio web H-Net para que os usuarios/usuarias poidan acceder dun xeito máis axil e rápido. Logo do uso estas redes potencian a interactividae, xa que os revisores/as, autores/as e lectores/as poden participar en liña nos fíos de discusión xerados. Por mor deste sistema baseado no  correo electronio e o web, H-Net axuda a promover a publicación de reseñas académicas en liña.</search_description>
			<url>http://www2.h-net.msu.edu/reviews/</url>
			<search_url>http://www2.h-net.msu.edu/reviews/search.cgi?maxlines=25&amp;maxfiles=25&amp;all=all&amp;query={$formKeywords}</search_url>
			
		</search>
		<search>
			<search_title>Intute: Social Sciences</search_title>
			<search_description>Intute: Social Sciences é un servizo en liña gratuito que ofrece acceso aos mellores recursos de Internet relacionados coa educación e a investigación. Estes recursos foron avaliados e seleccionados por unha rede de especialistas na matèria.</search_description>
			<url>http://www.intute.ac.uk/socialsciences/</url>
			<search_url>http://www.intute.ac.uk/socialsciences/cgi-bin/search.pl?submit.x=0&amp;submit.y=0&amp;submit=Go&amp;limit=0&amp;subject=socialsciences&amp;term1={$formKeywords}</search_url>
			
		</search>
		<search>
			<search_title>SocioSite</search_title>
			<search_description>SocioSite fornece acceso ao mundo das ciencias sociais a escala global. O seu obxectivo é manter unha listaxe exhaustiva de todos os recursos de Internet relacionados coa socioloxía.</search_description>
			<url>http://www.sociosite.net/</url>
			<search_url>http://www.google.com/u/sociosite?sa=sociosite&amp;domains=www2.fmg.uva.nl&amp;sitesearch=www2.fmg.uva.nl&amp;hq=inurl:www2.fmg.uva.nl/sociosite&amp;q={$formKeywords}</search_url>
			
		</search>
		<search>
			<search_title>Voice of the Shuttle</search_title>
			<search_description>Voice of the Shuttle céntrase en recursos primarios e secundarios (ou teóricos) sobre literatura norteamericana. Achéganse ligazóns a programas, revistas electrónicas e foros.</search_description>
			<url>http://vos.ucsb.edu/</url>
			<search_url>http://vos.ucsb.edu/search-results.asp?Submit=Go&amp;search={$formKeywords}</search_url>
			
		</search>
	</context>
	<context>
		<context_title>Procura de termos</context_title>
		<context_abbrev>Procura de termos</context_abbrev>
		<context_description>Fai doble clic en calquera palabra do texto para  mostrala no cadro «Definició de termes». Tamén podes escribir ou pegar unha palabra  directamente no cadro e a continuación utilizar a función de busca para atopar unha defición. Estes recursos foron escollidos polo seu relevo e porqué fornecen acceso aberto (de balde) a todos ou a parte dos seus contidos.</context_description>
		<define_terms/>
		<search>
			<search_title>Google</search_title>
			<search_description>Podes procurar definicións a través do popular buscador de Google.</search_description>
			<url>http://www.google.com/</url>
			<search_url>http://www.google.com/search?hl=en&amp;q=define%3A{$formKeywords}</search_url>
			
		</search>
		<search>
			<search_title>Online Dictionary of the Social Sciences</search_title>
			<search_description>L&apos;Online Dictionary of the Social Sciences permite buscar os termos máis habituais no eido das ciencias sociais. Permit procurar por frase ou por palabra clave.</search_description>
			<url>http://bitbucket.icaap.org/</url>
			<search_url>http://bitbucket.icaap.org/dict.pl?fuzzy={$formKeywords}</search_url>
			
		</search>
		<search>
			<search_title>OneLook Dictionary Search</search_title>
			<search_description>OneLook é un metadicionario que permite procurar unha palabra ou unha abreviatura en língua inglesa nun índex de 5.292.362 palabras pertencentes a 934 dicionarios clasificados en obras xerais e obras especializadas, e tamén obter definicións.</search_description>
			<url>http://www.onelook.com/index.html</url>
			<search_url>http://www.onelook.com/?ls=a&amp;w={$formKeywords}</search_url>
			
		</search>
		<search>
			<search_title>Merriam-Webster Online</search_title>
			<search_description><![CDATA[Este dicionario baséase no <em>Webster 10th Collegiate edition</em> do ano 1993 e actualízase anualmente. Contén máis de 160.000 entradas e cada palabra vai acompañada da súa definición, pronuncia, nota de uso, función gramatical e breve etimoloxía. Tamén inclue un tesaurus e  ofrece suxestións no caso de procurar unha palabra mal escrita. O sistema de procura deste dicionario admite comodins internos e busca por truncamento á dereita. Achega tamén unha  extensa guia de pronuncia e ficheiros de son en moitas entradas]></search_description>
			<url>http://www.merriam-webster.com/</url>
			<search_url>http://www.merriam-webster.com/cgi-bin/dictionary?book=Dictionary&amp;va={$formKeywords}</search_url>
			
		</search>
		<search>
			<search_title>Wiquipedia: L&apos;enciclopèdia lliure</search_title>
			<search_description>A Wiquipedia é unha enciclopèdia libre escrita de xeito colaborativo por usuarios/usuarias de todo o mundo. Este sitio web é un «wikiwiki», é dicir, que calquera usuario/usuaria pode editar un artigo. O seu contido non pasa  por nengún proceso revisión editorial, portanto a calidade dos seus contidos pode variar substancialmente segundo o artigo ou o tema consultado, ainda así trátase dun recurso moi útil. A versión inglesa da Wiquipèdia  achega milleiros de entradas. A máis disto, pódese consultar noutras línguas,por exemplo, o galego (Galipedia), o catalán, o castelán, o francés ou o esperanto.</search_description>
			<url>http://en.wikipedia.org/wiki/Main_Page</url>
			<search_url>http://en.wikipedia.org/wiki/Special:Search?go=Go&amp;fulltext=Search&amp;search={$formKeywords}</search_url>
			
		</search>
		<search>
			<search_title>Infoplease.com</search_title>
			<search_description>Este sitio web fornece contidos dos anuarios de Information Please, unha base de dados biográfica, un dicionario, un atlas e artigos da Columbia Encyclopedia. Permite facer buscas conxuntas ou separadas en todos os recursos, e tamén navegar polos anuarios. A máis disto, cada semana ofrece artigos de portada sobre os temas de actualidade nos media, ligados a contidos relacionados dos anuarios e outros recursos web.</search_description>
			<url>http://www.infoplease.com</url>
			<search_url>http://www.infoplease.com/search?fr=iptn&amp;in=all&amp;x=0&amp;y=0&amp;query={$formKeywords}</search_url>
			
		</search>
	</context>
	<context>
		<context_title>Estudos relacionados</context_title>
		<context_abbrev>Estudos relacionados</context_abbrev>
		<context_description>Permite acceder a estudos relacionados a través dunha ligazón a unna base de dados de acceso libre (de balde) que contén resumos e/ou textos completos relacionados co  tema de procura.</context_description>

		<search>
			<search_title>CIAO (Columbia International Affairs Online)</search_title>
			<search_description>Creado de xeito colaborativo entre as bibliotecas da Columbia University e Columbia University Press graza a unha bolsa da Andrew W. Mellon Foundation, CIAO fornece unha colección de materiais teóricos e de investigación do ámbito dos asuntos internacionais. Entre os materiais dispoñibeis destacan os documentos de traballo de institutos universitarios de investigación, resumos de políticas, información sobre diversos estados, resumos de revistas e actas de conferencias.Os materiais fornecidos datan dende o ano 1991 até a actualidade.</search_description>
			<url>http://www.ciaonet.org/</url>
			<search_url>http://usearch.cc.columbia.edu/ciao/query.html?qp=url%3Awps&amp;qp=url%3Aolj&amp;qp=url%3Apbei&amp;qp=url%3Abook&amp;qp=url%3Acasestudy&amp;op1=%2B&amp;fl1=&amp;ty1=w&amp;tx1=&amp;dt=in&amp;inthe=2147483647&amp;op0=&amp;fl0=&amp;ty0=w&amp;qt=&amp;ht=0&amp;qp=&amp;qs=&amp;col=ciao&amp;qc=ciao&amp;pw=100%25&amp;ws=0&amp;la=en&amp;qm=0&amp;st=1&amp;nh=25&amp;lk=1&amp;rf=0&amp;oq=&amp;rq=0&amp;si=0&amp;ql=a&amp;x=34&amp;y=8&amp;tx0={$formKeywords}</search_url>
			
		</search>
		<search>
			<search_title>Find articles (BNET)</search_title>
			<search_description>Inclue citacions, resumos e artigos de texto completo de máis de 300 revistas e publicacións sobre materias com a empresa, saúde, sociedade, entretenimento e deporte.</search_description>
			<url>http://findarticles.com/</url>
			<search_url>http://www.findarticles.com/cf_0/PI/search.jhtml?magR=all+magazines&amp;key={$formKeywords}</search_url>
			
		</search>
		<search>
			<search_title>H-Net Reviews</search_title>
			<search_description>H-Net Reviews in the Humanities and Social Sciences é un recurso en liña que permite buscar reseñas de obras académicas. As reseñas publícanse en liña atraveso de redes de discusión e o sitio web lloc web H-Net para que os usuarios/usuarias poidan acceder dun xeito máis axil e rápido. O uso destas redes potencia a interactividade xa que os revisores/as, autores/as e lectores/as poden participar en liña nos fios de discusió xerados. Por mor deste sistema baseado no correo electrónico e o web, H-Net axuda a promover a publicación de reseñas académicas en liña.</search_description>
			<url>http://www2.h-net.msu.edu/reviews/</url>
			<search_url>http://www2.h-net.msu.edu/reviews/search.cgi?maxlines=25&amp;maxfiles=25&amp;all=all&amp;query={$formKeywords}</search_url>
			
		</search>
		<search>
			<search_title>Intute: Social Sciences</search_title>
			<search_description>Intute: Social Sciences é un servizo en liña de balde que fornece acceo aos millores recursos de Internet relacionados coa educación e a investigación. Estes recursos foron avaliados e seleccionados por unha rede de especialistas na materia.</search_description>
			<url>http://www.intute.ac.uk/socialsciences/</url>
			<search_url>http://www.intute.ac.uk/socialsciences/cgi-bin/search.pl?submit.x=0&amp;submit.y=0&amp;submit=Go&amp;limit=0&amp;subject=socialsciences&amp;term1={$formKeywords}</search_url>
			
		</search>
		<search>
			<search_title>SocioSite</search_title>
			<search_description>SocioSite fornece acceso ao mundo das ciencias sociais a escala global. O seu obxectivo é manter unha listaxe exhaustiva de todos os recursos de Internet relacionados coa socioloxía.</search_description>
			<url>http://www.sociosite.net/</url>
			<search_url>http://www.google.com/u/sociosite?sa=sociosite&amp;domains=www2.fmg.uva.nl&amp;sitesearch=www2.fmg.uva.nl&amp;hq=inurl:www2.fmg.uva.nl/sociosite&amp;q={$formKeywords}</search_url>
			
		</search>
		<search>
			<search_title>Voice of the Shuttle</search_title>
			<search_description>Voice of the Shuttle se centra en recursos primaris i secundaris (o teòrics) sobre literatura nord-americana. S&apos;hi inclouen enllaços a programes, revistes electròniques i fòrums.</search_description>
			<url>http://vos.ucsb.edu/</url>
			<search_url>http://vos.ucsb.edu/search-results.asp?Submit=Go&amp;search={$formKeywords}</search_url>
			
		</search>
	</context>
	<context>
		<context_title>Reseñas de obras académicas</context_title>
		<context_abbrev>Reseñas de obras académicas</context_abbrev>
		<context_description>Facede clic nos URL  para procurar reseñas de obras académicas.</context_description>

		<search>
			<search_title>The Anthropology Review Database (ARD)</search_title>
			<search_description>The Anthropology Review Database tén o objectivo de manter ao dia aos profesionais da antropoloxía sobre as novidades bibliográficas neste ámbito, e tamén pretende axudalos a valorar  o relevo dos recursos dispoñíbeis á hora de aplicalos no seu traballo.</search_description>
			<url>http://wings.buffalo.edu/ARD/</url>
			<search_url>http://wings.buffalo.edu/ARD/cgi/search.cgi?authors=&amp;subject=&amp;date1=&amp;date2=&amp;medium=&amp;reviewer=&amp;title={$formKeywords}</search_url>
			
		</search>
		<search>
			<search_title>Books-on-Law</search_title>
			<search_description>Books-on-Law fornece reseñas de obras académicas e comerciais de recente ou immediata publicación relacionadas co ámbito do dereito. É un servizo de JURIST: Legal News &amp; Research.</search_description>
			<url>http://jurist.law.pitt.edu/lawbooks/</url>
			<search_url>http://search.freefind.com/find.html?id=9814374&amp;pageid=r&amp;mode=ALL&amp;query={$formKeywords}</search_url>
			
		</search>
		<search>
			<search_title>Law and Politics Book Review</search_title>
			<search_description>El servei Law and Politics Book Review està subvencionado polo Law and Courts Section de l&apos;American Political Science Association. Trátase dunha contorna dixital que permite acceder a unha exhaustiva colección de extensas reseñas sobre obras relacionadas con procesos e políticas legais. Estas reseñas  publícanse seis meses após a recepción das obras.</search_description>
			<url>http://www.bsos.umd.edu/gvpt/lpbr/</url>
			<search_url>http://www.searchum.umd.edu/search?btnG=Search&amp;output=xml_no_dtd&amp;proxystylesheet=UMCP&amp;as_sitesearch=http://www.bsos.umd.edu/gvpt/lpbr&amp;client=UMCP&amp;site=UMCP&amp;q={$formKeywords}</search_url>
			
		</search>
	</context>
	<context>
		<context_title>Pagamento por visionado</context_title>
		<context_abbrev>Pagamento por visionado</context_abbrev>
		<context_description>Os servizos de pagamento por visionado resultan útiles para os usuarios/usuarias que non dispoñen de acceso directo per subscrició aos artigos de revistas electrónicas. Deste modo, estes usuarios/usuarias poden ter acceso directo atraveso do sistemas de pagamento seguro con cartón de creédito de RSC. Unha vez validados os detalles de pagamento, o usuario/usuaria obtén acceso ao artigo solicitado por un período de 30 dias.</context_description>

		<search>
			<search_title>Ingenta</search_title>
			<search_description>Ingenta restrinxe o acceso aos artigos a texto completo. Malia que o acceso as textos completos sexan de pagamento, este sitio web tamén se  pode utilizar coma índice gratuito.</search_description>
			<url>http://www.ingenta.com/</url>
			<search_url>http://www.ingenta.com/isis/searching/Search/ingenta?database=1&amp;title={$formKeywords}</search_url>
			
		</search>
		<search>
			<search_title>ebrary</search_title>
			<search_description>Os investigadores independentes que non dispoñan de acceso ás bases de dados ebrary a través da súa biblioteca poden crear unha conta individual por 5 dolares. ebrary Discover abranxe un grande número de disciplinas académicas e  proporciona accés a máis de 20.000 títulos recoñecidos, que incluen libros de texto completo, partituras, informes e outros documentos de mái de 175 entidades editoras de prestixio, como  Cambridge University Press, Random House, Inc. e The McGraw-Hill Companies.</search_description>
			<url>http://www.ebrary.com/corp/</url>
			<search_url>http://shop.ebrary.com/Top?layout=search&amp;f00=text&amp;p01=&amp;f01=subject&amp;d=journal&amp;l=en&amp;sch=%A0%A0%A0%A0%A0Search%A0%A0%A0%A0%A0&amp;frm=adv.x&amp;p00={$formKeywords}</search_url>
			
		</search>
		<search>
			<search_title>Questia</search_title>
			<search_description>Questia fornece acceso a máis de 47.000 libros e 370.000 artigos de revistas, magazines e xornais. Todos os libros e artigos son de text completo.A tarifa de subscrición é de 19,95 dólares mensuais ou 99,95 dólares anuais.</search_description>
			<url>http://www.questia.com/</url>
			<search_url>http://www.questia.com/SM.qst?act=search&amp;keywordsSearchType=1000&amp;mediaType=book&amp;mediaType=journal&amp;mediaType=magazine&amp;mediaType=newspaper&amp;mediaType=encyclopedia&amp;mediaType=startpage&amp;keywords={$formKeywords}</search_url>
			
		</search>
		<search>
			<search_title>Wiley InterScience Pay-Per-View Service</search_title>
			<search_description>Wiley InterScience Pay-Per-View fornece acceso inmediato e completo a unha extensa colección de artigos de revistas e capítulos de libros dispoñibeis en Wiley InterScience sen precisar de subscrició. Calquera usuari/usuària pode acceder directamente a estes recursos a través dun pagamento con cartón de crèdito. O acceso é instantáneo e ten unha duración de 24 horas.</search_description>
			<url>http://www3.interscience.wiley.com/aboutus/ppv-articleselect.html</url>
			<search_url>http://www3.interscience.wiley.com/search/allsearch</search_url>
			<search_post>allContentSearchForm=&amp;mode=quicksearch&amp;WISindexid1=WISall&amp;WISsearch1={$formKeywords}</search_post>			
		</search>
	</context>
	<context>
		<context_title>Enquisas</context_title>
		<context_abbrev>Enquisas</context_abbrev>
		<context_description>Fornece acceso a enquisas de importància recoñecida no ámbito das ciencias sociais.</context_description>

		<search>
			<search_title>The Gallup Organization</search_title>
			<search_description>O web de Gallup permite facer buscas por palabra clave e dispón dun índice temàtico que inclue materias diversas como, por exemplo, o abortamento, a financiamento de campañas políticas, as drogas ilegais ou fiscalidade. A máis disto, fornece resultados das enquisas realizadas dende a década dos 50 até a actualidade.</search_description>
			<url>http://www.gallup.com/</url>
			<search_url>http://www.gallup.com/search/results.aspx?SearchConType=&amp;SearchTypeAll=any&amp;SearchTypeExa=any&amp;SearchTypeAny=any&amp;SearchTypeNon=any&amp;SearchTextExa=&amp;SearchTextAny=&amp;SearchTextNon=&amp;SearchSiteInd=&amp;SearchSiteAll=&amp;SearchDateBef=&amp;SearchDateAft=&amp;SearchDateBMo=&amp;SearchDateAMo=&amp;SearchDateBDa=&amp;SearchDateADa=&amp;SearchDateBYe=&amp;SearchDateAYe=&amp;SearchTextAll={$formKeywords}</search_url>
			
		</search>
		<search>
			<search_title>Public Agenda Online</search_title>
			<search_description>Public Agenda é unha organización financiada por 14 fundacions orientadas a servizos. Recóllense 21 guías sobre temas como o abortamento, a delincuencia, o orzamento federal, as diferencias raciais ou a asistencia sanitaria no  EUA. Ademáis, inclue ensaios analíticos, resumos de artigos de prensa e gráficos de resultados de enquisas para complementar as matèrias tratadas.</search_description>
			<url>http://www.publicagenda.org/</url>
			<search_url>http://www.publicagenda.org/search/search_details.cfm</search_url>
			<search_post>StartRow=1&amp;searchstring={$formKeywords}</search_post>			
		</search>
		<search>
			<search_title>PollingReport.com</search_title>
			<search_description>PollingReport.com é un recurso independente e imparcial que fornece información sobre as tendencias de opinión pública nos EUA.</search_description>
			<url>http://www.pollingreport.com/</url>
			<search_url>http://www.pollingreport.com/_vti_bin/shtml.exe/search.htm</search_url>
			<search_post>VTI-GROUP=0&amp;search={$formKeywords}</search_post>			
		</search>
	</context>
	<context>
		<context_title>Dados sobre ciencias sociais</context_title>
		<context_abbrev>Dados sobre ciencias sociais</context_abbrev>
		<context_description>Permite acceder a un extenso arquivo adicado á investigación e ao ensino das ciencias sociais.</context_description>

		<search>
			<search_title>Inter-University Consortium for Political and Social Research (ICPSR)</search_title>
			<search_description>O web e Inter-University Consortium for Political and Social Research (ICPSR) contén arquivos adicados ás ciencias sociais, con perto de 5.000 títulos e máis de 45.000 ficheiros individuais pertencentes a máis de 300 institucions de todo o mundo.</search_description>
			<url>http://www.icpsr.umich.edu/</url>
			<search_url>http://search.icpsr.umich.edu/ICPSR/query.html?nh=25&amp;rf=3&amp;ws=0&amp;op0=%2B&amp;fl0=&amp;ty0=w&amp;col=abstract&amp;col=series&amp;col=uncat&amp;op1=-&amp;tx1=restricted&amp;ty1=w&amp;fl1=availability%3A&amp;op2=%2B&amp;tx2=ICPSR&amp;ty2=w&amp;fl2=archive%3A&amp;tx0={$formKeywords}</search_url>
			
		</search>
		<search>
			<search_title>OECD Statistics Portal</search_title>
			<search_description>L&apos;OECD Statistics Portal recolle as estatísticas que se precisan para o traballo analítico. Estes recursos proveñen das axèncias estatísticas dos países membros. L&apos;OECD desenvolve e promove estàndares estatísticos internacionais e coordina activitade estatísticas con outras axencias internacionais.</search_description>
			<url>http://www.oecd.org/statsportal/0,2639,en_2825_293564_1_1_1_1_1,00.html</url>
			<search_url>http://www.oecd.org/searchResult/0,2665,en_2825_293564_1_1_1_1_1,00.html?searchText=&amp;fpDepartment=293564&amp;fpSearchExact=3&amp;fpSearchText={$formKeywords}</search_url>
			
		</search>
		<search>
			<search_title>Australian Social Science Data Archive</search_title>
			<search_description>L&apos;Australian Social Science Data Archive (ASSDA) é membro da International Federation of Data Organisations (IFDO), a través da cal mantén contactos coas organizacións internacionais adicadas á informatización de dados e documentación do ámbito das ciencias sociais. Inclue ligazóns a outros arquivos de dados.</search_description>
			<url>http://assda.anu.edu.au/</url>
			<search_url>http://assda.anu.edu.au/htdig/htsearch?method=and&amp;format=builtin-long&amp;sort=score&amp;config=assda&amp;restrict=http://assda.anu.edu.au/&amp;exclude=&amp;words={$formKeywords}</search_url>
			
		</search>
		<search>
			<search_title>UK Data Archive</search_title>
			<search_description>L&apos;UK Data Archive (UKDA) é xestionado pola University of Essex e contén a colección máis extensa do Reino Unido de dados informatizados relacionados cos ámbitos das ciencias sociais e as humanidades. Trátase dun centro de recursos de ámbito nacional que fornece información a todo o Reino Unido e tamén a escala internacional grazas aos acordos establecidos con outro arquivos nacionais. Via ser fundado no ano 1967 e actualmente recolle uns 7.000 conxuntos de dados de interese para investidadores de todos os sectores e disciplinas.</search_description>
			<url>http://www.data-archive.ac.uk/</url>
			<search_url>http://www.data-archive.ac.uk/search/allSearch.asp?ct=xmlAll&amp;zoom_and=1&amp;q1={$formKeywords}</search_url>
			
		</search>
		<search>
			<search_title>Social Science Data on the Internet</search_title>
			<search_description>Social Science Data on the Internet é unha extensa colección de 873  webs que conteñen dados estatísticos numéricos sobre cièncias sociais, catálogos de dados, bibliotecas de dados, pasarelas de ciencias sociais e ficheiros censais econòmicos e financieiros.</search_description>
			<url>http://3stages.org/idata/</url>
			<search_url>http://odwin.ucsd.edu/cgi-bin/easy_search2?print=notitle&amp;file+Data+on+the+Net=%2Fdata%2Fdata.html&amp;amp;skip=search.html&amp;header=%2Fheader%2Fheader&amp;search={$formKeywords}</search_url>
			
		</search>
	</context>
	<context>
		<context_title>Teorias sociais</context_title>
		<context_abbrev>Teorias sociais</context_abbrev>
		<context_description>Permite procurar sitios que teñen información relacionada coas teorías sociais.</context_description>

		<search>
			<search_title>CTheory (cal registrar-s&apos;hi)</search_title>
			<search_description>Web subvencionado polo Canadian Journal of Political and Social Theory que achega reseñas periódicas de obras teóricas, tecnolóxicas e culturais clave do panorama actual internacional. </search_description>
			<url>http://www.ctheory.net/</url>
			<search_url>http://www.google.com/search?q=site%3Awww.ctheory.net+{$formKeywords}</search_url>
			
		</search>
	</context>
	<context>
		<context_title>Pescudar en libros</context_title>
		<context_abbrev>Pescudar en libros</context_abbrev>
		<context_description>Recursos relacionados con libros.</context_description>

		<search>
			<search_title>Procurar libros de Google</search_title>
			<search_description>Google  colabora coas bibliotecas da University of Michigan, a Harvard University, a Stanford University e a Oxford University, e tamén coa New York Public Library,etc., para dixitalizar as súas coleccións e facelas accesibles a través do servizo Procura de libros de Google, un proxecto de escaneado masivo que quere incorporar millóns de volumes de obras impresas na súa base de dados. Premendo no título dun libro visualízae a páxina que contén os termos de procura escollidos. Unha vez se accediu ao libro pódense facer buscas máis específicas e tamén procurar reseñas, información sobre a entitade editora e outros dados relacionados. Finalmente, Procura de llibres de Google tamén permite achar bibliotecas próximas que dispoñan da obra, ou ben comprala por Internet.</search_description>
			<url>http://books.google.es/</url>
			<search_url>http://print.google.com/print?q={$formKeywords}</search_url>
			
		</search>
		<search>
			<search_title>The Online Books Page</search_title>
			<search_description>The Online Books Page, xestionada por John Mark Ockerbloom, da University of Pennsylvania. Un  excelente punto de partida para procurar  libros de text completo na Internet. Contén ligazóns a máis de 20.000 obras en inglés dispoñíbeis en diversos formatos e sitios web. Permite procurar as entradas por autor/a ou por título. A máis disto, tamén presenta a posibilidade de navegar polas categorías de signaturas da Library of Congress. Regularment engádense novas listaxes, consultables por separado en href=&quot;http://onlinebooks.library.upenn.edu/new.html&quot;&gt;http://onlinebooks.library.upenn.edu/new.html&lt;/a&gt;.</search_description>
			<url>http://digital.library.upenn.edu/books/</url>
			<search_url>http://onlinebooks.library.upenn.edu/webbin/book/search?tmode=words&amp;title={$formKeywords}</search_url>
			
		</search>
		<search>
			<search_title>Books-On-Line</search_title>
			<search_description>Esta páxina contén unha colección de 32.935 títols, ainda que nalgúns casos son anacos de obra. Permite navegar por matèrias ou ben procurar por autor/a ou por título. Compre ter en conta que algunhas das obres son de pagamento.</search_description>
			<url>http://www.books-on-line.com/</url>
			<search_url>http://www.books-on-line.com/bol/KeyWordSearch.cfm?RowCount=50&amp;Searchquery={$formKeywords}</search_url>
			
		</search>
		<search>
			<search_title>The Universal Digital Library</search_title>
			<search_description>The Universal Digital Library é un proxecto complexo e ambicioso que  o ano 2007 xa tiña recopilada unha colección dun millón de libros electrónicos (ainda que algúns derivan do Projecte Gutenberg), e que quere seguir medrando graza aos seus 50 centros de escaneado repartidos polo mundo.</search_description>
			<url>http://tera-3.ul.cs.cmu.edu/</url>
			<search_url>http://tera-3.ul.cs.cmu.edu/cgi-bin/DBscripts/advsearch_db.cgi?perPage=25&amp;listStart=0&amp;author1=&amp;subject1=Any&amp;year1=&amp;year2=&amp;language1=Any&amp;scentre=Any&amp;search=Search&amp;title1={$formKeywords}</search_url>
			
		</search>
	</context>
	<context>
		<context_title>Bases de dades</context_title>
		<context_abbrev>Bases de dades</context_abbrev>
		<context_description>Permite acceder a estudos relacionados a través da ligazón a unha base de dados de acceso libre (de balde) que contén resumos e/ou textos completos relacionados co tema de busca.</context_description>

		<search>
			<search_title>Country Studies: Area Handbook Series</search_title>
			<search_description>Web da Library of Congress que fornece grande cantidade de información sobre diversos paises. A Country Studies Series ofrece  información e análise do marco històrico e das institucións e sistemes sociais, económicos, políticos e nacionais de diversos paises.</search_description>
			<url>http://lcweb2.loc.gov/frd/cs/cshome.html</url>
			<search_url>http://search.loc.gov:8765/query.html?col=loc&amp;qp=url%3A%2Frr%2Ffrd%2F&amp;submit.x=11&amp;submit.y=9&amp;qt={$formKeywords}</search_url>
			
		</search>
		<search>
			<search_title>International Monetary Fund (IMF)</search_title>
			<search_description>International Monetary Fund (IMF). Base de dados de publicacións da IMF. Recolle informes estatais, documentos de traballo, documentos ocasionais e informes políticos. Algúns dos documentos citados neste sitio non se poden consultar a texto completo, porén atópanse dispoñibeis en versión impresa na biblioteca principal da UCB.</search_description>
			<url>http://www.imf.org/external/pubind.htm</url>
			<search_url>http://www.imf.org/external/pubs/cat/shortres.cfm?auth_ed=&amp;subject=&amp;ser_note=All&amp;datecrit=During&amp;YEAR=Year&amp;Lang_F=All&amp;brtype=Date&amp;submit=Search&amp;TITLE={$formKeywords}</search_url>
			
		</search>
		<search>
			<search_title>Documentos de proxecto da Inter-American Development Bank</search_title>
			<search_description>Documentos de proxecto da Inter-American Development Bank. Pemite navegar  por país ou por sector econòmico, e inclue tanto propostas de proxecto como proxectos aprovados.</search_description>
			<url>http://www.iadb.org/exr/pic/index.cfm?language=english</url>
			<search_url>http://search.iadb.org/search.asp?ServerKey=Primary&amp;collection=newcoll&amp;language=English&amp;ResultTemplate=default1.hts&amp;ResultStyle=normal&amp;ViewTemplate=docview.hts&amp;Querytext={$formKeywords}</search_url>
			
		</search>
		<search>
			<search_title>CIA World FactBook</search_title>
			<search_description>Desclasficado  dende o ano 1971, o World Fact Book da Central Intelligence Agency (CIA) é un recurso de publicación anual que ofrece información de calidade sobre estados independentes, dominios territoriais, territorios de soberania especial, rexions non habitables e océanos, un total de 267 entradas. Cada unhaa destas entradas inclou estatísticas físicas e demográficas, un resumo da situación econòmica e información relativa ás comunicacións, o transport e  o ámbito militar.</search_description>
			<url>https://www.cia.gov/library/publications/the-world-factbook/index.html</url>
			<search_url>https://www.cia.gov/search?NS-search-page=results&amp;NS-tocstart-pat=/text/HTML-advquery-tocstart.pat</search_url>
			<search_post>NS-search-type=NS-boolean-query&amp;NS-max-records=20&amp;NS-sort-by=&amp;NS-max-records=20&amp;NS-collection=Everything&amp;NS-query={$formKeywords}</search_post>			
		</search>
	</context>
	<context>
		<context_title>Portais de interese</context_title>
		<context_abbrev>Portais de interese</context_abbrev>
		<context_description>Portais de interese</context_description>

		<search>
			<search_title>Australian Social Science Data Archive</search_title>
			<search_description>L&apos;Australian Social Science Data Archive (ASSDA) é membro da International Federation of Data Organisations (IFDO), a través da cal mantén contactos coas organizacións internacionais adicadas á informatización de dados e documentación do ámbito das ciencias sociais. Fornece ligazóns a outros arquivos de dados.</search_description>
			<url>http://assda.anu.edu.au/</url>
			<search_url>http://assda.anu.edu.au/htdig/htsearch?method=and&amp;format=builtin-long&amp;sort=score&amp;config=assda&amp;restrict=http://assda.anu.edu.au/&amp;exclude=&amp;words={$formKeywords}</search_url>
			
		</search>
		<search>
			<search_title>Social Science Research Network - SSRN (Austin, Texas, EUA)</search_title>
			<search_description>A Social Science Research Network (SSRN) adícase á difusión da investigación en ciencias sociais a escala mundial e està formada por redes de investigación especializadas nas diferentes  áreas desta disciplina.</search_description>
			<url>http://www.ssrn.com/</url>
			<search_url>http://papers.ssrn.com/sol3/results.cfm</search_url>
			<search_post>searchTitle=Title&amp;searchAbstract=Abstract&amp;txtAuthorsFName=&amp;txtAuthorsLName=&amp;optionDateLimit=0&amp;Form_Name=Abstract_Search&amp;txtKey_Words={$formKeywords}</search_post>			
		</search>
		<search>
			<search_title>SocioSite</search_title>
			<search_description>SocioSite é unha guía para sociólogos. Este web creado nos Paises Baixos inclue ligazóns a diversos recursos internacionais.</search_description>
			<url>http://www.sociosite.net/</url>
			<search_url>http://www.google.com/search?q=site:www2%2Efmg%2Euva%2Enl%2Fsociosite%2F+</search_url>
			
		</search>
		<search>
			<search_title>Statistical Resources on the Web</search_title>
			<search_description>Creado e xestionado pola University of Michigan Documents Center,se organiza en áreas temáticas xerais como a Política ou Estatísticas, co objectivo de facilitar a investigación.</search_description>
			<url>http://www.lib.umich.edu/govdocs/statsnew.html</url>
			<search_url>http://www.google.com/u/umlib?hl=en&amp;lr=&amp;ie=ISO-8859-1&amp;domains=www.lib.umich.edu&amp;sitesearch=www.lib.umich.edu&amp;q=inurl%3Agovdocs+-govdocs%2Fadnotes%2F+%0D%0A-govdocs%2Fgodort%2F&amp;q={$formKeywords}</search_url>
			
		</search>
	</context>
	<context>
		<context_title>Foros en liña</context_title>
		<context_abbrev>Foros en liña</context_abbrev>
		<context_description>Nesta sección fornécese  unha listaxe de foros de acceso libre que poden enriquecer o contexto dos estudos de investigación do voso sitio web.</context_description>

		<search>
			<search_title>H-Net Humanities and Social Sciences Online</search_title>
			<search_description>H-Net Humanities and Social Sciences Online fornece información e recursos a todos os usuarios/usuarias interesados nas humanidades e as ciencias sociais.</search_description>
			<url>http://www.h-net.msu.edu/</url>
			<search_url>http://www.h-net.org/logsearch/index.cgi?type=keyword&amp;order=relevance&amp;list=All+lists&amp;hitlimit=25&amp;smonth=00&amp;syear=1989&amp;emonth=11&amp;eyear=2004&amp;phrase={$formKeywords}</search_url>
			
		</search>
		<search>
			<search_title>Intute: Social Sciences - Conferences and Events</search_title>
			<search_description>Intute: Social Sciences - Conferences and Events permite procurar conferencias, presentaciónns e outros acontecimentos relacionados coas ciencias sociais.</search_description>
			<url>http://www.intute.ac.uk/socialsciences/conferences.html</url>
			<search_url>http://www.intute.ac.uk/socialsciences/cgi-bin/conferences.pl?type=All+events&amp;subject=All%7CAll+subjects&amp;submit.x=0&amp;submit.y=0&amp;submit=Go&amp;term={$formKeywords}</search_url>
			
		</search>
		<search>
			<search_title>Sociology Online</search_title>
			<search_description>Sociology Online é un web destinado aos estudantes de socioloxía, criminoloxía e teoria social. Achega recursos como,por exemplo, as presentaciónns de diapositivas ou xogos de preguntas e respostas, e tamén a pàxina Socio-News.</search_description>
			<url>http://www.sociologyonline.co.uk/</url>
			<search_url>http://ccgi.sociologyonline.force9.co.uk/cgi-bin/site/searchnews.pl?dosearch</search_url>
			<search_post>match=keywords&amp;searchin=(All)&amp;author=(All)&amp;category=(All)&amp;newsfrom=(All)&amp;resultnumber=10&amp;sort=new&amp;multipage=on&amp;linkcompression=10&amp;highlight=on&amp;searchquery={$formKeywords}</search_post>			
		</search>
	</context>
	<context>
		<context_title>Materiais legais</context_title>
		<context_abbrev>Materiais legais</context_abbrev>
		<context_description>Fornece acceso gratuito a través de Internet a materiais legais de diversos paises.</context_description>

		<search>
			<search_title>Australasian Legal Information Institute (AustLII)</search_title>
			<search_description>L&apos;Australasian Legal Information Institute (AustLII) fornece acceso gratuito a través de Internet a materiais legais do estado australiano. Un dos seus objectivos da axenda de políticas públicas de AustLII é facilitar acceso á xustíza  a través da millora de acceso á información. Deviu unha das fontes máis ricas de materiais legais da rede, con máis de catro millións de documentos dispoñíbeis para consulta.</search_description>
			<url>http://www.austlii.org/</url>
			<search_url>http://www.austlii.edu.au/cgi-bin/sinocgi.cgi?method=any&amp;meta=%2Fau&amp;results=50&amp;submit=Search&amp;rank=on&amp;callback=on&amp;query={$formKeywords}</search_url>
			
		</search>
		<search>
			<search_title>Legal Information Institute (EUA)</search_title>
			<search_description>O Legal Information Institute dos EUA fornece unha grande colección de materiais con información sobre máis dun cento de temas legais. Inclue ligazóns  leis e recursos web relacionados, estatutos e códigos estatais e federais, sentèncias de tribunals, decisiónns xudiciais nos ámbitos federal e estatal e leis clasificadas segundo a súa orixe federal, estatal ou internacional. A máis disto, tamené ofrece recursos de actualidade, como a  sección Eye on the Courts (con notícias sobre decisiónns xudiciais relevantes) e un apartado de directorios no que se recollen ligazóns a organizacións e publicaciónns do ámbito legal, e tamén directorios de xuizes, avogados e escolas de dereito.</search_description>
			<url>http://www.law.cornell.edu/</url>
			<search_url>http://www.law.cornell.edu/wex/index.php/Special:Search?fulltext=Search&amp;search={$formKeywords}</search_url>
			
		</search>
		<search>
			<search_title>British and Irish Legal Information Institute (BAILII)</search_title>
			<search_description>O British and Irish Legal Information Institute (BAILII) recolle a colección máis extensa de materiais legais primarios do Reino Unido e Irlanda que fornece acceso en liña gratuito e centralizado nun só sitioweb. En agosto de  2007, o BAILII xa dispuña de 76 bases de dados que atinxian 7 xurisdiccións. O sistema contén uns 11 gigabytes de materiais legals e uns 200.000 documentos para consulta.</search_description>
			<url>http://www.bailii.org/</url>
			<search_url>http://www.bailii.org/cgi-bin/sino_search_1.cgi?sort=rank&amp;method=boolean&amp;highlight=1&amp;mask_path=/&amp;query={$formKeywords}</search_url>
			
		</search>
		<search>
			<search_title>Canadian Legal Information Institute (CanLII)</search_title>
			<search_description>O Canadian Legal Information Institute (CanLII) é un recurso permanente adicado á lei canadiana que va ser creado orixinalment coma prototipo para a publicación e distribución gratuitas de material legal primario do Canadà.</search_description>
			<url>http://www.canlii.org/en/index.html</url>
			<search_url>http://www.canlii.org/eliisa/search.do?language=en&amp;searchTitle=Search+all+CanLII+Databases&amp;searchPage=eliisa%2FmainPageSearch.vm&amp;id=&amp;startDate=&amp;endDate=&amp;legislation=legislation&amp;caselaw=courts&amp;boardTribunal=tribunals&amp;text={$formKeywords}</search_url>
			
		</search>
		<search>
			<search_title>World Legal Information Institute (WorldLII)</search_title>
			<search_description>O World Legal Information Institute (WorldLII) é un centro independente e sen ánimo de gaño adicado á investigación legal a escala global.</search_description>
			<url>http://www.worldlii.org/</url>
			<search_url>http://www.worldlii.org/form/search/?method=any&amp;meta=%2Fworldlii&amp;results=50&amp;submit=Search&amp;rank=on&amp;callback=on&amp;query={$formKeywords}</search_url>
			
		</search>
		<search>
			<search_title>FindLaw</search_title>
			<search_description>FindLaw é un dos millores exemplos de web adicada a unha matèria concreta. Este sitio  non só fornece un directorio de recursos electrónicos clasificados , más un buscador de páxinas web, unha comprida base de dades gratuita que recolle decisions do Tribunal Supremo dos EUA, un buscador e un directorio de boletins xurídicos en liña, unha colección de códigos estatais, cursos interactivos de formación continuada e grupos de discusión sobre materias legais.</search_description>
			<url>http://www.findlaw.com/</url>
			<search_url>http://lawcrawler.findlaw.com/scripts/lc.pl?submit=search&amp;sites=findlaw.com&amp;entry={$formKeywords}</search_url>
			
		</search>
		<search>
			<search_title>Jurist: Legal News &amp; Research</search_title>
			<search_description>É un servizo en tempo real adicado á investigación do ámbito legal. É xestionado por un equip de máis de 30 estudosos/as de materias legais, editores/as e desenvolvedores/as web dirixidos polo profesor Bernard Hibbits da University of Pittsburg School of Law (Pennsilvània, EUA). A maioría de membros do equipo colaborador son voluntarios. </search_description>
			<url>http://jurist.law.pitt.edu/</url>
			<search_url>http://www.picosearch.com/cgi-bin/ts.pl?index=110412&amp;opt=ALL&amp;SEARCH=Search+JURIST+5000&amp;query={$formKeywords}</search_url>
			
		</search>
	</context>
	<context>
		<context_title>Polítiques governamentals</context_title>
		<context_abbrev>Polítiques gov.</context_abbrev>
		<context_description>Fornece acceso á pasarela de información e servizos xestionada polos gobernos dos Estados Unidos e o Canadá.</context_description>

		<search>
			<search_title>Acceso a información e servizos do goberno de Australia</search_title>
			<search_description>L&apos;Entry Point do goberno australiano fornece acceso integrado a unha grande cantidade de servizos e información do goberno. Fornece comprida información consultabel. Asín, &lt;a href=&quot;http://www.australia.gov.au&quot;&gt;www.australia.gov.au&lt;/a&gt; achega máis de 700  webs do goberno australiano, indexa máis de 5.000.000 páxinas e emprega tanto a indexación de metadados como o texto completo para a ofrecer un servizo exhaustivo e global.</search_description>
			<url>http://www.australia.gov.au/</url>
			<search_url>http://govsearch.australia.gov.au/search/search.cgi?collection=gov&amp;form=au&amp;query=&amp;query_phrase=&amp;query_or=&amp;query_not=&amp;meta_f_sand=&amp;scope=&amp;fscope=512&amp;num_ranks=20&amp;chksummary=chksummary&amp;query_and={$formKeywords}</search_url>
			
		</search>
		<search>
			<search_title>Government of Canada Publicatons</search_title>
			<search_description>Fornece acceso a publicacións gratuitas e de pagamento do departamentos do goberno  do Canandá.A súa base de dados ainda non non contén a totalidade de documentos publicados ( na actualidade,100.000 publicacions indexadas e un medre regular grazas ás achegas continuadas dos departamentos implicados).</search_description>
			<url>http://publications.gc.ca/</url>
			<search_url>http://publications.gc.ca/control/quickPublicSearch?searchAction=2&amp;termValue={$formKeywords}</search_url>
			
		</search>
		<search>
			<search_title>Goberno do Canadá</search_title>
			<search_description>Permite facer buscas en todos os departamentos do goberno e nos departamentos e axencias federais, nos gobernos provinciais, territoriais e municipais. Inclue ligazóns a diversos departamentos e axencias e un índex alfabético que permite buscar programas e servizos por palabra clave. 

Hai pouco engadiu un novo elemento: unha pàxina de «Divulgación proactiva», no que s publica información sobre as despesas por desplazamento e aloxamento para os cargos sobranceiros do goberno e tamén se divulgan dados relativos a contractos, subvencions e axudas públicas. 

A páxina About Canada fornece ligazóns aos diversos departamentos, axencias e outras estructures do goberno do Canadá, ás  comisions de investigación existentes, entre outras. 

A máis disto, o goberno canadiano tamén creou unha serie de portais que recopilan  información de fonets federais e provinciais e dados proporcionados por organizacions non gobernamentais.</search_description>
			<url>http://www.canada.gc.ca/main_e.html</url>
			<search_url>http://search-recherche.gc.ca/cgi-bin/query?mss=canada%2Fen%2Fsimple.html&amp;enc=iso88591&amp;pg=q&amp;kl=en&amp;site=main&amp;q={$formKeywords}</search_url>
			
		</search>
		<search>
			<search_title>Directgov</search_title>
			<search_description>Directgov é un servizo do goberno do Reino Unido que fornece acceo a unha grande cantidade de información actualizada sobre os servizos públicos, tant a través de Internet como por medio da televisión dixital. Directgov utiliza as especificacións formuladas pola iniciativa GovTalk do goberno do Reino Unido.</search_description>
			<url>http://www.direct.gov.uk</url>
			<search_url>http://www.direct.gov.uk/AdvancedSearch/SearchResults/fs/en?NP=1&amp;PO1=C&amp;PI1=W&amp;PF1=A&amp;PG=1&amp;RP=20&amp;SC=__dgov_site&amp;Z=1&amp;PT1={$formKeywords}</search_url>
			
		</search>
		<search>
			<search_title>USA.gov</search_title>
			<search_description>USA.gov é un web oficial do goberno dos EUA que ofrece información e servizos a través de Internet.</search_description>
			<url>http://www.usa.gov/</url>
			<search_url>http://www.firstgov.gov/fgsearch/index.jsp?db=www-fed-all&amp;st=AS&amp;ms0=should&amp;mt0=all&amp;rn=2&amp;parsed=true&amp;x=5&amp;y=16&amp;mw0={$formKeywords}</search_url>
			
		</search>
		<search>
			<search_title>Info4local.gov.uk</search_title>
			<search_description>Información para gobernos locais proporcionada polo goberno central do Reino Unido. Fornece un acceso facil e rápido a información de interese dos web dos departamentos, axencias e organismos públicos do goberno. Inclue grande cantidade de información relativa ao desenvolvimento da administración electrònica.</search_description>
			<url>http://www.info4local.gov.uk</url>
			<search_url>http://www.info4local.gov.uk/?view=Search+results&amp;subjects=all&amp;departmentsIds=0&amp;informationTypesIds=all&amp;query={$formKeywords}</search_url>
			
		</search>
		<search>
			<search_title>Portal del govern de Nova Zelanda</search_title>
			<search_description>O portal do goberno neozelandès fornece información, ligazóns e opcións de busca nos servizos en liña e fora de liña da maioría de axencias do goberno. A State Services Commission é  o departamento de goberno  encargado da xestión e mantenimento deste web.</search_description>
			<url>http://www.govt.nz</url>
			<search_url>http://www.govt.nz/search?type=spider&amp;t=spider&amp;q={$formKeywords}</search_url>
			
		</search>
		<search>
			<search_title>Europa</search_title>
			<search_description>Fornece información actualizada sobre os estados membros da Unión Europea: dados estatísticos, directivas, notícias, documentos oficiais, textos legais e outras publicacións.</search_description>
			<url>http://europa.eu/</url>
			<search_url>http://europa.eu.int/geninfo/query/resultaction.jsp?page=1</search_url>
			<search_post>Collection=EuropaFull&amp;ResultTemplate=/result_en.jsp&amp;ResultCount=25&amp;qtype=simple&amp;ResultMaxDocs=200&amp;DefaultLG=en&amp;QueryText={$formKeywords}</search_post>			
		</search>
		<search>
			<search_title>The Global Legal Information Network (GLIN)</search_title>
			<search_description>The Global Legal Information Network (GLIN) é unha base de dados que recolle leis, regulacións, decisións xudicials e outros recursos legals suplementares de axencias de goberno e organismos internacionais. Os membros desta rede achegan acceso a textos oficiais completos dos documentos publicados na súa língua orixinal. Cada documento se acompaña dun resumo en inglés (e ás veces noutras línguas) e dunha listaxe de termos relevantes seleccionados do índice  multilíngüe de GLIN.</search_description>
			<url>http://www.glin.gov</url>
			<search_url>http://www.glin.gov/search.do?refineQuery=&amp;offset=0&amp;refineQueryType=&amp;fromSearch=true&amp;queryType=ALL&amp;searchBtn=Search&amp;includeAllFields=on&amp;searchAll=on&amp;sumLanguage=any&amp;pubLanguage=any&amp;pubJurisdiction=any&amp;publicationJurisdictionExclude=false&amp;searchPublicationDate=true&amp;dateFromDay=01&amp;dateFromMonth=01&amp;dateFromYear=&amp;dateToDay=01&amp;dateToMonth=01&amp;dateToYear=&amp;subjTerm=&amp;subjTermConjunction%5B0%5D=AND&amp;subjTerm=&amp;subjTermConjunction%5B1%5D=AND&amp;subjTerm=&amp;subjTermConjunction%5B2%5D=AND&amp;subjTerm=&amp;subjTermConjunction%5B3%5D=AND&amp;subjTerm=&amp;searchOrder=default&amp;hitsPerPage=10&amp;showSummary=on&amp;queryString={$formKeywords}</search_url>
			
		</search>
		<search>
			<search_title>Eur-Lex - Access to European Union law</search_title>
			<search_description>Eur-Lex (European Union Law). Servizo  gratuito que permite accedir ao Diari Oficial da Unión Europea, os textos completos dos tratados da Unión, as versións consolidadas da lexislación existente e as sentencias emitidas hai pouco polo Tribunal de Xustiza das Comunidades Europeas.</search_description>
			<url>http://eur-lex.europa.eu/es/index.htm</url>
			<search_url>http://europa.eu.int/search/s97.vts?Action=FilterSearch&amp;COLLECTION=EURLEXfiles&amp;Filter=EUROPA_filter.hts&amp;ResultTemplate=eur-lex_res-en.hts&amp;QueryMode=Simple&amp;SearchPage=%2Feur-lex%2Fen%2Findex.html&amp;SearchIn=http%3A%2F%2Feuropa.eu.int%2Feur-lex%2Fen&amp;SortField=Score&amp;SortOrder=desc&amp;StartDate=&amp;HTMLonly=&amp;ResultCount=25&amp;queryText={$formKeywords}</search_url>
			
		</search>
		<search>
			<search_title>Rulers</search_title>
			<search_description>Contén listaxes do xefes de estado e os xefes de goberno (e, nalguns casos, os líderes de feito que non ocupan cap cargos formais) de todos os paises e territorios. Na maioria de casos, a información remóntase até o ano 1700.Ademáis , inclue información sobre as subdivisións territoriais de diversos estados e dados sobre os ministros de asuntos exteriores máis recentes de todos os estados, e unha escolla de organizaciónns internacionais e líderes relixiosos. Finalmente, ofrece tamén unha crònica dos acontecimentos máis relevantes acontecidos en todo o mundo dende o ano 1996.</search_description>
			<url>http://www.rulers.org/</url>
			<search_url>http://www.google.com/search?q=site%3Arulers.org&amp;q={$formKeywords}</search_url>
			
		</search>
		<search>
			<search_title>Thomas - Legislative Information on the Internet</search_title>
			<search_description>A través deste servizo, a Library of Congress fornece o texto dos proxectos de lei emitidos polo Congreso dos EUA, o texto completo do Congressional Record, informes de comités da Cámara de Representantes e o Senado e documentos históricos.</search_description>
			<url>http://thomas.loc.gov/</url>
			<search_url>http://thomas.loc.gov/cgi-bin/thomas</search_url>
			<search_post>congress=109&amp;database=text&amp;MaxDocs=1000&amp;querytype=phrase&amp;Search=SEARCH&amp;query={$formKeywords}</search_post>			
		</search>
	</context>
	<context>
		<context_title>Notícias nos medios</context_title>
		<context_abbrev>Notícias nos medios</context_abbrev>
		<context_description>Permite encetar unha busca sobre un tema do artigo que conecta ao usuario/usuaria co artigo do arquivo  e artigos actuais gratuitos sobre a materia procurada. Estes artigos tíranse dos xornais internacionais máis prestixiosos.</context_description>

		<search>
			<search_title>Google News</search_title>
			<search_description>Permite procurar notícias a través dunha característica específica do popular buscador de Google.</search_description>
			<url>http://news.google.com/</url>
			<search_url>http://news.google.com/news?hl=en&amp;q={$formKeywords}</search_url>
			
		</search>
		<search>
			<search_title>The Globe and Mail</search_title>
			<search_description><![CDATA[Web do xornal canadiano <em>The Globe and Mail</em>, editado en Toronto (últimos sete dias).]]></search_description>
			<url>http://www.globeandmail.com/</url>
			<search_url>http://www.globeandmail.com/servlet/HTMLTemplate/search?tf=tgam/search/tgam/SearchResults.html&amp;cf=tgam/search/tgam/SearchResults.cfg&amp;current_row=1&amp;start_row=1&amp;num_rows=10&amp;keywords={$formKeywords}</search_url>
			
		</search>
		<search>
			<search_title>People&apos;s Daily</search_title>
			<search_description><![CDATA[We do xornal chinés <em>People&apos;s Daily</em> (xaneiro 1999 -).]]></search_description>
			<url>http://english.peopledaily.com.cn/</url>
			<search_url>http://search.people.com.cn/was40/people/GB/english_index.jsp?type=1&amp;channel=&amp;Content=&amp;searchword={$formKeywords}</search_url>
			
		</search>
		<search>
			<search_title>Mail &amp; Guardian</search_title>
			<search_description><![CDATA[Web do xornal sudafricano <em>Mail &amp; Guardian</em> (1994 -).]]></search_description>
			<url>http://www.mg.co.za/</url>
			<search_url>http://www.mg.co.za/mg_search_results.aspx?PrintEdition=PrintEdition&amp;DailyNews=DailyNews&amp;SearchSection=&amp;StartDay=&amp;StartMonth=&amp;StartYear=&amp;EndDay=&amp;EndMonth=&amp;EndYear=&amp;keywords={$formKeywords}</search_url>
			
		</search>
		<search>
			<search_title>National Public Radio</search_title>
			<search_description>Web da National Public Radio dos Estados Unidos (acceso ilimitado).</search_description>
			<url>http://www.npr.org/archives/</url>
			<search_url>http://www.npr.org/search.php?text={$formKeywords}</search_url>
			
		</search>
		<search>
			<search_title>The New York Times</search_title>
			<search_description><![CDATA[Web do xornal <em>The New York Times</em> (últimos sete dias).]]></search_description>
			<url>http://www.nytimes.com/</url>
			<search_url>http://query.nytimes.com/search/query?date=site1week&amp;submit.x=1&amp;submit.y=9&amp;query={$formKeywords}</search_url>
			
		</search>
		<search>
			<search_title>The Japan Times Online</search_title>
			<search_description><![CDATA[Web do xornal xaponés <em>The Japan Times Online</em> (xaneiro 1999 -).]]></search_description>
			<url>http://www.japantimes.co.jp/</url>
			<search_url>http://www.google.co.jp/custom?domains=japantimes.co.jp&amp;client=pub-4223870936880387&amp;forid=1&amp;ie=Shift_JIS&amp;oe=Shift_JIS&amp;term1=&amp;cof=GALT%3A%23008000%3BGL%3A1%3BDIV%3A%23336699%3BVLC%3A663399%3BAH%3Acenter%3BBGC%3AFFFFFF%3BLBGC%3AFFFFFF%3BALC%3A0000FF%3BLC%3A0000FF%3BT%3A000000%3BGFNT%3A0000FF%3BGIMP%3A0000FF%3BLH%3A60%3BLW%3A200%3BL%3Ahttp%3A%2F%2Fwww.japantimes.co.jp%2Fimages%2Fheader_title.gif%3BS%3Ahttp%3A%2F%2Fwww.japantimes.co.jp%2F%3BFORID%3A1%3B&amp;hl=ja&amp;advancesearch=&amp;q={$formKeywords}</search_url>
			
		</search>
		<search>
			<search_title>The Moscow Times</search_title>
			<search_description><![CDATA[Web do xornal ruso <em>The Moscow Times</em> (1994 -).]]></search_description>
			<url>http://www.moscowtimes.ru/doc/Search.html</url>
			<search_url>http://www.moscowtimes.ru/cgi-bin/search?config=&amp;exclude=&amp;method=and&amp;format=long&amp;sort=score&amp;matchesperpage=10&amp;words={$formKeywords}</search_url>
			
		</search>
		<search>
			<search_title>The Washington Post</search_title>
			<search_description><![CDATA[Web do xornal <em>The Washington Post</em> (dúas últimas semanas).]]></search_description>
			<url>http://www.washingtonpost.com/</url>
			<search_url>http://www.washingtonpost.com/cgi-bin/search99.pl?searchsection=news&amp;searchdatabase=news&amp;x=11&amp;y=8&amp;searchtext={$formKeywords}</search_url>
			
		</search>
		<search>
			<search_title>Newsdirectory</search_title>
			<search_description>Newsdirectory é unha comprida guía de medios de comunicación en liña língua inglesa. Actualmente indexa máis de 8.000 xornais e revistas e máis de 1.000 emisoras de televisión dos Estados Unidos.</search_description>
			<url>http://www.newsdirectory.com/</url>
			<search_url>http://www.newsdirectory.com/hbSearch.php</search_url>
			<search_post>s={$formKeywords}&amp; submit=Go</search_post>
			
		</search>
	</context>
	<context>
		<context_title>Pescudar no web</context_title>
		<context_abbrev>Pescudar no web</context_abbrev>
		<context_description>Permite facer buscas na Internet a través de diversos buscadores.</context_description>

		<search>
			<search_title>Google</search_title>
			<search_description>Empregade o coñecido buscador Google para facer todo tipo de buscas.</search_description>
			<url>http://www.google.com/</url>
			<search_url>http://www.google.com/search?q={$formKeywords}</search_url>
			
		</search>
		<search>
			<search_title>Google Acadèmic</search_title>
			<search_description>Google Acadèmic permite facer pescudas específicas de documentación académica, como artigos revisado por expertos, teses, libros, publicaciónns preliminares, resumos e informes técnicos. Inclue contidos de  prestixiosos agregadores e entidades editoras que teñen acordos permanentes con Google, como a Association for Computing Machinery, a IEEE ou o servizo de catálogo de bibliotecas Open WorldCat da OCLC, etc. Os resultados mostran as diversas versións do document buscado, a análise de citacions e a ubicación da biblioteca onde se pode obter (actualmente só para  libros).</search_description>
			<url>http://scholar.google.com</url>
			<search_url>http://scholar.google.com/scholar?ie=UTF-8&amp;oe=UTF-8&amp;hl=en&amp;q={$formKeywords}</search_url>
			
		</search>
		<search>
			<search_title>Clusty the Clustering Engine</search_title>
			<search_description>Esta ferramenta de busca de Vivisimo fornece resultados agrupats para unha selección de buscas. Permite facer metabuscas en todo o web, ou utilizar as diversas lapelas dispoñibeos para buscar notícias, imaxes ou productos a través Bizrate ou eBay.</search_description>
			<url>http://clusty.com/about</url>
			<search_url>http://clusty.com/search?query={$formKeywords}</search_url>
			
		</search>
		<search>
			<search_title>Vivisimo</search_title>
			<search_description>A tecnoloxía de clusterización Vivisimo, desenvolvida polos especialistas en procuras da Carnegie Mellon University e merecente de diversos premios, achega valor engadido á información armacenada polas empresas que pertencen á lista Fortune 500, os sitos web máis visitados, ass entidade editoras de máis prestixio e ass axencias de goberno grazas ao seu sistema de clasificación immediata dos resultados de busca en categorias. A implantación deste sistema supón unha millora  no acceso á información solicitada.</search_description>
			<url>http://vivisimo.com</url>
			<search_url>http://vivisimo.com/search?tb=homepage&amp;v%3Asources=Web&amp;query={$formKeywords}</search_url>
			
		</search>
	</context>
</version>
