<?xml version="1.0" encoding="UTF-8"?>

<!--
  * registry/locales.xml
  *
  * Copyright (c) 2013-2016 Simon Fraser University Library
  * Copyright (c) 2003-2016 John Willinsky
  * Distributed under the GNU GPL v2. For full terms see the file docs/COPYING.
  *
  * Locales registry file.
  *
  * This file lists all locales available to the system.
  * (i.e., existing under the locales/ directory)
  -->

<!DOCTYPE locales SYSTEM "../lib/pkp/dtd/locales.dtd">

<locales>
	<locale key="ar_IQ" complete="true"  name="العربية" iso639-2b="ara" iso639-3="ara" stylesheet="lib/pkp/styles/rtl-arabic.css" />
	<locale key="ca_ES" complete="false" name="Català" iso639-2b="cat" iso639-3="cat" />
	<locale key="cs_CZ" complete="true"  name="Čeština" iso639-2b="cze" iso639-3="ces" />
	<locale key="da_DK" complete="false" name="Dansk" iso639-2b="dan" iso639-3="dan" />
	<locale key="de_DE" complete="true"  name="Deutsch" iso639-2b="ger" iso639-3="deu" />
	<locale key="el_GR" complete="false" name="ελληνικά" iso639-2b="gre" iso639-3="ell" />
	<locale key="en_US" complete="true"  name="English" iso639-2b="eng" iso639-3="eng" />
	<locale key="es_AR" complete="false" name="Español (Argentina)" iso639-2b="spa" iso639-3="spa" />
	<locale key="es_ES" complete="true"  name="Español (España)" iso639-2b="spa" iso639-3="spa" />
	<locale key="eu_ES" complete="false" name="Euskara" iso639-2b="eus" iso639-3="eus" />
	<locale key="fa_IR" complete="false" name="فارسی" iso639-2b="per" iso639-3="fas" />
	<locale key="fr_CA" complete="true"  name="Français (Canada)" iso639-2b="fre" iso639-3="fra" />
	<locale key="fr_FR" complete="true"  name="Français (France)" iso639-2b="fre" iso639-3="fra" />
	<locale key="gl_ES" complete="false" name="Galego" iso639-2b="glg" iso639-3="glg" />
	<locale key="hr_HR" complete="false" name="Hrvatski" iso639-2b="hrv" iso639-3="hrv" />
	<locale key="id_ID" complete="false" name="Bahasa Indonesia" iso639-2b="ind" iso639-3="ind" />
	<locale key="it_IT" complete="false" name="Italiano" iso639-2b="ita" iso639-3="ita" />
	<locale key="ja_JP" complete="false" name="日本語" iso639-2b="jpn" iso639-3="jpn" />
	<locale key="mk_MK" complete="false" name="Македонски јазик" iso639-2b="mac" iso639-3="mkd" />
	<locale key="ml_IN" complete="false" name="മലയാളം" iso639-2b="mal" iso639-3="mal" />
	<locale key="nl_NL" complete="true"  name="Nederlands" iso639-2b="dut" iso639-3="nld" />
	<locale key="no_NO" complete="false" name="Norsk" iso639-2b="nor" iso639-3="nor" />
	<locale key="pl_PL" complete="false" name="Język Polski" iso639-2b="pol" iso639-3="pol" />
	<locale key="pt_BR" complete="true"  name="Português (Brasil)" iso639-2b="por" iso639-3="por" />
	<locale key="pt_PT" complete="true"  name="Português (Portugal)" iso639-2b="por" iso639-3="por" />
	<locale key="ro_RO" complete="false" name="Limba Română" iso639-2b="rum" iso639-3="ron" />
	<locale key="ru_RU" complete="false" name="Русский" iso639-2b="rus" iso639-3="rus" />
	<locale key="sk_SK" complete="false" name="Slovenčina" iso639-2b="slk" iso639-3="slk" />
	<locale key="sr_SR" complete="false" name="Cрпски" iso639-2b="srp" iso639-3="srp" />
	<locale key="sv_SE" complete="false" name="Svenska" iso639-2b="swe" iso639-3="swe" />
	<locale key="tr_TR" complete="true"  name="Türkçe" iso639-2b="tur" iso639-3="tur" />
	<locale key="uk_UA" complete="false" name="Українська" iso639-2b="ukr" iso639-3="ukr" />
	<locale key="vi_VN" complete="false" name="Tiếng Việt" iso639-2b="vie" iso639-3="vie" />
	<locale key="zh_CN" complete="true"  name="简体中文" iso639-2b="chi" iso639-3="zho" />
	<locale key="zh_TW" complete="false" name="繁體中文" iso639-2b="chi" iso639-3="zho" />
</locales>
