<?xml version="1.0" encoding="UTF-8"?>

<!--
  * registry/scheduledTasks.xml
  *
  * Copyright (c) 2013-2016 Simon Fraser University Library
  * Copyright (c) 2003-2016 John Willinsky
  * Distributed under the GNU GPL v2. For full terms see the file docs/COPYING.
  *
  * Scheduled tasks registry file.
  *
  * This file lists all scheduled tasks to be executed by the system.
  *
  * Note that this functionality requires scheduled task support to be enabled.
  * The degree of granularity supported for the task frequency depends on the
  * frequency the scheduled task script itself is scheduled to run (as
  * configured in cron, for example).
  *
  * Example task:
  *
  * <task class="submission.scheduledTask.ReviewReminderTask">
  * 	<descr>Send reviewer reminder emails, once per hour.</descr>
  * 	<frequency minute="0"/>
  * </task>
  -->

<!DOCTYPE scheduled_tasks SYSTEM "../lib/pkp/dtd/scheduledTasks.dtd">

<scheduled_tasks>
	<task class="classes.tasks.ReviewReminder">
		<descr>Send automated reminders to reviewers to complete their assignments.</descr>
		<frequency hour="0"/>
	</task>
	<task class="classes.tasks.SubscriptionExpiryReminder">
		<descr>Send automated reminders to subscribers regarding their expired/about to expire subscriptions.</descr>
		<frequency hour="0"/>
	</task>
	<task class="classes.tasks.OpenAccessNotification">
		<descr>Send automated email to registered readers that have requested to be notified when an issue becomes open access.</descr>
		<frequency hour="0"/>
	</task>
</scheduled_tasks>
