<?xml version="1.0" encoding="UTF-8"?>
<!DOCTYPE version SYSTEM "../../lib/pkp/dtd/rtVersion.dtd">
<!--
  * Generic.xml
  *
  * Copyright (c) 2013-2016 Simon Fraser University Library
  * Copyright (c) 2003-2016 John Willinsky
  * Distributed under the GNU GPL v2. For full terms see the file docs/COPYING.
  *
  * Credits: http://pkp.sfu.ca/wiki/index.php?title=OJS:_Catalan_%28ca_ES%29
  *
  * Aquesta traducció fou realitzada previament per Judith Rodriguez amb el suport
  * de la revista Athenea Digital i el Departament de Psicologia Social de la UAB.
  * La traducció ampliava la tasca previament realitzada per a la UOC i l'IEC.
  *
  * Reading Tools version: Generic (ca_ES)
  *
  * $Id$
  -->

<version id="Generic" locale="ca_ES">
	<version_title>Genèric</version_title>
	<version_description>Mitjançant les eines de lectura els lectors/es d&apos;aquest estudi poden consultar un gran nombre de recursos que els ajudaran a interpretar-lo, contextualitzar-lo i avaluar-lo.</version_description>

	<context>
		<context_title>Obres de l&apos;autor/a</context_title>
		<context_abbrev>Altres obres</context_abbrev>
		<context_description>Permet identificar altres obres de l&apos;autor/a (o autors/es) de l&apos;article mitjançant els motors de l&apos;OAI.</context_description>
		<author_terms/>
		<search>
			<search_title>Google Acadèmic</search_title>
			<search_description>El Google Acadèmic permet fer cerques específiques de documentació acadèmica, com ara articles revisats per persones expertes, tesis, llibres, publicacions preliminars, resums i informes tècnics. Inclou continguts provinents d&apos;una sèrie de prestigiosos agregadors i entitats editores amb els quals Google té acords permanents, com ara l&apos;Associaciation for Computing Machinery, l&apos;IEEE o el servei de catàleg de biblioteques Open WorldCat de l&apos;OCLC, etc. Els resultats mostren les diverses versions del document cercat, l&apos;anàlisi de citacions i la ubicació de la biblioteca on es pot obtenir el document (actualment només per a llibres).</search_description>
			<url>http://scholar.google.com</url>
			<search_url>http://scholar.google.com/scholar?ie=UTF-8&amp;oe=UTF-8&amp;hl=eng&amp;as_sauthors={$formKeywords}</search_url>
		</search>
		<search>
			<search_title>Intute: Repository Search</search_title>
			<search_description>Aquest servei permet cercar descripcions en més de 152.000 documents de treball, articles de revistes, informes, ponències i altres materials acadèmics recollits en els repositoris d&apos;Eprints, al Regne Unit. Els resultats de les cerques enllacen amb la ubicació dels elements originals, en cas que les entitats editores hi permetin l&apos;accés.</search_description>
			<url>http://irs.ukoln.ac.uk/</url>
			<search_url>http://irs.ukoln.ac.uk/search/?view=&amp;submit.x=0&amp;submit.y=0&amp;submit=Go&amp;query={$formKeywords}</search_url>
		</search>
		<search>
			<search_title>OAIster (bases de dades de recerca de l&apos;Open Archives Initiative)</search_title>
			<search_description>OAIster és un projecte del Digital Library Production Service de la University of Michigan que permet fer cerques en un gran nombre de col·leccions de diverses institucions que ofereixen accés als seus recursos digitals. La tasca de l&apos;equip del projecte ha consistit a recopilar aquests recursos i afegir-los al servei OAIster.</search_description>
			<url>http://oaister.umdl.umich.edu/</url>
			<search_url>http://oaister.umdl.umich.edu/cgi/b/bib/bib-idx?type=boolean&amp;size=10&amp;c=oaister&amp;q1=&amp;rgn1=entire+record&amp;op2=and&amp;q2=&amp;rgn2=entire+record&amp;op3=And&amp;q3=&amp;rgn3=title&amp;op4=And&amp;rgn4=author&amp;op5=And&amp;q5=&amp;rgn5=subject&amp;op6=And&amp;rgn6=norm&amp;q6=all+types&amp;sort=author%2Fcreator&amp;submit2=search&amp;q4={$formKeywords}</search_url>
		</search>
		<search>
			<search_title>Open Archives Harvester del Public Knowledge Project</search_title>
			<search_description>L&apos;Open Archives Harvester és un sistema lliure d&apos;indexació de metadades desenvolupat pel Public Knowledge Project, una iniciativa finançada pel govern federal del Canadà que vol promoure i fer més accessible l&apos;àmbit de la recerca. L&apos;OAI Harvester permet crear un índex per cercar les metadades dels arxius admesos per l&apos;Open Archives Initiative (com ara els llocs web que treballen amb l&apos;Open Journal Systems o amb l&apos;Open Conference Systems).</search_description>
			<url>http://pkp.sfu.ca/harvester/</url>
			<search_url>http://pkp.sfu.ca/harvester/search.php?limit=author&amp;query={$formKeywords}</search_url>
		</search>
	</context>
	<context>
		<context_title>Cerca de termes</context_title>
		<context_abbrev>Cerca de termes</context_abbrev>
		<context_description>Feu doble clic en qualsevol paraula del text per a mostrar-la en el quadre «Definició de termes». També podeu escriure o enganxar una paraula directament en el quadre i a continuació utilitzar la funció de cerca per a trobar-ne una definició. Aquests recursos han estat escollits per la seva rellevància i perquè ofereixen accés obert (gratuït) a tots o a part dels seus continguts.</context_description>
		<define_terms/>
		<search>
			<search_title>Google</search_title>
			<search_description>Podeu cercar definicions mitjançant el popular cercador de Google.</search_description>
			<url>http://www.google.com/</url>
			<search_url>http://www.google.com/search?hl=en&amp;q=define%3A{$formKeywords}</search_url>
		</search>
		<search>
			<search_title>Columbia Encyclopedia</search_title>
			<search_description>La sisena edició de la Columbia Encyclopedia conté més de 51.000 entrades amb 80.000 enllaços, cosa que la converteix en un recurs molt útil per als lectors/es.</search_description>
			<url>http://www.bartleby.com/65/</url>
			<search_url>http://www.bartleby.com/cgi-bin/texis/webinator/65search?search_type=full&amp;query={$formKeywords}</search_url>
		</search>
		<search>
			<search_title>Encyclopedia.com</search_title>
			<search_description>Versió en línia de la Concise Electronic Encyclopedia. La brevetat de les seves entrades la fa més recomanable per a la comprovació de dades que no pas per a la recerca.</search_description>
			<url>http://www.encyclopedia.com/</url>
			<search_url>http://www.encyclopedia.com/searchpool.asp?target={$formKeywords}</search_url>
		</search>
		<search>
			<search_title>Merriam-Webster Online</search_title>
			<search_description>Aquest diccionari es basa en el Webster 10th Collegiate edition de l&apos;any 1993 i s&apos;actualitza anualment. Conté més de 160.000 entrades i cada paraula va acompanyada de la seva definició, pronunciació, nota d&apos;ús, funció gramatical i breu etimologia. També inclou un tesaurus i, a més, ofereix suggeriments en cas de cercar una paraula mal escrita. El sistema de cerca d&apos;aquest diccionari admet comodins interns i cerca amb truncament a la dreta. Finalment, també inclou una extensa guia de pronunciació i fitxers sonors per a moltes de les entrades.</search_description>
			<url>http://www.merriam-webster.com/</url>
			<search_url>http://www.merriam-webster.com/cgi-bin/dictionary?book=Dictionary&amp;va={$formKeywords}</search_url>
		</search>
		<search>
			<search_title>OneLook Dictionary Search</search_title>
			<search_description>OneLook és un metadiccionari que permet cercar una paraula o una abreviació en llengua anglesa en un índex de 5.292.362 paraules pertanyents a 934 diccionaris classificats en obres generals i obres especialitzades, i també obtenir-ne definicions.</search_description>
			<url>http://www.onelook.com/index.html</url>
			<search_url>http://www.onelook.com/?ls=a&amp;w={$formKeywords}</search_url>
		</search>
		<search>
			<search_title>Viquipèdia: L&apos;enciclopèdia lliure</search_title>
			<search_description>La Viquipèdia és una enciclopèdia lliure escrita col·laborativament per usuaris/usuàries d&apos;arreu del món. Aquest lloc web és un «wikiwiki», és a dir, que qualsevol usuari/usuària en pot editar qualsevol article. El seu contingut no passa per cap procés de revisió editorial, per la qual cosa la qualitat dels seus continguts pot variar substancialment segons l&apos;article o el tema consultat, però malgrat això es tracta d&apos;un recurs molt útil. La versió anglesa de la Viquipèdia (Wikipedia) inclou centenars de milers d&apos;entrades. A més, també es pot consultar en altres llengües com ara el català, el castellà, el francès o l&apos;esperanto.</search_description>
			<url>http://en.wikipedia.org/wiki/Main_Page</url>
			<search_url>http://en.wikipedia.org/wiki/Special:Search?go=Go&amp;fulltext=Search&amp;search={$formKeywords}</search_url>
		</search>
		<search>
			<search_title>Infoplease.com</search_title>
			<search_description>Aquest lloc web ofereix continguts dels anuaris d&apos;Information Please, una base de dades biogràfica, un diccionari, un atles i articles de la Columbia Encyclopedia. Permet fer cerques conjuntes o separades en tots aquests recursos, i també navegar pels anuaris. A més, cada setmana ofereix articles de portada sobre els temes d&apos;actualitat als mitjans, els quals enllacen amb continguts relacionats dels anuaris i d&apos;altres recursos web.</search_description>
			<url>http://www.infoplease.com</url>
			<search_url>http://www.infoplease.com/search?fr=iptn&amp;in=all&amp;x=0&amp;y=0&amp;query={$formKeywords}</search_url>
		</search>
	</context>
	<context>
		<context_title>Polítiques governamentals</context_title>
		<context_abbrev>Polítiques gov.</context_abbrev>
		<context_description>Permet consultar diversos recursos governamentals.</context_description>

		<search>
			<search_title>Accés a informació i serveis del govern d&apos;Austràlia</search_title>
			<search_description>L&apos;Entry Point del govern australià ofereix accés integrat a una gran quantitat de serveis i informació governamentals. La informació consultable en aquest lloc web és molt extensa. Així, &lt;a href=&quot;http://www.australia.gov.au&quot;&gt;www.australia.gov.au&lt;/a&gt; aplega més de 700 llocs web del govern australià, indexa més de 5.000.000 pàgines i utilitza tant la indexació de metadades com la de text complet per a oferir un servei exhaustiu i global.</search_description>
			<url>http://www.australia.gov.au/</url>
			<search_url>http://govsearch.australia.gov.au/search/search.cgi?collection=gov&amp;form=au&amp;query=&amp;query_phrase=&amp;query_or=&amp;query_not=&amp;meta_f_sand=&amp;scope=&amp;fscope=512&amp;num_ranks=20&amp;chksummary=chksummary&amp;query_and={$formKeywords}</search_url>
		</search>
		<search>
			<search_title>Govern del Canadà</search_title>
			<search_description>Permet fer cerques a tots els departaments governamentals i als departaments i agències federals, així com als governs provincials, territorials i municipals. Inclou enllaços als diversos departaments i agències, així com un índex alfabètic que permet cercar programes i serveis per paraula clau. 

Recentment s&apos;ha afegit un nou element a aquest lloc web: una pàgina de «Divulgació proactiva», en què es publica informació sobre les despeses per desplaçament i allotjament per als càrrecs més destacats del govern i també es divulguen dades relatives a contractes, subvencions i aportacions públiques. 

La pàgina «Sobre el Canadà» ofereix enllaços als diversos departaments, agències i altres estructures del govern canadenc, així com a les comissions d&apos;investigació existents, entre d&apos;altres. 

A més, el govern canadenc també ha creat una sèrie de portals que recopilen tant informació provinents de fonts federals i provincials com dades proporcionades per organitzacions no governamentals.</search_description>
			<url>http://www.canada.gc.ca/main_e.html</url>
			<search_url>http://search-recherche.gc.ca/cgi-bin/query?mss=canada%2Fen%2Fsimple&amp;pg=q&amp;enc=iso88591&amp;site=main&amp;bridge=&amp;stt=&amp;lowercaseq=&amp;what=web&amp;user=searchintranet&amp;browser=N6E&amp;kl=XX&amp;op=a&amp;q={$formKeywords}</search_url>
		</search>
		<search>
			<search_title>Directgov</search_title>
			<search_description>Directgov és un servei del govern del Regne Unit que ofereix accés a una gran quantitat d&apos;informació actualitzada sobre els serveis públics, tant a través d&apos;Internet com per mitjà de la televisió digital. Directgov utilitza les especificacions formulades per la iniciativa GovTalk del govern del Regne Unit.</search_description>
			<url>http://www.direct.gov.uk</url>
			<search_url>http://www.direct.gov.uk/AdvancedSearch/SearchResults/fs/en?NP=1&amp;PO1=C&amp;PI1=W&amp;PF1=A&amp;PG=1&amp;RP=20&amp;SC=__dgov_site&amp;Z=1&amp;PT1={$formKeywords}</search_url>
		</search>
		<search>
			<search_title>Info4local.gov.uk</search_title>
			<search_description>Informació per a governs locals proporcionada pel govern central del Regne Unit. Aquest lloc web ofereix un accés fàcil i ràpid a informació d&apos;interès dels llocs web dels departaments, agències i organismes públics governamentals. Inclou una gran quantitat d&apos;informació relativa a la implementació de l&apos;administració electrònica.</search_description>
			<url>http://www.info4local.gov.uk</url>
			<search_url>http://www.info4local.gov.uk/?view=Search+results&amp;subjects=all&amp;departmentsIds=0&amp;informationTypesIds=all&amp;query={$formKeywords}</search_url>
		</search>
		<search>
			<search_title>Portal del govern de Nova Zelanda</search_title>
			<search_description>El portal del govern neozelandès ofereix informació, enllaços i opcions de cerca als serveis en línia i fora de línia de la majoria d&apos;agències governamentals. L&apos;State Services Commission és el departament governamental encarregat de la gestió i el manteniment d&apos;aquest lloc web.</search_description>
			<url>http://www.govt.nz</url>
			<search_url>http://www.govt.nz/search?type=spider&amp;t=spider&amp;q={$formKeywords}</search_url>
		</search>
		<search>
			<search_title>Europa</search_title>
			<search_description>Aquest lloc web ofereix informació actualitzada sobre els estats membres de la Unió Europea: dades estadístiques, directives, notícies, documents oficials, textos legals i altres publicacions.</search_description>
			<url>http://europa.eu/</url>
			<search_url>http://europa.eu.int/geninfo/query/resultaction.jsp?page=1</search_url>
			<search_post>Collection=EuropaFull&amp;ResultTemplate=/result_en.jsp&amp;ResultCount=25&amp;qtype=simple&amp;ResultMaxDocs=200&amp;DefaultLG=en&amp;QueryText={$formKeywords}</search_post>		</search>
		<search>
			<search_title>The Global Legal Information Network (GLIN)</search_title>
			<search_description>The Global Legal Information Network (GLIN) és una base de dades que recull lleis, regulacions, decisions judicials i altres recursos legals addicionals d&apos;agències governamentals i organismes internacionals. Els membres d&apos;aquesta xarxa proporcionen accés als textos oficials complets dels documents publicats en la seva llengua original. Cada document s&apos;acompanya d&apos;un resum en anglès (i de vegades en altres llengües) i d&apos;una llista de termes rellevants seleccionats de l&apos;índex multilingüe de GLIN.</search_description>
			<url>http://www.glin.gov</url>
			<search_url>http://www.glin.gov/search.do?refineQuery=&amp;offset=0&amp;refineQueryType=&amp;fromSearch=true&amp;queryType=ALL&amp;searchBtn=Search&amp;includeAllFields=on&amp;searchAll=on&amp;sumLanguage=any&amp;pubLanguage=any&amp;pubJurisdiction=any&amp;publicationJurisdictionExclude=false&amp;searchPublicationDate=true&amp;dateFromDay=01&amp;dateFromMonth=01&amp;dateFromYear=&amp;dateToDay=01&amp;dateToMonth=01&amp;dateToYear=&amp;subjTerm=&amp;subjTermConjunction%5B0%5D=AND&amp;subjTerm=&amp;subjTermConjunction%5B1%5D=AND&amp;subjTerm=&amp;subjTermConjunction%5B2%5D=AND&amp;subjTerm=&amp;subjTermConjunction%5B3%5D=AND&amp;subjTerm=&amp;searchOrder=default&amp;hitsPerPage=10&amp;showSummary=on&amp;queryString={$formKeywords}</search_url>
		</search>
	</context>
	<context>
		<context_title>Cerques en llibres</context_title>
		<context_abbrev>Cerques en llibres</context_abbrev>
		<context_description>Recursos relacionats amb llibres.</context_description>

		<search>
			<search_title>Cerca de llibres de Google</search_title>
			<search_description>Google actualment col·labora amb les biblioteques de la University of Michigan, la Harvard University, l&apos;Stanford University i l&apos;Oxford University, i també amb la New York Public Library, per a digitalitzar les seves col·leccions i fer-les accessibles mitjançant el servei Cerca de llibres de Google, un projecte d&apos;escaneig massiu que vol incorporar milions de volums d&apos;obres impreses a la seva base de dades. En fer clic al títol d&apos;un llibre se&apos;n visualitza la pàgina que conté els termes de cerca triats. A més, una vegada s&apos;ha accedit al llibre s&apos;hi poden fer cerques més específiques, i també cercar-ne ressenyes, informació sobre l&apos;entitat editora i altres dades relacionades. Finalment, Cerca de llibres de Google també permet trobar biblioteques properes que disposin de l&apos;obra, o bé comprar-la per Internet.</search_description>
			<url>http://books.google.es/</url>
			<search_url>http://print.google.com/print?q={$formKeywords}</search_url>
		</search>
		<search>
			<search_title>The Online Books Page</search_title>
			<search_description>The Online Books Page, gestionada per John Mark Ockerbloom, de la University of Pennsylvania. Es tracta d&apos;un excel·lent punt de partida per a la cerca de llibres de text complet a Internet. Conté enllaços a més de 20.000 obres en anglès disponibles en diversos formats i diversos llocs web. Permet cercar les entrades per autor/a o per títol. A més, presenta una interessant característica que permet navegar per les categories de signatures de la Library of Congress. Regularment s&apos;hi afegeixen noves llistes, consultables per separat a &lt;a href=&quot;http://onlinebooks.library.upenn.edu/new.html&quot;&gt;http://onlinebooks.library.upenn.edu/new.html&lt;/a&gt;.</search_description>
			<url>http://digital.library.upenn.edu/books/</url>
			<search_url>http://onlinebooks.library.upenn.edu/webbin/book/search?tmode=words&amp;title={$formKeywords}</search_url>
		</search>
		<search>
			<search_title>Books-On-Line</search_title>
			<search_description>Aquesta pàgina conté una col·lecció de 32.935 títols, encara que en alguns casos només es tracta de fragments. Permet navegar per matèries o bé cercar per autor/a o per títol. Cal tenir en compte que algunes de les obres són de pagament.</search_description>
			<url>http://www.books-on-line.com/</url>
			<search_url>http://www.books-on-line.com/bol/KeyWordSearch.cfm?RowCount=50&amp;Searchquery={$formKeywords}</search_url>
		</search>
		<search>
			<search_title>The Universal Digital Library</search_title>
			<search_description>The Universal Digital Library és un projecte força complex i ambiciós que fins l&apos;any 2007 ja havia recopilat una col·lecció d&apos;un milió de llibres electrònics (alguns dels quals provenen del Projecte Gutenberg), i que vol seguir creixent gràcies als seus 50 centres d&apos;escaneig repartits per tot el món.</search_description>
			<url>http://tera-3.ul.cs.cmu.edu/</url>
			<search_url>http://tera-3.ul.cs.cmu.edu/cgi-bin/DBscripts/advsearch_db.cgi?perPage=25&amp;listStart=0&amp;author1=&amp;subject1=Any&amp;year1=&amp;year2=&amp;language1=Any&amp;scentre=Any&amp;search=Search&amp;title1={$formKeywords}</search_url>
		</search>
	</context>
	<context>
		<context_title>Ressenyes d&apos;obres acadèmiques</context_title>
		<context_abbrev>Ressenyes d&apos;obres acadèmiques</context_abbrev>
		<context_description>Permet consultar recursos en línia per cercar ressenyes d&apos;obres acadèmiques.</context_description>

		<search>
			<search_title>H-Net Reviews</search_title>
			<search_description>H-Net Reviews in the Humanities and Social Sciences és un recurs en línia que permet cercar ressenyes d&apos;obres acadèmiques. Les ressenyes es publiquen en línia a través de xarxes de discussió i el lloc web d&apos;H-Net per tal que els usuaris/usuàries hi puguin accedir d&apos;una manera més àgil i ràpida. D&apos;altra banda, l&apos;ús d&apos;aquestes xarxes potencia la interactivitat, ja que els revisors/es, autors/es i lectors/es poden participar en línia en els fils de discussió generats. Gràcies a aquest sistema basat en el correu electrònic i el web, H-Net ajuda a promoure la publicació de ressenyes acadèmiques en línia.</search_description>
			<url>http://www2.h-net.msu.edu/reviews/</url>
			<search_url>http://www2.h-net.msu.edu/reviews/search.cgi?maxlines=25&amp;maxfiles=25&amp;all=all&amp;query={$formKeywords}</search_url>
		</search>
		<search>
			<search_title>The New York Review of Books</search_title>
			<search_description>Aquest lloc web conté extenses ressenyes de prestigioses publicacions impreses. L&apos;arxiu d&apos;aquest lloc web permet fer cercar ressenyes publicades a partir de l&apos;any 1983 i fins a l&apos;actualitat. Moltes d&apos;aquestes ressenyes són de pagament, encara que també n&apos;hi ha de gratuïtes.</search_description>
			<url>http://www.nybooks.com/index</url>
			<search_url>http://www.nybooks.com/archives/search?author_name=%20&amp;reviewed_author=&amp;reviewed_item=&amp;form=&amp;year=&amp;title={$formKeywords}</search_url>
		</search>
		<search>
			<search_title>CM : Canadian Review of Materials</search_title>
			<search_description>CM: Canadian Review of Materials és una revista electrònica dedicada a les ressenyes. CM ressenya obres interessants per al públic infantil i juvenil canadenc, incloses tant les publicacions produïdes al Canadà com les publicades en altres indrets però que poden tenir un interès o una significació importants al Canadà, ja sigui perquè el seu autor/a o il·lustrador/a són canadencs, o bé perquè tracten matèries relacionades amb aquest estat. S&apos;hi inclouen ressenyes de llibres i DVD.</search_description>
			<url>http://www.umanitoba.ca/cm/</url>
			<search_url>http://google.cc.umanitoba.ca/search?btnG=Search&amp;sort=date%3AD%3AL%3Ad1&amp;output=xml_no_dtd&amp;site=default_collection&amp;ie=UTF-8&amp;oe=UTF-8&amp;client=default_frontend&amp;proxystylesheet=default_frontend&amp;as_dt=i&amp;as_sitesearch=http%3A%2F%2Fwww.umanitoba.ca%2Foutreach%2Fcm&amp;q={$formKeywords}</search_url>
		</search>
		<search>
			<search_title>Leonardo Reviews</search_title>
			<search_description>Leonardo Reviews és un servei de ressenyes acadèmiques de la International Society for the Arts, Sciences and Technology.</search_description>
			<url>http://www.leonardo.info/</url>
			<search_url>http://www.google.com/search?hl=en&amp;btnG=Search&amp;q=site%3Awww.leonardo.info%2Freviews%2F+{$formKeywords}</search_url>
		</search>
	</context>
	<context>
		<context_title>Dissertacions</context_title>
		<context_abbrev>Dissertacions</context_abbrev>
		<context_description>Proporciona accés a un extens repositori de material educatiu de nivell universitari provinent de diverses institucions de tot el món.</context_description>

		<search>
			<search_title>CRL Foreign Doctoral Dissertation Databases</search_title>
			<search_description>Aquesta base de dades del CRL (Center For Research Libraries) recull dissertacions publicades fora dels Estats Units i el Canadà i actualment ja no s&apos;actualitza. Permet fer cerques per autor/a, nom d&apos;institució, títol, any, títol traduït, paraules clau de matèria, llengua i país. A més, ofereix instruccions per a dur a terme préstecs interbibliotecaris.</search_description>
			<url>http://www.crl.edu/content.asp?l1=5&amp;l2=23&amp;l3=44&amp;l4=25</url>
			<search_url>http://www.crl.edu/DBSearch/dissertationsSummary.asp?language=English&amp;title={$formKeywords}</search_url>
		</search>
		<search>
			<search_title>Dissertation.com</search_title>
			<search_description>Entitats acadèmiques editores de tesis de màsters i tesis doctorals. Permet cercar milers de resums de dissertacions inclosos a la seva base de dades.</search_description>
			<url>http://dissertation.com/</url>
			<search_url>http://dissertation.com/browse.php?criteria=all&amp;submit.x=23&amp;submit.y=5&amp;keyword={$formKeywords}</search_url>
		</search>
		<search>
			<search_title>Networked Digital Library of Theses and Dissertations Union Catalog</search_title>
			<search_description>L&apos;Union Catalog és un extens repositori de material educatiu de nivell universitari provinent de diverses institucions de tot el món. Aquest projecte ha estat desenvolupat conjuntament per NDLTD i VTLS Inc. amb l&apos;objectiu de fer més accessible la recerca estudiantil al món acadèmic, facilitar la tasca dels estudiants a l&apos;hora de transmetre coneixement mitjançant les tecnologies multimèdia i hipermèdia i promoure les biblioteques digitals a escala global.</search_description>
			<url>http://rogers.vtls.com:6080/visualizer/</url>
			<search_url>http://zippo.vtls.com/cgi-bin/ndltd/chameleon?sessionid=2006051219043826835&amp;skin=ndltd&amp;submittheform=Search&amp;usersrch=1&amp;beginsrch=1&amp;elementcount=3&amp;function=INITREQ&amp;search=SCAN&amp;lng=en&amp;pos=1&amp;conf=.%2Fchameleon.conf&amp;u1=4&amp;host=localhost%2B3668%2BDEFAULT&amp;t1={$formKeywords}</search_url>
		</search>
		<search>
			<search_title>Scirus ETD Search</search_title>
			<search_description>L&apos;NDLTD ofereix un servei de cerca mantingut per Scirus. Aquest sistema es basa en les dades recopilades per l&apos;Union Archive gestionat per l&apos;OCLC.</search_description>
			<url>http://www.ndltd.org/serviceproviders/scirus-etd-search</url>
			<search_url>http://www.scirus.com/srsapp/search?rep=ndl&amp;q={$formKeywords}</search_url>
		</search>
	</context>
	<context>
		<context_title>Fòrums en línia</context_title>
		<context_abbrev>Fòrums en línia</context_abbrev>
		<context_description>En aquesta secció s&apos;ofereixen una sèrie de fòrums d&apos;accés lliure que poden enriquir el context dels estudis de recerca del vostre lloc.</context_description>

		<search>
			<search_title>MInd: the Meetings Index</search_title>
			<search_description>Aquest servei permet contactar amb organitzadors i patrocinadors per a futures conferències, congressos, reunions i simpòsiums, i també consultar actes de conferències (tant futures com passades).</search_description>
			<url>http://www.interdok.com/</url>
			<search_url>http://www.google.com/search?q=site%3Ainterdok.com+mind+{$formKeywords}</search_url>
		</search>
	</context>
	<context>
		<context_title>Citacions</context_title>
		<context_abbrev>Citacions</context_abbrev>
		<context_description>Recursos d&apos;Internet que permeten cercar citacions cèlebres.</context_description>

		<search>
			<search_title>Bartlett&apos;s Familiar Quotations</search_title>
			<search_description>Col·lecció de passatges, frases i proverbis pertanyents a obres de la literatura antiga i moderna (edició de l&apos;any 1919). S&apos;indica la font de cada citació.</search_description>
			<url>http://www.bartleby.com/100/</url>
			<search_url>http://www.bartleby.com/cgi-bin/texis/webinator/sitesearch?FILTER=col100%20&amp;x=9&amp;y=11&amp;query={$formKeywords}</search_url>
		</search>
		<search>
			<search_title>The Quotations Page</search_title>
			<search_description>Base de dades que permet cercar en diversos recursos d&apos;Internet dedicats a les citacions. Podeu consultar una descripció de cadascun d&apos;aquests recursos a la secció The Quotations Collections.</search_description>
			<url>http://www.quotationspage.com/</url>
			<search_url>http://www.quotationspage.com/search.php3?Author=&amp;C=mgm&amp;C=motivate&amp;C=classic&amp;C=coles&amp;C=lindsly&amp;C=poorc&amp;C=net&amp;C=devils&amp;C=contrib&amp;x=60&amp;y=11&amp;Search={$formKeywords}</search_url>
		</search>
	</context>
	<context>
		<context_title>Pagament per visió</context_title>
		<context_abbrev>Pagament per visió</context_abbrev>
		<context_description>Els serveis de pagament per visió resulten útils per als usuaris/usuàries que no disposen d&apos;accés directe per subscripció als articles de revistes electròniques. Així, aquests usuaris/usuàries poden obtenir accés directe als articles mitjançant el sistema de pagament segur amb targeta de crèdit de l&apos;RSC. Una vegada s&apos;han validat els detalls del pagament, l&apos;usuari/usuària obté accés a l&apos;article sol·licitat per a un període de 30 dies.</context_description>

		<search>
			<search_title>Ingenta</search_title>
			<search_description>Ingenta restringeix l&apos;accés als articles de text complet. Malgrat que l&apos;accés als textos complets sigui de pagament, aquest lloc web també es pot utilitzar com a índex gratuït.</search_description>
			<url>http://www.ingenta.com/</url>
			<search_url>http://www.ingenta.com/isis/searching/Search/ingenta?database=1&amp;title={$formKeywords}</search_url>
		</search>
		<search>
			<search_title>ebrary</search_title>
			<search_description>Els investigadors independents que no disposen d&apos;accés a les bases de dades d&apos;ebrary a través de la seva biblioteca poden crear un compte individual per només 5 dòlars. ebrary Discover abasta un gran nombre de disciplines acadèmiques i proporciona accés a més de 20.000 títols reconeguts, entre els quals s&apos;inclouen llibres de text complet, partitures, informes i altres documents de més de 175 entitats editores de prestigi, com ara Cambridge University Press, Random House, Inc. i The McGraw-Hill Companies.</search_description>
			<url>http://www.ebrary.com/corp/</url>
			<search_url>http://shop.ebrary.com/Top?layout=search&amp;f00=text&amp;p01=&amp;f01=subject&amp;d=journal&amp;l=en&amp;sch=%A0%A0%A0%A0%A0Search%A0%A0%A0%A0%A0&amp;frm=adv.x&amp;p00={$formKeywords}</search_url>
		</search>
		<search>
			<search_title>Questia</search_title>
			<search_description>Questia ofereix accés a més de 47.000 llibres i 370.000 articles de revistes, magazins i diaris. Tots els llibres i articles són de text complet. La tarifa de subscripció és de 19,95 dòlars mensuals o 99,95 dòlars anuals.</search_description>
			<url>http://www.questia.com/</url>
			<search_url>http://www.questia.com/SM.qst?act=search&amp;keywordsSearchType=1000&amp;mediaType=book&amp;mediaType=journal&amp;mediaType=magazine&amp;mediaType=newspaper&amp;mediaType=encyclopedia&amp;mediaType=startpage&amp;keywords={$formKeywords}</search_url>
		</search>
		<search>
			<search_title>Wiley InterScience Pay-Per-View Service</search_title>
			<search_description>Wiley InterScience Pay-Per-View proporciona accés instantani i complet a una extensa col·lecció d&apos;articles de revistes i capítols de llibres disponibles a Wiley InterScience sense necessitat de subscripció. Així, qualsevol usuari/usuària pot accedir directament a aquests recursos mitjançant un pagament amb targeta de crèdit. L&apos;accés és instantani i té una durada de 24 hores.</search_description>
			<url>http://www3.interscience.wiley.com/aboutus/ppv-articleselect.html</url>
			<search_url>http://www3.interscience.wiley.com/search/allsearch</search_url>
			<search_post>allContentSearchForm=&amp;mode=quicksearch&amp;WISindexid1=WISall&amp;WISsearch1={$formKeywords}</search_post>		</search>
	</context>
	<context>
		<context_title>Recursos</context_title>
		<context_abbrev>Recursos</context_abbrev>
		<context_description>Recursos generals</context_description>

		<search>
			<search_title>BBC Learning</search_title>
			<search_description>BBC Online - Education BBC Education. Aquest lloc web ofereix accés a excel·lents recursos per a l&apos;aprenentatge dirigits tant a adults com a infants. Abasta un gran nombre de matèries: història, ciència, llengües, salut, aptituds laborals, cultura, tecnologia, art, literatura, negocis, natura, lleure, etc.</search_description>
			<url>http://www.bbc.co.uk/learning/</url>
			<search_url>http://www.bbc.co.uk/cgi-bin/search/results.pl?go.x=0&amp;go.y=0&amp;go=go&amp;uri=%2Flearning%2F&amp;q={$formKeywords}</search_url>
		</search>
		<search>
			<search_title>Intute: Repository Search</search_title>
			<search_description>Aquest servei permet cercar descripcions en més de 152.000 documents de treball, articles de revistes, informes, ponències i altres materials acadèmics recollits en els repositoris d&apos;Eprints, al Regne Unit. Els resultats de les cerques enllacen amb la ubicació dels elements originals, en cas que les entitats editores hi permetin l&apos;accés.</search_description>
			<url>http://irs.ukoln.ac.uk/</url>
			<search_url>http://irs.ukoln.ac.uk/search/?view=&amp;submit.x=0&amp;submit.y=0&amp;submit=Go&amp;query={$formKeywords}</search_url>
		</search>
		<search>
			<search_title>High Beam Research</search_title>
			<search_description>High Beam Research és un cercador que aplega un gran nombre de recursos i matèries. Els resultats s&apos;envien per correu electrònic. Els resums i els textos només estan disponibles per a subscriptors.</search_description>
			<url>http://www.highbeam.com/library/index.asp</url>
			<search_url>http://www.highbeam.com/Search.aspx?st=NL&amp;nml=True&amp;t=&amp;a=&amp;src=ALM&amp;src=BOOKS&amp;src=DICT&amp;src=ENCY&amp;src=MAGS&amp;src=MAPS&amp;src=NEWS&amp;src=PICS&amp;src=THES&amp;src=TRAN&amp;src=WHITEPAPER&amp;count=10&amp;offset=0&amp;sort=RK&amp;sortdir=D&amp;pst=INCLUDE_ALL&amp;cn=&amp;storage=ALL&amp;display=ALL&amp;sponsor=ALL&amp;docclass=ALL&amp;relatedid=&amp;bid=&amp;embargo=False&amp;q={$formKeywords}</search_url>
		</search>
		<search>
			<search_title>RAND Research</search_title>
			<search_description><![CDATA[Fa més de 50 anys que la institució sense ànim de lucre RAND Corporation duu a terme projectes de recerca sobre problemàtiques d&apos;actualitat. En els seus inicis, RAND (nom creat a partir de l&apos;anglès <em>research and development</em>) s&apos;ocupava de qüestions relacionades amb la seguretat nacional. Més endavant, però, va ampliar el seu àmbit de treball a altres àrees, com ara l&apos;empresa, l&apos;educació, la salut, el dret i la ciència. Gràcies al seu innovador enfocament per a la resolució de problemes, RAND s&apos;ha convertit en el punt de referència per a molts altres grups d&apos;especialistes en recerca. A la secció Hot Topics del seu lloc web s&apos;ofereixen anàlisis relacionades amb el món educatiu i altres temes d&apos;interès a escala global.]]></search_description>
			<url>http://www.rand.org/hot_topics/index.html</url>
			<search_url>http://vivisimo.rand.org/vivisimo/cgi-bin/query-meta?input-form=simple&amp;Go=Search&amp;query={$formKeywords}</search_url>
		</search>
	</context>
	<context>
		<context_title>Notícies als mitjans</context_title>
		<context_abbrev>Notícies als mitjans</context_abbrev>
		<context_description>Permet iniciar una cerca sobre el tema de l&apos;article que connecta l&apos;usuari/usuària amb articles d&apos;arxiu i articles actuals gratuïts sobre la matèria cercada. Aquests articles provenen dels diaris internacionals més prestigiosos.</context_description>

		<search>
			<search_title>Google News</search_title>
			<search_description>Permet cercar notícies mitjançant una característica específica del popular cercador de Google.</search_description>
			<url>http://news.google.com/</url>
			<search_url>http://news.google.com/news?hl=en&amp;q={$formKeywords}</search_url>
		</search>
		<search>
			<search_title>The Globe and Mail</search_title>
			<search_description><![CDATA[Lloc web del diari canadenc <em>The Globe and Mail</em>;, editat a Toronto (últims set dies).]]></search_description>
			<url>http://www.globeandmail.com/</url>
			<search_url>http://www.globeandmail.com/servlet/HTMLTemplate/search?tf=tgam/search/tgam/SearchResults.html&amp;cf=tgam/search/tgam/SearchResults.cfg&amp;current_row=1&amp;start_row=1&amp;num_rows=10&amp;keywords={$formKeywords}</search_url>
		</search>
		<search>
			<search_title>People&apos;s Daily</search_title>
			<search_description><![CDATA[Lloc web del diari xinès <em>People&apos;s Daily</em>; (gener 1999 -).]]></search_description>
			<url>http://english.peopledaily.com.cn/</url>
			<search_url>http://search.people.com.cn/was40/people/GB/english_index.jsp?type=1&amp;channel=&amp;Content=&amp;searchword={$formKeywords}</search_url>
		</search>
		<search>
			<search_title>Mail &amp; Guardian</search_title>
			<search_description><![CDATA[Lloc web del diari sud-africà <em>Mail &amp; Guardian</em> (1994 -).]]></search_description>
			<url>http://www.mg.co.za/</url>
			<search_url>http://www.mg.co.za/mg_search_results.aspx?PrintEdition=PrintEdition&amp;DailyNews=DailyNews&amp;SearchSection=&amp;StartDay=&amp;StartMonth=&amp;StartYear=&amp;EndDay=&amp;EndMonth=&amp;EndYear=&amp;keywords={$formKeywords}</search_url>
		</search>
		<search>
			<search_title>National Public Radio</search_title>
			<search_description>Lloc web de la National Public Radio dels Estats Units (accés il·limitat).</search_description>
			<url>http://www.npr.org/archives/</url>
			<search_url>http://www.npr.org/search.php?text={$formKeywords}</search_url>
		</search>
		<search>
			<search_title>The New York Times</search_title>
			<search_description><![CDATA[Lloc web del diari <em>The New York Times</em> (últims set dies).]]></search_description>
			<url>http://www.nytimes.com/</url>
			<search_url>http://query.nytimes.com/search/query?date=past30days&amp;submit.x=11&amp;submit.y=12&amp;query={$formKeywords}</search_url>
		</search>
		<search>
			<search_title>The Japan Times Online</search_title>
			<search_description><![CDATA[Lloc web del diari japonès <em>The Japan Times Online</em> (gener 1999 -).]]></search_description>
			<url>http://www.japantimes.co.jp/</url>
			<search_url>http://www.google.co.jp/custom?domains=japantimes.co.jp&amp;client=pub-4223870936880387&amp;forid=1&amp;ie=Shift_JIS&amp;oe=Shift_JIS&amp;term1=&amp;cof=GALT%3A%23008000%3BGL%3A1%3BDIV%3A%23336699%3BVLC%3A663399%3BAH%3Acenter%3BBGC%3AFFFFFF%3BLBGC%3AFFFFFF%3BALC%3A0000FF%3BLC%3A0000FF%3BT%3A000000%3BGFNT%3A0000FF%3BGIMP%3A0000FF%3BLH%3A60%3BLW%3A200%3BL%3Ahttp%3A%2F%2Fwww.japantimes.co.jp%2Fimages%2Fheader_title.gif%3BS%3Ahttp%3A%2F%2Fwww.japantimes.co.jp%2F%3BFORID%3A1%3B&amp;hl=ja&amp;advancesearch=&amp;q={$formKeywords}</search_url>
		</search>
		<search>
			<search_title>The Moscow Times</search_title>
			<search_description><![CDATA[Lloc web del diari rus <em>The Moscow Times</em> (1994 -).]]></search_description>
			<url>http://www.moscowtimes.ru/doc/Search.html</url>
			<search_url>http://www.moscowtimes.ru/cgi-bin/search?config=&amp;exclude=&amp;method=and&amp;format=long&amp;sort=score&amp;matchesperpage=10&amp;words={$formKeywords}</search_url>
		</search>
		<search>
			<search_title>The Washington Post</search_title>
			<search_description><![CDATA[Lloc web del diari <em>The Washington Post</em> (dues últimes setmanes).]]></search_description>
			<url>http://www.washingtonpost.com/</url>
			<search_url>http://www.washingtonpost.com/cgi-bin/search99.pl?searchsection=news&amp;searchdatabase=news&amp;x=11&amp;y=8&amp;searchtext={$formKeywords}</search_url>
		</search>
		<search>
			<search_title>Newsdirectory</search_title>
			<search_description>Newsdirectory és una extensa guia de mitjans de comunicació en línia en llengua anglesa. Actualment indexa més de 8.000 diaris i revistes, i també més de 1.000 emissores de televisió dels Estats Units.</search_description>
			<url>http://www.newsdirectory.com/</url>
			<search_url>http://www.newsdirectory.com/hbSearch.php</search_url>
			<search_post>s={$formKeywords}&amp; submit=Go</search_post>
		</search>
	</context>
	<context>
		<context_title>Cerca al web</context_title>
		<context_abbrev>Cerca al web</context_abbrev>
		<context_description>Permet fer cerques a Internet mitjançant diversos cercadors.</context_description>

		<search>
			<search_title>Google</search_title>
			<search_description>Empreu el popular cercador Google per a fer tota mena de cerques.</search_description>
			<url>http://www.google.com/</url>
			<search_url>http://www.google.com/search?q={$formKeywords}</search_url>
		</search>
		<search>
			<search_title>Google Acadèmic</search_title>
			<search_description>Google Acadèmic permet fer cerques específiques de documentació acadèmica, com ara articles revisats per persones expertes, tesis, llibres, publicacions preliminars, resums i informes tècnics. Inclou continguts provinents d&apos;una sèrie de prestigiosos agregadors i entitats editores amb els quals Google té acords permanents, com ara l&apos;Association for Computing Machinery, l&apos;IEEE o el servei de catàleg de biblioteques Open WorldCat de l&apos;OCLC, etc. Els resultats mostren les diverses versions del document cercat, l&apos;anàlisi de citacions i la ubicació de la biblioteca on es pot obtenir (actualment només per a llibres).</search_description>
			<url>http://scholar.google.com</url>
			<search_url>http://scholar.google.com/scholar?ie=UTF-8&amp;oe=UTF-8&amp;hl=en&amp;q={$formKeywords}</search_url>
		</search>
		<search>
			<search_title>Clusty the Clustering Engine</search_title>
			<search_description>Aquesta eina de cerca de Vivisimo ofereix resultats agrupats per a una selecció de cerques. Permet fer metacerques a tot el web, o bé utilitzar les diverses pestanyes disponibles per cercar notícies, imatges o productes mitjançant Bizrate o eBay.</search_description>
			<url>http://clusty.com/about</url>
			<search_url>http://clusty.com/search?query={$formKeywords}</search_url>
		</search>
		<search>
			<search_title>Vivisimo</search_title>
			<search_description>La tecnologia de clusterització Vivisimo, desenvolupada pels especialistes en recerca de la Carnegie Mellon University i mereixedora de diversos premis, aporta valor afegit a la informació emmagatzemada per les empreses pertanyents a la llista Fortune 500, els llocs web més visitats, les entitats editores de més prestigi i les agències governamentals, gràcies al seu sistema de classificació immediata dels resultats de cerca en categories. La implantació d&apos;aquest sistema suposa una gran millora en l&apos;accés a la informació sol·licitada.</search_description>
			<url>http://vivisimo.com</url>
			<search_url>http://vivisimo.com/search?tb=homepage&amp;v%3Asources=Web&amp;query={$formKeywords}</search_url>
		</search>
	</context>
</version>