<?xml version="1.0" encoding="UTF-8"?>
<!DOCTYPE version SYSTEM "../../lib/pkp/dtd/rtVersion.dtd">
<!--
  * Social_Sciences.xml
  *
  * Copyright (c) 2013-2016 Simon Fraser University Library
  * Copyright (c) 2003-2016 John Willinsky
  * Distributed under the GNU GPL v2. For full terms see the file docs/COPYING.
  *
  * Credits: http://pkp.sfu.ca/wiki/index.php?title=OJS:_Catalan_%28ca_ES%29
  *
  * Aquesta traducció fou realitzada previament per Judith Rodriguez amb el suport
  * de la revista Athenea Digital i el Departament de Psicologia Social de la UAB.
  * La traducció ampliava la tasca previament realitzada per a la UOC i l'IEC.
  *
  * Reading Tools version: Social Sciences (ca_ES)
  *
  * $Id$
  -->

<version id="Social_Sciences" locale="ca_ES">
	<version_title>Ciències socials</version_title>
	<version_description>Mitjançant les eines de lectura els lectors/es d&apos;aquest estudi poden consultar un gran nombre de recursos que els ajudaran a interpretar-lo, contextualitzar-lo i avaluar-lo.</version_description>

	<context>
		<context_title>Obres de l&apos;autor/a</context_title>
		<context_abbrev>Altres obres</context_abbrev>
		<context_description>Permet identificar altres obres de l&apos;autor/a (o autors/es) de l&apos;article mitjançant els motors de l&apos;OAI.</context_description>
		<author_terms/>
		<search>
			<search_title>Google Acadèmic</search_title>
			<search_description>Google Acadèmic permet fer cerques específiques de documentació acadèmica, com ara articles revisats per persones expertes, tesis, llibres, publicacions preliminars, resums i informes tècnics. Inclou continguts provinents d&apos;una sèrie de prestigiosos agregadors i entitats editores amb els quals Google té acords permanents, com ara l&apos;Association for Computing Machinery, l&apos;IEEE o el servei de catàleg de biblioteques Open WorldCat de l&apos;OCLC, etc. Els resultats mostren les diverses versions del document cercat, l&apos;anàlisi de citacions i la ubicació de la biblioteca on es pot obtenir (actualment només per a llibres).</search_description>
			<url>http://scholar.google.com</url>
			<search_url>http://scholar.google.com/scholar?ie=UTF-8&amp;oe=UTF-8&amp;hl=eng&amp;as_sauthors={$formKeywords}</search_url>
		</search>
		<search>
			<search_title>OAIster (bases de dades de recerca de l&apos;Open Archives Initiative)</search_title>
			<search_description>OAIster és un projecte del Digital Library Production Service de la University of Michigan que permet fer cerques en un gran nombre de col·leccions de diverses institucions que ofereixen accés als seus recursos digitals. La tasca de l&apos;equip del projecte ha consistit a recopilar aquests recursos i afegir-los al servei OAIster.</search_description>
			<url>http://oaister.umdl.umich.edu/</url>
			<search_url>http://oaister.umdl.umich.edu/cgi/b/bib/bib-idx?type=boolean&amp;size=10&amp;c=oaister&amp;q1=&amp;rgn1=entire+record&amp;op2=and&amp;q2=&amp;rgn2=entire+record&amp;op3=And&amp;q3=&amp;rgn3=title&amp;op4=And&amp;rgn4=author&amp;op5=And&amp;q5=&amp;rgn5=subject&amp;op6=And&amp;rgn6=norm&amp;q6=all+types&amp;sort=author%2Fcreator&amp;submit2=search&amp;q4={$formKeywords}</search_url>
		</search>
		<search>
			<search_title>Open Archives Harvester del Public Knowledge Project</search_title>
			<search_description>L&apos;Open Archives Harvester és un sistema lliure d&apos;indexació de metadades desenvolupat pel Public Knowledge Project, una iniciativa finançada pel govern federal del Canadà que vol promoure i fer més accessible l&apos;àmbit de la recerca. L&apos;OAI Harvester permet crear un índex per cercar les metadades dels arxius admesos per l&apos;Open Archives Initiative (com ara els llocs web que treballen amb l&apos;Open Journal Systems o amb l&apos;Open Conference Systems).</search_description>
			<url>http://pkp.sfu.ca/harvester/</url>
			<search_url>http://pkp.sfu.ca/harvester/search.php?limit=author&amp;query={$formKeywords}</search_url>
		</search>
		<search>
			<search_title>Find articles (BNET)</search_title>
			<search_description>Inclou citacions, resums i articles de text complet de més de 300 revistes i publicacions sobre matèries com ara empresa, salut, societat, entreteniment i esport.</search_description>
			<url>http://findarticles.com/</url>
			<search_url>http://www.findarticles.com/cf_0/PI/search.jhtml?magR=all+magazines&amp;key={$formKeywords}</search_url>
		</search>
		<search>
			<search_title>H-Net Reviews</search_title>
			<search_description>H-Net Reviews in the Humanities and Social Sciences és un recurs en línia que permet cercar ressenyes d&apos;obres acadèmiques. Les ressenyes es publiquen en línia a través de xarxes de discussió i el lloc web d&apos;H-Net per tal que els usuaris/usuàries hi puguin accedir d&apos;una manera més àgil i ràpida. D&apos;altra banda, l&apos;ús d&apos;aquestes xarxes potencia la interactivitat, ja que els revisors/es, autors/es i lectors/es poden participar en línia en els fils de discussió generats. Gràcies a aquest sistema basat en el correu electrònic i el web, H-Net ajuda a promoure la publicació de ressenyes acadèmiques en línia.</search_description>
			<url>http://www2.h-net.msu.edu/reviews/</url>
			<search_url>http://www2.h-net.msu.edu/reviews/search.cgi?maxlines=25&amp;maxfiles=25&amp;all=all&amp;query={$formKeywords}</search_url>
		</search>
		<search>
			<search_title>Intute: Social Sciences</search_title>
			<search_description>Intute: Social Sciences és un servei en línia gratuït que ofereix accés als millors recursos d&apos;Internet relacionats amb l&apos;educació i la recerca. Aquests recursos han estat avaluats i seleccionats per una xarxa d&apos;especialistes en la matèria.</search_description>
			<url>http://www.intute.ac.uk/socialsciences/</url>
			<search_url>http://www.intute.ac.uk/socialsciences/cgi-bin/search.pl?submit.x=0&amp;submit.y=0&amp;submit=Go&amp;limit=0&amp;subject=socialsciences&amp;term1={$formKeywords}</search_url>
		</search>
		<search>
			<search_title>SocioSite</search_title>
			<search_description>SocioSite ofereix accés al món de les ciències socials a escala global. El seu objectiu és mantenir una llista exhaustiva de tots els recursos d&apos;Internet relacionats amb la sociologia.</search_description>
			<url>http://www.sociosite.net/</url>
			<search_url>http://www.google.com/u/sociosite?sa=sociosite&amp;domains=www2.fmg.uva.nl&amp;sitesearch=www2.fmg.uva.nl&amp;hq=inurl:www2.fmg.uva.nl/sociosite&amp;q={$formKeywords}</search_url>
		</search>
		<search>
			<search_title>Voice of the Shuttle</search_title>
			<search_description>Voice of the Shuttle se centra en recursos primaris i secundaris (o teòrics) sobre literatura nord-americana. S&apos;hi inclouen enllaços a programes, revistes electròniques i fòrums.</search_description>
			<url>http://vos.ucsb.edu/</url>
			<search_url>http://vos.ucsb.edu/search-results.asp?Submit=Go&amp;search={$formKeywords}</search_url>
		</search>
	</context>
	<context>
		<context_title>Cerca de termes</context_title>
		<context_abbrev>Cerca de termes</context_abbrev>
		<context_description>Feu doble clic en qualsevol paraula del text per a mostrar-la en el quadre «Definició de termes». També podeu escriure o enganxar una paraula directament en el quadre i seguidament utilitzar la funció de cerca per a trobar-ne una definició. Aquests recursos han estat escollits per la seva rellevància i perquè ofereixen accés obert (gratuït) a tots o part dels seus continguts.</context_description>
		<define_terms/>
		<search>
			<search_title>Google</search_title>
			<search_description>Podeu cercar definicions mitjançant el popular cercador de Google.</search_description>
			<url>http://www.google.com/</url>
			<search_url>http://www.google.com/search?hl=en&amp;q=define%3A{$formKeywords}</search_url>
		</search>
		<search>
			<search_title>Online Dictionary of the Social Sciences</search_title>
			<search_description>L&apos;Online Dictionary of the Social Sciences permet cercar els termes més habituals en el camp de les ciències socials. Permet cercar per frase o per paraula clau.</search_description>
			<url>http://bitbucket.icaap.org/</url>
			<search_url>http://bitbucket.icaap.org/dict.pl?fuzzy={$formKeywords}</search_url>
		</search>
		<search>
			<search_title>OneLook Dictionary Search</search_title>
			<search_description>OneLook és un metadiccionari que permet cercar una paraula o una abreviació en llengua anglesa en un índex de 5.292.362 paraules pertanyents a 934 diccionaris classificats en obres generals i obres especialitzades, i també obtenir-ne definicions.</search_description>
			<url>http://www.onelook.com/index.html</url>
			<search_url>http://www.onelook.com/?ls=a&amp;w={$formKeywords}</search_url>
		</search>
		<search>
			<search_title>Merriam-Webster Online</search_title>
			<search_description><![CDATA[Aquest diccionari es basa en el <em>Webster 10th Collegiate edition</em> de l&apos;any 1993 i s&apos;actualitza anualment. Conté més de 160.000 entrades i cada paraula va acompanyada de la seva definició, pronunciació, nota d&apos;ús, funció gramatical i breu etimologia. També inclou un tesaurus i, a més, ofereix suggeriments en cas de cercar una paraula mal escrita. El sistema de cerca d&apos;aquest diccionari admet comodins interns i cerca amb truncament a la dreta. Finalment, també inclou una extensa guia de pronunciació i fitxers sonors per a moltes de les entrades.]]></search_description>
			<url>http://www.merriam-webster.com/</url>
			<search_url>http://www.merriam-webster.com/cgi-bin/dictionary?book=Dictionary&amp;va={$formKeywords}</search_url>
		</search>
		<search>
			<search_title>Viquipèdia: L&apos;enciclopèdia lliure</search_title>
			<search_description>La Viquipèdia és una enciclopèdia lliure escrita col·laborativament per usuaris/usuàries d&apos;arreu del món. Aquest lloc web és un «wikiwiki», és a dir, que qualsevol usuari/usuària en pot editar qualsevol article. El seu contingut no passa per cap procés de revisió editorial, per la qual cosa la qualitat dels seus continguts pot variar substancialment segons l&apos;article o el tema consultat, però malgrat això es tracta d&apos;un recurs molt útil. La versió anglesa de la Viquipèdia (Wikipedia) inclou centenars de milers d&apos;entrades. A més, també es pot consultar en altres llengües com ara el català, el castellà, el francès o l&apos;esperanto.</search_description>
			<url>http://en.wikipedia.org/wiki/Main_Page</url>
			<search_url>http://en.wikipedia.org/wiki/Special:Search?go=Go&amp;fulltext=Search&amp;search={$formKeywords}</search_url>
		</search>
		<search>
			<search_title>Infoplease.com</search_title>
			<search_description>Aquest lloc web ofereix continguts dels anuaris d&apos;Information Please, una base de dades biogràfica, un diccionari, un atles i articles de la Columbia Encyclopedia. Permet fer cerques conjuntes o separades en tots aquests recursos, i també navegar pels anuaris. A més, cada setmana ofereix articles de portada sobre els temes d&apos;actualitat als mitjans, els quals enllacen amb continguts relacionats dels anuaris i d&apos;altres recursos web.</search_description>
			<url>http://www.infoplease.com</url>
			<search_url>http://www.infoplease.com/search?fr=iptn&amp;in=all&amp;x=0&amp;y=0&amp;query={$formKeywords}</search_url>
		</search>
	</context>
	<context>
		<context_title>Estudis relacionats</context_title>
		<context_abbrev>Estudis relacionats</context_abbrev>
		<context_description>Permet accedir a estudis relacionats mitjançant un enllaç a una base de dades d&apos;accés lliure (gratuïta) que conté resums i/o textos complets relacionats amb el vostre tema de recerca.</context_description>

		<search>
			<search_title>CIAO (Columbia International Affairs Online)</search_title>
			<search_description>Creat de manera col·laborativa entre les biblioteques de la Columbia University i Columbia University Press gràcies a una beca de l&apos;Andrew W. Mellon Foundation, CIAO ofereix una col·leció de materials teòrics i de recerca en l&apos;àmbit dels afers internacionals. Entre els materials disponibles en aquest lloc web destaquen documents de treball d&apos;instituts universitaris de recerca, resums de polítiques, informació sobre diversos estats, resums de revistes i actes de conferències. Els materials disponibles daten des de l&apos;any 1991 i fins l&apos;actualitat.</search_description>
			<url>http://www.ciaonet.org/</url>
			<search_url>http://usearch.cc.columbia.edu/ciao/query.html?qp=url%3Awps&amp;qp=url%3Aolj&amp;qp=url%3Apbei&amp;qp=url%3Abook&amp;qp=url%3Acasestudy&amp;op1=%2B&amp;fl1=&amp;ty1=w&amp;tx1=&amp;dt=in&amp;inthe=2147483647&amp;op0=&amp;fl0=&amp;ty0=w&amp;qt=&amp;ht=0&amp;qp=&amp;qs=&amp;col=ciao&amp;qc=ciao&amp;pw=100%25&amp;ws=0&amp;la=en&amp;qm=0&amp;st=1&amp;nh=25&amp;lk=1&amp;rf=0&amp;oq=&amp;rq=0&amp;si=0&amp;ql=a&amp;x=34&amp;y=8&amp;tx0={$formKeywords}</search_url>
		</search>
		<search>
			<search_title>Find articles (BNET)</search_title>
			<search_description>Inclou citacions, resums i articles de text complet de més de 300 revistes i publicacions sobre matèries com ara empresa, salut, societat, entreteniment i esport.</search_description>
			<url>http://findarticles.com/</url>
			<search_url>http://www.findarticles.com/cf_0/PI/search.jhtml?magR=all+magazines&amp;key={$formKeywords}</search_url>
		</search>
		<search>
			<search_title>H-Net Reviews</search_title>
			<search_description>H-Net Reviews in the Humanities and Social Sciences és un recurs en línia que permet cercar ressenyes d&apos;obres acadèmiques. Les ressenyes es publiquen en línia a través de xarxes de discussió i el lloc web d&apos;H-Net per tal que els usuaris/usuàries hi puguin accedir d&apos;una manera més àgil i ràpida. D&apos;altra banda, l&apos;ús d&apos;aquestes xarxes potencia la interactivitat, ja que els revisors/es, autors/es i lectors/es poden participar en línia en els fils de discussió generats. Gràcies a aquest sistema basat en el correu electrònic i el web, H-Net ajuda a promoure la publicació de ressenyes acadèmiques en línia.</search_description>
			<url>http://www2.h-net.msu.edu/reviews/</url>
			<search_url>http://www2.h-net.msu.edu/reviews/search.cgi?maxlines=25&amp;maxfiles=25&amp;all=all&amp;query={$formKeywords}</search_url>
		</search>
		<search>
			<search_title>Intute: Social Sciences</search_title>
			<search_description>Intute: Social Sciences és un servei en línia gratuït que ofereix accés als millors recursos d&apos;Internet relacionats amb l&apos;educació i la recerca. Aquests recursos han estat avaluats i seleccionats per una xarxa d&apos;especialistes en la matèria.</search_description>
			<url>http://www.intute.ac.uk/socialsciences/</url>
			<search_url>http://www.intute.ac.uk/socialsciences/cgi-bin/search.pl?submit.x=0&amp;submit.y=0&amp;submit=Go&amp;limit=0&amp;subject=socialsciences&amp;term1={$formKeywords}</search_url>
		</search>
		<search>
			<search_title>SocioSite</search_title>
			<search_description>SocioSite ofereix accés al món de les ciències socials a escala global. El seu objectiu és mantenir una llista exhaustiva de tots els recursos d&apos;Internet relacionats amb la sociologia.</search_description>
			<url>http://www.sociosite.net/</url>
			<search_url>http://www.google.com/u/sociosite?sa=sociosite&amp;domains=www2.fmg.uva.nl&amp;sitesearch=www2.fmg.uva.nl&amp;hq=inurl:www2.fmg.uva.nl/sociosite&amp;q={$formKeywords}</search_url>
		</search>
		<search>
			<search_title>Voice of the Shuttle</search_title>
			<search_description>Voice of the Shuttle se centra en recursos primaris i secundaris (o teòrics) sobre literatura nord-americana. S&apos;hi inclouen enllaços a programes, revistes electròniques i fòrums.</search_description>
			<url>http://vos.ucsb.edu/</url>
			<search_url>http://vos.ucsb.edu/search-results.asp?Submit=Go&amp;search={$formKeywords}</search_url>
		</search>
	</context>
	<context>
		<context_title>Ressenyes d&apos;obres acadèmiques</context_title>
		<context_abbrev>Ressenyes d&apos;obres acadèmiques</context_abbrev>
		<context_description>Feu clic als URL de cerca per cercar ressenyes d&apos;obres acadèmiques.</context_description>

		<search>
			<search_title>The Anthropology Review Database (ARD)</search_title>
			<search_description>The Anthropology Review Database té l&apos;objectiu de mantenir al dia els professionals de l&apos;antropologia sobre les novetats bibliogràfiques en aquest àmbit, i també pretén ajudar-los a valorar la rellevància dels recursos disponibles a l&apos;hora d&apos;aplicar-los a la seva feina.</search_description>
			<url>http://wings.buffalo.edu/ARD/</url>
			<search_url>http://wings.buffalo.edu/ARD/cgi/search.cgi?authors=&amp;subject=&amp;date1=&amp;date2=&amp;medium=&amp;reviewer=&amp;title={$formKeywords}</search_url>
		</search>
		<search>
			<search_title>Books-on-Law</search_title>
			<search_description>Books-on-Law ofereix ressenyes d&apos;obres acadèmiques i comercials de recent o immediata publicació relacionades amb l&apos;àmbit del dret. És un servei de JURIST: Legal News &amp; Research.</search_description>
			<url>http://jurist.law.pitt.edu/lawbooks/</url>
			<search_url>http://search.freefind.com/find.html?id=9814374&amp;pageid=r&amp;mode=ALL&amp;query={$formKeywords}</search_url>
		</search>
		<search>
			<search_title>Law and Politics Book Review</search_title>
			<search_description>El servei Law and Politics Book Review està subvencionat per la Law and Courts Section de l&apos;American Political Science Association. Es tracta d&apos;un entorn digital que permet accedir a una exhaustiva col·lecció d&apos;extenses ressenyes sobre obres relacionades amb processos i polítiques legals. Aquestes ressenyes es publiquen sis mesos després de la recepció de les obres.</search_description>
			<url>http://www.bsos.umd.edu/gvpt/lpbr/</url>
			<search_url>http://www.searchum.umd.edu/search?btnG=Search&amp;output=xml_no_dtd&amp;proxystylesheet=UMCP&amp;as_sitesearch=http://www.bsos.umd.edu/gvpt/lpbr&amp;client=UMCP&amp;site=UMCP&amp;q={$formKeywords}</search_url>
		</search>
	</context>
	<context>
		<context_title>Pagament per visió</context_title>
		<context_abbrev>Pagament per visió</context_abbrev>
		<context_description>Els serveis de pagament per visió resulten útils per als usuaris/usuàries que no disposen d&apos;accés directe per subscripció als articles de revistes electròniques. Així, aquests usuaris/usuàries hi poden obtenir accés directe mitjançant el sistema de pagament segur amb targeta de crèdit de l&apos;RSC. Una vegada s&apos;han validat els detalls del pagament, l&apos;usuari/usuària obté accés a l&apos;article sol·licitat per a un període de 30 dies.</context_description>

		<search>
			<search_title>Ingenta</search_title>
			<search_description>Ingenta restringeix l&apos;accés als articles de text complet. Malgrat que l&apos;accés als textos complets sigui de pagament, aquest lloc web també es pot utilitzar com a índex gratuït.</search_description>
			<url>http://www.ingenta.com/</url>
			<search_url>http://www.ingenta.com/isis/searching/Search/ingenta?database=1&amp;title={$formKeywords}</search_url>
		</search>
		<search>
			<search_title>ebrary</search_title>
			<search_description>Els investigadors independents que no disposen d&apos;accés a les bases de dades d&apos;ebrary a través de la seva biblioteca poden crear un compte individual per només 5 dòlars. ebrary Discover abasta un gran nombre de disciplines acadèmiques i proporciona accés a més de 20.000 títols reconeguts, entre els quals s&apos;inclouen llibres de text complet, partitures, informes i altres documents de més de 175 entitats editores de prestigi, com ara Cambridge University Press, Random House, Inc. i The McGraw-Hill Companies.</search_description>
			<url>http://www.ebrary.com/corp/</url>
			<search_url>http://shop.ebrary.com/Top?layout=search&amp;f00=text&amp;p01=&amp;f01=subject&amp;d=journal&amp;l=en&amp;sch=%A0%A0%A0%A0%A0Search%A0%A0%A0%A0%A0&amp;frm=adv.x&amp;p00={$formKeywords}</search_url>
		</search>
		<search>
			<search_title>Questia</search_title>
			<search_description>Questia ofereix accés a més de 47.000 llibres i 370.000 articles de revistes, magazins i diaris. Tots els llibres i articles són de text complet. La tarifa de subscripció és de 19,95 dòlars mensuals o 99,95 dòlars anuals.</search_description>
			<url>http://www.questia.com/</url>
			<search_url>http://www.questia.com/SM.qst?act=search&amp;keywordsSearchType=1000&amp;mediaType=book&amp;mediaType=journal&amp;mediaType=magazine&amp;mediaType=newspaper&amp;mediaType=encyclopedia&amp;mediaType=startpage&amp;keywords={$formKeywords}</search_url>
		</search>
		<search>
			<search_title>Wiley InterScience Pay-Per-View Service</search_title>
			<search_description>Wiley InterScience Pay-Per-View proporciona accés instantani i complet a una extensa col·lecció d&apos;articles de revistes i capítols de llibres disponibles a Wiley InterScience sense necessitat de subscripció. Així, qualsevol usuari/usuària pot accedir directament a aquests recursos mitjançant un pagament amb targeta de crèdit. L&apos;accés és instantani i té una durada de 24 hores.</search_description>
			<url>http://www3.interscience.wiley.com/aboutus/ppv-articleselect.html</url>
			<search_url>http://www3.interscience.wiley.com/search/allsearch</search_url>
			<search_post>allContentSearchForm=&amp;mode=quicksearch&amp;WISindexid1=WISall&amp;WISsearch1={$formKeywords}</search_post>		</search>
	</context>
	<context>
		<context_title>Enquestes</context_title>
		<context_abbrev>Enquestes</context_abbrev>
		<context_description>Ofereix accés a enquestes d&apos;importància reconeguda en l&apos;àmbit de les ciències socials.</context_description>

		<search>
			<search_title>The Gallup Organization</search_title>
			<search_description>El lloc web de Gallup permet fer cerques per paraula clau i també disposa d&apos;un índex temàtic que inclou matèries diverses com ara l&apos;avortament, el finançament de campanyes polítiques, les drogues il·legals o l&apos;establiment d&apos;impostos. A més, ofereix resultats d&apos;enquestes realitzades des de la dècada del 1950 i fins l&apos;actualitat.</search_description>
			<url>http://www.gallup.com/</url>
			<search_url>http://www.gallup.com/search/results.aspx?SearchConType=&amp;SearchTypeAll=any&amp;SearchTypeExa=any&amp;SearchTypeAny=any&amp;SearchTypeNon=any&amp;SearchTextExa=&amp;SearchTextAny=&amp;SearchTextNon=&amp;SearchSiteInd=&amp;SearchSiteAll=&amp;SearchDateBef=&amp;SearchDateAft=&amp;SearchDateBMo=&amp;SearchDateAMo=&amp;SearchDateBDa=&amp;SearchDateADa=&amp;SearchDateBYe=&amp;SearchDateAYe=&amp;SearchTextAll={$formKeywords}</search_url>
		</search>
		<search>
			<search_title>Public Agenda Online</search_title>
			<search_description>Public Agenda és una organització finançada per 14 fundacions orientades a serveis. En aquest lloc web es recullen 21 guies sobre temes com l&apos;avortament, la delinqüència, el pressupost federal, les diferències racials o l&apos;assistència sanitària als EUA. A més, també inclou assajos analítics, resums d&apos;articles de premsa i gràfics de resultats d&apos;enquestes per a complementar les matèries tractades.</search_description>
			<url>http://www.publicagenda.org/</url>
			<search_url>http://www.publicagenda.org/search/search_details.cfm</search_url>
			<search_post>StartRow=1&amp;searchstring={$formKeywords}</search_post>		</search>
		<search>
			<search_title>PollingReport.com</search_title>
			<search_description>PollingReport.com és un recurs independent i imparcial que ofereix informació sobre les tendències de l&apos;opinió pública als EUA.</search_description>
			<url>http://www.pollingreport.com/</url>
			<search_url>http://www.pollingreport.com/_vti_bin/shtml.exe/search.htm</search_url>
			<search_post>VTI-GROUP=0&amp;search={$formKeywords}</search_post>		</search>
	</context>
	<context>
		<context_title>Dades sobre ciències socials</context_title>
		<context_abbrev>Dades sobre ciències socials</context_abbrev>
		<context_description>Permet accedir a un extens arxiu dedicat a la recerca i l&apos;ensenyament de les ciències socials.</context_description>

		<search>
			<search_title>Inter-University Consortium for Political and Social Research (ICPSR)</search_title>
			<search_description>El web de l&apos;Inter-University Consortium for Political and Social Research (ICPSR) conté una sèrie d&apos;arxius dedicats a les ciències socials, amb prop de 5.000 títols i més de 45.000 fitxers individuals pertanyents a més de 300 institucions de tot el món.</search_description>
			<url>http://www.icpsr.umich.edu/</url>
			<search_url>http://search.icpsr.umich.edu/ICPSR/query.html?nh=25&amp;rf=3&amp;ws=0&amp;op0=%2B&amp;fl0=&amp;ty0=w&amp;col=abstract&amp;col=series&amp;col=uncat&amp;op1=-&amp;tx1=restricted&amp;ty1=w&amp;fl1=availability%3A&amp;op2=%2B&amp;tx2=ICPSR&amp;ty2=w&amp;fl2=archive%3A&amp;tx0={$formKeywords}</search_url>
		</search>
		<search>
			<search_title>OECD Statistics Portal</search_title>
			<search_description>L&apos;OECD Statistics Portal recull les estadístiques necessàries per a la seva tasca analítica. Aquests recursos provenen de les agències estadístiques dels seus països membres. L&apos;OECD desenvolupa i promou estàndards estadístics internacionals i coordina activitats estadístiques amb altres agències internacionals.</search_description>
			<url>http://www.oecd.org/statsportal/0,2639,en_2825_293564_1_1_1_1_1,00.html</url>
			<search_url>http://www.oecd.org/searchResult/0,2665,en_2825_293564_1_1_1_1_1,00.html?searchText=&amp;fpDepartment=293564&amp;fpSearchExact=3&amp;fpSearchText={$formKeywords}</search_url>
		</search>
		<search>
			<search_title>Australian Social Science Data Archive</search_title>
			<search_description>L&apos;Australian Social Science Data Archive (ASSDA) és membre de la International Federation of Data Organisations (IFDO), a través de la qual manté contactes amb organitzacions internacionals dedicades a la informatització de dades i documentació de l&apos;àmbit de les ciències socials. El seu lloc web inclou enllaços a altres arxius de dades.</search_description>
			<url>http://assda.anu.edu.au/</url>
			<search_url>http://assda.anu.edu.au/htdig/htsearch?method=and&amp;format=builtin-long&amp;sort=score&amp;config=assda&amp;restrict=http://assda.anu.edu.au/&amp;exclude=&amp;words={$formKeywords}</search_url>
		</search>
		<search>
			<search_title>UK Data Archive</search_title>
			<search_description>L&apos;UK Data Archive (UKDA) és gestionat per la University of Essex i conté la col·lecció més extensa del Regne Unit de dades informatitzades relacionades amb els àmbits de les ciències socials i les humanitats. Es tracta d&apos;un centre de recursos d&apos;àmbit nacional que ofereix informació a tot el Regne Unit i també a escala internacional gràcies als acords establerts amb altres arxius nacionals. Va ser fundat l&apos;any 1967 i actualment recull uns 7.000 conjunts de dades d&apos;interès per a investigadors de tots els sectors, provinents d&apos;una gran varietat de disciplines.</search_description>
			<url>http://www.data-archive.ac.uk/</url>
			<search_url>http://www.data-archive.ac.uk/search/allSearch.asp?ct=xmlAll&amp;zoom_and=1&amp;q1={$formKeywords}</search_url>
		</search>
		<search>
			<search_title>Social Science Data on the Internet</search_title>
			<search_description>Social Science Data on the Internet és una extensa col·lecció de 873 llocs web que contenen dades estadístiques numèriques sobre ciències socials, catàlegs de dades, biblioteques de dades, passarel·les de ciències socials i fitxers censals econòmics i financers.</search_description>
			<url>http://3stages.org/idata/</url>
			<search_url>http://odwin.ucsd.edu/cgi-bin/easy_search2?print=notitle&amp;file+Data+on+the+Net=%2Fdata%2Fdata.html&amp;amp;skip=search.html&amp;header=%2Fheader%2Fheader&amp;search={$formKeywords}</search_url>
		</search>
	</context>
	<context>
		<context_title>Teories socials</context_title>
		<context_abbrev>Teories socials</context_abbrev>
		<context_description>Permet cercar llocs que continguin informació relacionada amb les teories socials.</context_description>

		<search>
			<search_title>CTheory (cal registrar-s&apos;hi)</search_title>
			<search_description>Lloc web subvencionat pel Canadian Journal of Political and Social Theory que inclou ressenyes periòdiques d&apos;obres teòriques, tecnològiques i culturals clau del panorama actual internacional. </search_description>
			<url>http://www.ctheory.net/</url>
			<search_url>http://www.google.com/search?q=site%3Awww.ctheory.net+{$formKeywords}</search_url>
		</search>
	</context>
	<context>
		<context_title>Cerques en llibres</context_title>
		<context_abbrev>Cerques en llibres</context_abbrev>
		<context_description>Recursos relacionats amb llibres.</context_description>

		<search>
			<search_title>Cerca de llibres de Google</search_title>
			<search_description>Google actualment col·labora amb les biblioteques de la University of Michigan, la Harvard University, l&apos;Stanford University i l&apos;Oxford University, i també amb la New York Public Library, per a digitalitzar les seves col·leccions i fer-les accessibles mitjançant el servei Cerca de llibres de Google, un projecte d&apos;escaneig massiu que vol incorporar milions de volums d&apos;obres impreses a la seva base de dades. En fer clic al títol d&apos;un llibre se&apos;n visualitza la pàgina que conté els termes de cerca triats. A més, una vegada s&apos;ha accedit al llibre s&apos;hi poden fer cerques més específiques, i també cercar-ne ressenyes, informació sobre l&apos;entitat editora i altres dades relacionades. Finalment, Cerca de llibres de Google també permet trobar biblioteques properes que disposin de l&apos;obra, o bé comprar-la per Internet.</search_description>
			<url>http://books.google.es/</url>
			<search_url>http://print.google.com/print?q={$formKeywords}</search_url>
		</search>
		<search>
			<search_title>The Online Books Page</search_title>
			<search_description>The Online Books Page, gestionada per John Mark Ockerbloom, de la University of Pennsylvania. Es tracta d&apos;un excel·lent punt de partida per a la cerca de llibres de text complet a Internet. Conté enllaços a més de 20.000 obres en anglès disponibles en diversos formats i diversos llocs web. Permet cercar les entrades per autor/a o per títol. A més, presenta una interessant característica que permet navegar per les categories de signatures de la Library of Congress. Regularment s&apos;hi afegeixen noves llistes, consultables per separat a &lt;a href=&quot;http://onlinebooks.library.upenn.edu/new.html&quot;&gt;http://onlinebooks.library.upenn.edu/new.html&lt;/a&gt;.</search_description>
			<url>http://digital.library.upenn.edu/books/</url>
			<search_url>http://onlinebooks.library.upenn.edu/webbin/book/search?tmode=words&amp;title={$formKeywords}</search_url>
		</search>
		<search>
			<search_title>Books-On-Line</search_title>
			<search_description>Aquesta pàgina conté una col·lecció de 32.935 títols, encara que en alguns casos només es tracta de fragments. Permet navegar per matèries o bé cercar per autor/a o per títol. Cal tenir en compte que algunes de les obres són de pagament.</search_description>
			<url>http://www.books-on-line.com/</url>
			<search_url>http://www.books-on-line.com/bol/KeyWordSearch.cfm?RowCount=50&amp;Searchquery={$formKeywords}</search_url>
		</search>
		<search>
			<search_title>The Universal Digital Library</search_title>
			<search_description>The Universal Digital Library és un projecte força complex i ambiciós que fins l&apos;any 2007 ja havia recopilat una col·lecció d&apos;un milió de llibres electrònics (alguns dels quals provenen del Projecte Gutenberg), i que vol seguir creixent gràcies als seus 50 centres d&apos;escaneig repartits per tot el món.</search_description>
			<url>http://tera-3.ul.cs.cmu.edu/</url>
			<search_url>http://tera-3.ul.cs.cmu.edu/cgi-bin/DBscripts/advsearch_db.cgi?perPage=25&amp;listStart=0&amp;author1=&amp;subject1=Any&amp;year1=&amp;year2=&amp;language1=Any&amp;scentre=Any&amp;search=Search&amp;title1={$formKeywords}</search_url>
		</search>
	</context>
	<context>
		<context_title>Bases de dades</context_title>
		<context_abbrev>Bases de dades</context_abbrev>
		<context_description>Permet accedir a estudis relacionats mitjançant un enllaç a una base de dades d&apos;accés lliure (gratuïta) que conté resums i/o textos complets relacionats amb el vostre tema de recerca.</context_description>

		<search>
			<search_title>Country Studies: Area Handbook Series</search_title>
			<search_description>Lloc web de la Library of Congress que ofereix gran quantitat d&apos;informació sobre diversos països. La Country Studies Series ofereix informació i anàlisis del marc històric i les institucions els sistemes i socials, econòmics, polítics i nacionals de diversos països.</search_description>
			<url>http://lcweb2.loc.gov/frd/cs/cshome.html</url>
			<search_url>http://search.loc.gov:8765/query.html?col=loc&amp;qp=url%3A%2Frr%2Ffrd%2F&amp;submit.x=11&amp;submit.y=9&amp;qt={$formKeywords}</search_url>
		</search>
		<search>
			<search_title>International Monetary Fund (IMF)</search_title>
			<search_description>International Monetary Fund (IMF). Base de dades de publicacions de l&apos;IMF. Recull informes estatals, documents de treball, documents ocasionals i informes polítics. Alguns dels documents enumerats en aquest lloc no són consultables en text complet, però es troben disponibles en versió impresa a la biblioteca principal de la UCB.</search_description>
			<url>http://www.imf.org/external/pubind.htm</url>
			<search_url>http://www.imf.org/external/pubs/cat/shortres.cfm?auth_ed=&amp;subject=&amp;ser_note=All&amp;datecrit=During&amp;YEAR=Year&amp;Lang_F=All&amp;brtype=Date&amp;submit=Search&amp;TITLE={$formKeywords}</search_url>
		</search>
		<search>
			<search_title>Documents de projecte de l&apos;Inter-American Development Bank</search_title>
			<search_description>Documents de projecte de l&apos;Inter-American Development Bank. Permet navegar-hi per país o per sector econòmic, i inclou tant propostes de projecte com projectes aprovats.</search_description>
			<url>http://www.iadb.org/exr/pic/index.cfm?language=english</url>
			<search_url>http://search.iadb.org/search.asp?ServerKey=Primary&amp;collection=newcoll&amp;language=English&amp;ResultTemplate=default1.hts&amp;ResultStyle=normal&amp;ViewTemplate=docview.hts&amp;Querytext={$formKeywords}</search_url>
		</search>
		<search>
			<search_title>CIA World FactBook</search_title>
			<search_description>Desclassificat des de l&apos;any 1971, el World Fact Book de la Central Intelligence Agency (CIA) és un recurs de publicació anual que ofereix informació de qualitat sobre estats independents, dominis territorials, territoris de sobirania especial, regions no habitables i oceans, amb un total de 267 entrades. Cadascuna d&apos;aquestes entrades inclou estadístiques físiques i demogràfiques, un resum de la situació econòmica i informació relativa a les comunicacions, el transport i l&apos;àmbit militar.</search_description>
			<url>https://www.cia.gov/library/publications/the-world-factbook/index.html</url>
			<search_url>https://www.cia.gov/search?NS-search-page=results&amp;NS-tocstart-pat=/text/HTML-advquery-tocstart.pat</search_url>
			<search_post>NS-search-type=NS-boolean-query&amp;NS-max-records=20&amp;NS-sort-by=&amp;NS-max-records=20&amp;NS-collection=Everything&amp;NS-query={$formKeywords}</search_post>		</search>
	</context>
	<context>
		<context_title>Portals d&apos;interès</context_title>
		<context_abbrev>Portals d&apos;interès</context_abbrev>
		<context_description>Portals d&apos;interès</context_description>

		<search>
			<search_title>Australian Social Science Data Archive</search_title>
			<search_description>L&apos;Australian Social Science Data Archive (ASSDA) és membre de la International Federation of Data Organisations (IFDO), a través de la qual manté contactes amb organitzacions internacionals dedicades a la informatització de dades i documentació de l&apos;àmbit de les ciències socials. El seu lloc web inclou enllaços a altres arxius de dades.</search_description>
			<url>http://assda.anu.edu.au/</url>
			<search_url>http://assda.anu.edu.au/htdig/htsearch?method=and&amp;format=builtin-long&amp;sort=score&amp;config=assda&amp;restrict=http://assda.anu.edu.au/&amp;exclude=&amp;words={$formKeywords}</search_url>
		</search>
		<search>
			<search_title>Social Science Research Network - SSRN (Austin, Texas, EUA)</search_title>
			<search_description>La Social Science Research Network (SSRN) es dedica a la difusió de la recerca en ciències socials a escala mundial i està formada per una sèrie de xarxes de recerca especialitzades en les diferents branques d&apos;aquesta disciplina.</search_description>
			<url>http://www.ssrn.com/</url>
			<search_url>http://papers.ssrn.com/sol3/results.cfm</search_url>
			<search_post>searchTitle=Title&amp;searchAbstract=Abstract&amp;txtAuthorsFName=&amp;txtAuthorsLName=&amp;optionDateLimit=0&amp;Form_Name=Abstract_Search&amp;txtKey_Words={$formKeywords}</search_post>		</search>
		<search>
			<search_title>SocioSite</search_title>
			<search_description>SocioSite és una guia multipropòsit per a sociòlegs. Aquest lloc web creat als Països Baixos inclou enllaços a diversos recursos internacionals.</search_description>
			<url>http://www.sociosite.net/</url>
			<search_url>http://www.google.com/search?q=site:www2%2Efmg%2Euva%2Enl%2Fsociosite%2F+</search_url>
		</search>
		<search>
			<search_title>Statistical Resources on the Web</search_title>
			<search_description>Aquest lloc web, creat i gestionat per l&apos;University of Michigan Documents Center, s&apos;organitza en àrees temàtiques generals com ara Política o Estadístiques, per tal de facilitar la recerca.</search_description>
			<url>http://www.lib.umich.edu/govdocs/statsnew.html</url>
			<search_url>http://www.google.com/u/umlib?hl=en&amp;lr=&amp;ie=ISO-8859-1&amp;domains=www.lib.umich.edu&amp;sitesearch=www.lib.umich.edu&amp;q=inurl%3Agovdocs+-govdocs%2Fadnotes%2F+%0D%0A-govdocs%2Fgodort%2F&amp;q={$formKeywords}</search_url>
		</search>
	</context>
	<context>
		<context_title>Fòrums en línia</context_title>
		<context_abbrev>Fòrums en línia</context_abbrev>
		<context_description>En aquesta secció s&apos;ofereixen una sèrie de fòrums d&apos;accés lliure que poden enriquir el context dels estudis de recerca del vostre lloc.</context_description>

		<search>
			<search_title>H-Net Humanities and Social Sciences Online</search_title>
			<search_description>H-Net Humanities and Social Sciences Online ofereix informació i recursos a tots els usuaris/usuàries interessats en les humanitats i les ciències socials.</search_description>
			<url>http://www.h-net.msu.edu/</url>
			<search_url>http://www.h-net.org/logsearch/index.cgi?type=keyword&amp;order=relevance&amp;list=All+lists&amp;hitlimit=25&amp;smonth=00&amp;syear=1989&amp;emonth=11&amp;eyear=2004&amp;phrase={$formKeywords}</search_url>
		</search>
		<search>
			<search_title>Intute: Social Sciences - Conferences and Events</search_title>
			<search_description>Intute: Social Sciences - Conferences and Events permet cercar conferències, presentacions i altres esdeveniments relacionats amb les ciències socials.</search_description>
			<url>http://www.intute.ac.uk/socialsciences/conferences.html</url>
			<search_url>http://www.intute.ac.uk/socialsciences/cgi-bin/conferences.pl?type=All+events&amp;subject=All%7CAll+subjects&amp;submit.x=0&amp;submit.y=0&amp;submit=Go&amp;term={$formKeywords}</search_url>
		</search>
		<search>
			<search_title>Sociology Online</search_title>
			<search_description>Sociology Online és un lloc web destinat als estudiants de sociologia, criminologia i teoria social. S&apos;hi inclouen recursos com ara presentacions de diapositives o jocs de preguntes i respostes, i també la pàgina Socio-News.</search_description>
			<url>http://www.sociologyonline.co.uk/</url>
			<search_url>http://ccgi.sociologyonline.force9.co.uk/cgi-bin/site/searchnews.pl?dosearch</search_url>
			<search_post>match=keywords&amp;searchin=(All)&amp;author=(All)&amp;category=(All)&amp;newsfrom=(All)&amp;resultnumber=10&amp;sort=new&amp;multipage=on&amp;linkcompression=10&amp;highlight=on&amp;searchquery={$formKeywords}</search_post>		</search>
	</context>
	<context>
		<context_title>Materials legals</context_title>
		<context_abbrev>Materials legals</context_abbrev>
		<context_description>Ofereix accés gratuït a través d&apos;Internet a materials legals de diversos països.</context_description>

		<search>
			<search_title>Australasian Legal Information Institute (AustLII)</search_title>
			<search_description>L&apos;Australasian Legal Information Institute (AustLII) ofereix accés gratuït a través d&apos;Internet a materials legals de l&apos;estat australià. Un dels objectius de l&apos;agenda de polítiques públiques de l&apos;AustLII és facilitar l&apos;accés a la justícia mitjançant la millora de l&apos;accés a la informació. Ha esdevingut una de les fonts més riques de materials legals a la xarxa, amb més de quatre milions de documents consultables.</search_description>
			<url>http://www.austlii.org/</url>
			<search_url>http://www.austlii.edu.au/cgi-bin/sinocgi.cgi?method=any&amp;meta=%2Fau&amp;results=50&amp;submit=Search&amp;rank=on&amp;callback=on&amp;query={$formKeywords}</search_url>
		</search>
		<search>
			<search_title>Legal Information Institute (EUA)</search_title>
			<search_description>El Legal Information Institute dels EUA ofereix una gran col·lecció de materials amb informació sobre més de cent temes legals. Inclou enllaços a lleis i recursos web relacionats, estatuts i codis estatals i federals, sentències de tribunals, decisions judicials en els àmbits federal i estatal i lleis classificades segons el seu origen federal, estatal o internacional. A més, també ofereix recursos d&apos;actualitat, com ara la secció Eye on the Courts (que ofereix notícies sobre decisions judicials rellevants) i un apartat de directoris en què es recullen enllaços a organitzacions i publicacions de l&apos;àmbit legal, i també directoris de jutges, advocats i escoles de dret.</search_description>
			<url>http://www.law.cornell.edu/</url>
			<search_url>http://www.law.cornell.edu/wex/index.php/Special:Search?fulltext=Search&amp;search={$formKeywords}</search_url>
		</search>
		<search>
			<search_title>British and Irish Legal Information Institute (BAILII)</search_title>
			<search_description>El British and Irish Legal Information Institute (BAILII) recull la col·lecció més extensa de materials legals primaris del Regne Unit i Irlanda que ofereix accés en línia gratuït i centralitzat en un sol lloc web. L&apos;agost de l&apos;any 2007, el BAILII ja disposava de 76 bases de dades que cobrien 7 jurisdiccions. El sistema conté uns 11 gigabytes de materials legals i uns 200.000 documents consultables.</search_description>
			<url>http://www.bailii.org/</url>
			<search_url>http://www.bailii.org/cgi-bin/sino_search_1.cgi?sort=rank&amp;method=boolean&amp;highlight=1&amp;mask_path=/&amp;query={$formKeywords}</search_url>
		</search>
		<search>
			<search_title>Canadian Legal Information Institute (CanLII)</search_title>
			<search_description>El Canadian Legal Information Institute (CanLII) és un recurs permanent dedicat a la llei canadenca que va ser creat originalment com a prototip per a la publicació i distribució gratuïtes de material legal primari del Canadà.</search_description>
			<url>http://www.canlii.org/en/index.html</url>
			<search_url>http://www.canlii.org/eliisa/search.do?language=en&amp;searchTitle=Search+all+CanLII+Databases&amp;searchPage=eliisa%2FmainPageSearch.vm&amp;id=&amp;startDate=&amp;endDate=&amp;legislation=legislation&amp;caselaw=courts&amp;boardTribunal=tribunals&amp;text={$formKeywords}</search_url>
		</search>
		<search>
			<search_title>World Legal Information Institute (WorldLII)</search_title>
			<search_description>El World Legal Information Institute (WorldLII) és un centre independent i sense ànim de lucre dedicat a la recerca legal a escala global.</search_description>
			<url>http://www.worldlii.org/</url>
			<search_url>http://www.worldlii.org/form/search/?method=any&amp;meta=%2Fworldlii&amp;results=50&amp;submit=Search&amp;rank=on&amp;callback=on&amp;query={$formKeywords}</search_url>
		</search>
		<search>
			<search_title>FindLaw</search_title>
			<search_description>FindLaw és un dels millors exemples de metalloc dedicat a una matèria concreta. Aquest lloc web no només ofereix un directori de recursos electrònics acuradament classificats, sinó que també inclou un cercador de pàgines web, una extensa base de dades gratuïta que recull decisions del Tribunal Suprem dels EUA, un cercador i un directori de butlletins jurídics en línia, una col·lecció de codis estatals, cursos interactius de formació continuada i grups de discussió sobre matèries legals.</search_description>
			<url>http://www.findlaw.com/</url>
			<search_url>http://lawcrawler.findlaw.com/scripts/lc.pl?submit=search&amp;sites=findlaw.com&amp;entry={$formKeywords}</search_url>
		</search>
		<search>
			<search_title>Jurist: Legal News &amp; Research</search_title>
			<search_description>Aquest lloc web és un servei en temps real dedicat a la recerca en l&apos;àmbit legal. És gestionat per un equip de més de 30 estudiosos/es de matèries legals, editors/es i desenvolupadors/es web dirigits pel professor Bernard Hibbits de la University of Pittsburg School of Law (Pennsilvània, EUA). La majoria de membres de l&apos;equip col·laboren voluntàriament en el projecte. </search_description>
			<url>http://jurist.law.pitt.edu/</url>
			<search_url>http://www.picosearch.com/cgi-bin/ts.pl?index=110412&amp;opt=ALL&amp;SEARCH=Search+JURIST+5000&amp;query={$formKeywords}</search_url>
		</search>
	</context>
	<context>
		<context_title>Polítiques governamentals</context_title>
		<context_abbrev>Polítiques gov.</context_abbrev>
		<context_description>Ofereix accés a la passarel·la d&apos;informació i serveis gestionada pels governs dels Estats Units i el Canadà.</context_description>

		<search>
			<search_title>Accés a informació i serveis del govern d&apos;Austràlia</search_title>
			<search_description>L&apos;Entry Point del govern australià ofereix accés integrat a una gran quantitat de serveis i informació governamentals. La informació consultable en aquest lloc web és molt extensa. Així, &lt;a href=&quot;http://www.australia.gov.au&quot;&gt;www.australia.gov.au&lt;/a&gt; aplega més de 700 llocs web del govern australià, indexa més de 5.000.000 pàgines i utilitza tant la indexació de metadades com de text complet per a oferir un servei exhaustiu i global.</search_description>
			<url>http://www.australia.gov.au/</url>
			<search_url>http://govsearch.australia.gov.au/search/search.cgi?collection=gov&amp;form=au&amp;query=&amp;query_phrase=&amp;query_or=&amp;query_not=&amp;meta_f_sand=&amp;scope=&amp;fscope=512&amp;num_ranks=20&amp;chksummary=chksummary&amp;query_and={$formKeywords}</search_url>
		</search>
		<search>
			<search_title>Government of Canada Publicatons</search_title>
			<search_description>Aquest lloc web ofereix accés a publicacions gratuïtes i de pagament dels departaments del govern canadenc. La seva base de dades encara no conté la totalitat de documents publicats, però a dia d&apos;avui compta amb més de 100.000 publicacions indexades i aquesta xifra augmenta regularment gràcies a la col·laboració contínua amb els departaments implicats.</search_description>
			<url>http://publications.gc.ca/</url>
			<search_url>http://publications.gc.ca/control/quickPublicSearch?searchAction=2&amp;termValue={$formKeywords}</search_url>
		</search>
		<search>
			<search_title>Govern del Canadà</search_title>
			<search_description>Permet fer cerques a tots els departaments governamentals i als departaments i agències federals, així com als governs provincials, territorials i municipals. Inclou enllaços als diversos departaments i agències, així com un índex alfabètic que permet cercar programes i serveis per paraula clau. 

Recentment s&apos;ha afegit un nou element a aquest lloc web: una pàgina de «Divulgació proactiva», en què es publica informació sobre les despeses per desplaçament i allotjament per als càrrecs més destacats del govern i també es divulguen dades relatives a contractes, subvencions i aportacions públiques. 

La pàgina About Canada ofereix enllaços als diversos departaments, agències i altres estructures del govern canadenc, així com a les comissions d&apos;investigació existents, entre d&apos;altres. 

A més, el govern canadenc també ha creat una sèrie de portals que recopilen tant informació provinent de fonts federals i provincials com dades proporcionades per organitzacions no governamentals.</search_description>
			<url>http://www.canada.gc.ca/main_e.html</url>
			<search_url>http://search-recherche.gc.ca/cgi-bin/query?mss=canada%2Fen%2Fsimple.html&amp;enc=iso88591&amp;pg=q&amp;kl=en&amp;site=main&amp;q={$formKeywords}</search_url>
		</search>
		<search>
			<search_title>Directgov</search_title>
			<search_description>Directgov és un servei del govern del Regne Unit que ofereix accés a una gran quantitat d&apos;informació actualitzada sobre els serveis públics, tant a través d&apos;Internet com per mitjà de la televisió digital. Directgov utilitza les especificacions formulades per la iniciativa GovTalk del govern del Regne Unit.</search_description>
			<url>http://www.direct.gov.uk</url>
			<search_url>http://www.direct.gov.uk/AdvancedSearch/SearchResults/fs/en?NP=1&amp;PO1=C&amp;PI1=W&amp;PF1=A&amp;PG=1&amp;RP=20&amp;SC=__dgov_site&amp;Z=1&amp;PT1={$formKeywords}</search_url>
		</search>
		<search>
			<search_title>USA.gov</search_title>
			<search_description>USA.gov és un lloc web oficial del govern dels EUA que ofereix informació i serveis a través d&apos;Internet.</search_description>
			<url>http://www.usa.gov/</url>
			<search_url>http://www.firstgov.gov/fgsearch/index.jsp?db=www-fed-all&amp;st=AS&amp;ms0=should&amp;mt0=all&amp;rn=2&amp;parsed=true&amp;x=5&amp;y=16&amp;mw0={$formKeywords}</search_url>
		</search>
		<search>
			<search_title>Info4local.gov.uk</search_title>
			<search_description>Informació per a governs locals proporcionada pel govern central del Regne Unit. Aquest lloc web ofereix un accés fàcil i ràpid a informació d&apos;interès dels llocs web dels departaments, agències i organismes públics governamentals. Inclou una gran quantitat d&apos;informació relativa a la implementació de l&apos;administració electrònica.</search_description>
			<url>http://www.info4local.gov.uk</url>
			<search_url>http://www.info4local.gov.uk/?view=Search+results&amp;subjects=all&amp;departmentsIds=0&amp;informationTypesIds=all&amp;query={$formKeywords}</search_url>
		</search>
		<search>
			<search_title>Portal del govern de Nova Zelanda</search_title>
			<search_description>El portal del govern neozelandès ofereix informació, enllaços i opcions de cerca als serveis en línia i fora de línia de la majoria d&apos;agències governamentals. L&apos;State Services Commission és el departament governamental encarregat de la gestió i el manteniment d&apos;aquest lloc web.</search_description>
			<url>http://www.govt.nz</url>
			<search_url>http://www.govt.nz/search?type=spider&amp;t=spider&amp;q={$formKeywords}</search_url>
		</search>
		<search>
			<search_title>Europa</search_title>
			<search_description>Aquest lloc web ofereix informació actualitzada sobre els estats membres de la Unió Europea: dades estadístiques, directives, notícies, documents oficials, textos legals i altres publicacions.</search_description>
			<url>http://europa.eu/</url>
			<search_url>http://europa.eu.int/geninfo/query/resultaction.jsp?page=1</search_url>
			<search_post>Collection=EuropaFull&amp;ResultTemplate=/result_en.jsp&amp;ResultCount=25&amp;qtype=simple&amp;ResultMaxDocs=200&amp;DefaultLG=en&amp;QueryText={$formKeywords}</search_post>		</search>
		<search>
			<search_title>The Global Legal Information Network (GLIN)</search_title>
			<search_description>The Global Legal Information Network (GLIN) és una base de dades que recull lleis, regulacions, decisions judicials i altres recursos legals addicionals d&apos;agències governamentals i organismes internacionals. Els membres d&apos;aquesta xarxa proporcionen accés als textos oficials complets dels documents publicats en la seva llengua original. Cada document s&apos;acompanya d&apos;un resum en anglès (i de vegades en altres llengües) i d&apos;una llista de termes rellevants seleccionats de l&apos;índex multilingüe de GLIN.</search_description>
			<url>http://www.glin.gov</url>
			<search_url>http://www.glin.gov/search.do?refineQuery=&amp;offset=0&amp;refineQueryType=&amp;fromSearch=true&amp;queryType=ALL&amp;searchBtn=Search&amp;includeAllFields=on&amp;searchAll=on&amp;sumLanguage=any&amp;pubLanguage=any&amp;pubJurisdiction=any&amp;publicationJurisdictionExclude=false&amp;searchPublicationDate=true&amp;dateFromDay=01&amp;dateFromMonth=01&amp;dateFromYear=&amp;dateToDay=01&amp;dateToMonth=01&amp;dateToYear=&amp;subjTerm=&amp;subjTermConjunction%5B0%5D=AND&amp;subjTerm=&amp;subjTermConjunction%5B1%5D=AND&amp;subjTerm=&amp;subjTermConjunction%5B2%5D=AND&amp;subjTerm=&amp;subjTermConjunction%5B3%5D=AND&amp;subjTerm=&amp;searchOrder=default&amp;hitsPerPage=10&amp;showSummary=on&amp;queryString={$formKeywords}</search_url>
		</search>
		<search>
			<search_title>Eur-Lex - Access to European Union law</search_title>
			<search_description>Eur-Lex (European Union Law). Servei gratuït que permet accedir al Diari Oficial de la Unió Europea, els textos complets dels tractats de la Unió, les versions consolidades de la legislació existent i les sentències emeses recentment pel Tribunal de Justícia de les Comunitats Europees.</search_description>
			<url>http://eur-lex.europa.eu/es/index.htm</url>
			<search_url>http://europa.eu.int/search/s97.vts?Action=FilterSearch&amp;COLLECTION=EURLEXfiles&amp;Filter=EUROPA_filter.hts&amp;ResultTemplate=eur-lex_res-en.hts&amp;QueryMode=Simple&amp;SearchPage=%2Feur-lex%2Fen%2Findex.html&amp;SearchIn=http%3A%2F%2Feuropa.eu.int%2Feur-lex%2Fen&amp;SortField=Score&amp;SortOrder=desc&amp;StartDate=&amp;HTMLonly=&amp;ResultCount=25&amp;queryText={$formKeywords}</search_url>
		</search>
		<search>
			<search_title>Rulers</search_title>
			<search_description>Aquest lloc web conté llistes dels caps d&apos;estat i els caps de govern (i, en alguns casos, els líders de facto que no ocupen cap d&apos;aquests càrrecs formals) de tots els països i territoris. En la majoria de casos, la informació es remunta fins l&apos;any 1700. A més, també inclou informació sobre les subdivisions territorials de diversos estats i dades sobre els ministres d&apos;afers estrangers més recents de tots els estats, així com una selecció d&apos;organitzacions internacionals i líders religiosos. Finalment, ofereix una crònica dels esdeveniments més rellevants que han tingut lloc a tot el món des de l&apos;any 1996.</search_description>
			<url>http://www.rulers.org/</url>
			<search_url>http://www.google.com/search?q=site%3Arulers.org&amp;q={$formKeywords}</search_url>
		</search>
		<search>
			<search_title>Thomas - Legislative Information on the Internet</search_title>
			<search_description>A través d&apos;aquest servei, la Library of Congress ofereix el text dels projectes de llei emesos pel Congrés dels EUA, el text complet del Congressional Record, informes de comitès de la Cambra de Representants i el Senat i documents històrics.</search_description>
			<url>http://thomas.loc.gov/</url>
			<search_url>http://thomas.loc.gov/cgi-bin/thomas</search_url>
			<search_post>congress=109&amp;database=text&amp;MaxDocs=1000&amp;querytype=phrase&amp;Search=SEARCH&amp;query={$formKeywords}</search_post>		</search>
	</context>
	<context>
		<context_title>Notícies als mitjans</context_title>
		<context_abbrev>Notícies als mitjans</context_abbrev>
		<context_description>Permet iniciar una cerca sobre el tema de l&apos;article que connecta l&apos;usuari/usuària amb articles d&apos;arxiu i articles actuals gratuïts sobre la matèria cercada. Aquests articles s&apos;obtenen dels diaris internacionals més prestigiosos.</context_description>

		<search>
			<search_title>Google News</search_title>
			<search_description>Permet cercar notícies mitjançant una característica específica del popular cercador de Google.</search_description>
			<url>http://news.google.com/</url>
			<search_url>http://news.google.com/news?hl=en&amp;q={$formKeywords}</search_url>
		</search>
		<search>
			<search_title>The Globe and Mail</search_title>
			<search_description><![CDATA[Lloc web del diari canadenc <em>The Globe and Mail</em>, editat a Toronto (últims set dies).]]></search_description>
			<url>http://www.globeandmail.com/</url>
			<search_url>http://www.globeandmail.com/servlet/HTMLTemplate/search?tf=tgam/search/tgam/SearchResults.html&amp;cf=tgam/search/tgam/SearchResults.cfg&amp;current_row=1&amp;start_row=1&amp;num_rows=10&amp;keywords={$formKeywords}</search_url>
		</search>
		<search>
			<search_title>People&apos;s Daily</search_title>
			<search_description><![CDATA[Lloc web del diari xinès <em>People&apos;s Daily</em> (gener 1999 -).]]></search_description>
			<url>http://english.peopledaily.com.cn/</url>
			<search_url>http://search.people.com.cn/was40/people/GB/english_index.jsp?type=1&amp;channel=&amp;Content=&amp;searchword={$formKeywords}</search_url>
		</search>
		<search>
			<search_title>Mail &amp; Guardian</search_title>
			<search_description><![CDATA[Lloc web del diari sud-africà <em>Mail &amp; Guardian</em> (1994 -).]]></search_description>
			<url>http://www.mg.co.za/</url>
			<search_url>http://www.mg.co.za/mg_search_results.aspx?PrintEdition=PrintEdition&amp;DailyNews=DailyNews&amp;SearchSection=&amp;StartDay=&amp;StartMonth=&amp;StartYear=&amp;EndDay=&amp;EndMonth=&amp;EndYear=&amp;keywords={$formKeywords}</search_url>
		</search>
		<search>
			<search_title>National Public Radio</search_title>
			<search_description>Lloc web de la National Public Radio dels Estats Units (accés il·limitat).</search_description>
			<url>http://www.npr.org/archives/</url>
			<search_url>http://www.npr.org/search.php?text={$formKeywords}</search_url>
		</search>
		<search>
			<search_title>The New York Times</search_title>
			<search_description><![CDATA[Lloc web del diari <em>The New York Times</em> (últims set dies).]]></search_description>
			<url>http://www.nytimes.com/</url>
			<search_url>http://query.nytimes.com/search/query?date=site1week&amp;submit.x=1&amp;submit.y=9&amp;query={$formKeywords}</search_url>
		</search>
		<search>
			<search_title>The Japan Times Online</search_title>
			<search_description><![CDATA[Lloc web del diari japonès <em>The Japan Times Online</em> (gener 1999 -).]]></search_description>
			<url>http://www.japantimes.co.jp/</url>
			<search_url>http://www.google.co.jp/custom?domains=japantimes.co.jp&amp;client=pub-4223870936880387&amp;forid=1&amp;ie=Shift_JIS&amp;oe=Shift_JIS&amp;term1=&amp;cof=GALT%3A%23008000%3BGL%3A1%3BDIV%3A%23336699%3BVLC%3A663399%3BAH%3Acenter%3BBGC%3AFFFFFF%3BLBGC%3AFFFFFF%3BALC%3A0000FF%3BLC%3A0000FF%3BT%3A000000%3BGFNT%3A0000FF%3BGIMP%3A0000FF%3BLH%3A60%3BLW%3A200%3BL%3Ahttp%3A%2F%2Fwww.japantimes.co.jp%2Fimages%2Fheader_title.gif%3BS%3Ahttp%3A%2F%2Fwww.japantimes.co.jp%2F%3BFORID%3A1%3B&amp;hl=ja&amp;advancesearch=&amp;q={$formKeywords}</search_url>
		</search>
		<search>
			<search_title>The Moscow Times</search_title>
			<search_description><![CDATA[Lloc web del diari rus <em>The Moscow Times</em> (1994 -).]]></search_description>
			<url>http://www.moscowtimes.ru/doc/Search.html</url>
			<search_url>http://www.moscowtimes.ru/cgi-bin/search?config=&amp;exclude=&amp;method=and&amp;format=long&amp;sort=score&amp;matchesperpage=10&amp;words={$formKeywords}</search_url>
		</search>
		<search>
			<search_title>The Washington Post</search_title>
			<search_description><![CDATA[Lloc web del diari <em>The Washington Post</em> (dues últimes setmanes).]]></search_description>
			<url>http://www.washingtonpost.com/</url>
			<search_url>http://www.washingtonpost.com/cgi-bin/search99.pl?searchsection=news&amp;searchdatabase=news&amp;x=11&amp;y=8&amp;searchtext={$formKeywords}</search_url>
		</search>
		<search>
			<search_title>Newsdirectory</search_title>
			<search_description>Newsdirectory és una extensa guia de mitjans de comunicació en línia en llengua anglesa. Actualment indexa més de 8.000 diaris i revistes, així com més de 1.000 emissores de televisió dels Estats Units.</search_description>
			<url>http://www.newsdirectory.com/</url>
			<search_url>http://www.newsdirectory.com/hbSearch.php</search_url>
			<search_post>s={$formKeywords}&amp; submit=Go</search_post>
		</search>
	</context>
	<context>
		<context_title>Cerca al web</context_title>
		<context_abbrev>Cerca al web</context_abbrev>
		<context_description>Permet fer cerques a Internet mitjançant diversos cercadors.</context_description>

		<search>
			<search_title>Google</search_title>
			<search_description>Empreu el popular cercador Google per a fer tota mena de cerques.</search_description>
			<url>http://www.google.com/</url>
			<search_url>http://www.google.com/search?q={$formKeywords}</search_url>
		</search>
		<search>
			<search_title>Google Acadèmic</search_title>
			<search_description>Google Acadèmic permet fer cerques específiques de documentació acadèmica, com ara articles revisats per persones expertes, tesis, llibres, publicacions preliminars, resums i informes tècnics. Inclou continguts provinents d&apos;una sèrie de prestigiosos agregadors i entitats editores amb els quals Google té acords permanents, com ara l&apos;Association for Computing Machinery, l&apos;IEEE o el servei de catàleg de biblioteques Open WorldCat de l&apos;OCLC, etc. Els resultats mostren les diverses versions del document cercat, l&apos;anàlisi de citacions i la ubicació de la biblioteca on es pot obtenir (actualment només per a llibres).</search_description>
			<url>http://scholar.google.com</url>
			<search_url>http://scholar.google.com/scholar?ie=UTF-8&amp;oe=UTF-8&amp;hl=en&amp;q={$formKeywords}</search_url>
		</search>
		<search>
			<search_title>Clusty the Clustering Engine</search_title>
			<search_description>Aquesta eina de cerca de Vivisimo ofereix resultats agrupats per a una selecció de cerques. Permet fer metacerques a tot el web, o bé utilitzar les diverses pestanyes disponibles per cercar notícies, imatges o productes mitjançant Bizrate o eBay.</search_description>
			<url>http://clusty.com/about</url>
			<search_url>http://clusty.com/search?query={$formKeywords}</search_url>
		</search>
		<search>
			<search_title>Vivisimo</search_title>
			<search_description>La tecnologia de clusterització Vivisimo, desenvolupada pels especialistes en recerca de la Carnegie Mellon University i mereixedora de diversos premis, aporta valor afegit a la informació emmagatzemada per les empreses pertanyents a la llista Fortune 500, els llocs web més visitats, les entitats editores de més prestigi i les agències governamentals, gràcies al seu sistema de classificació immediata dels resultats de cerca en categories. La implantació d&apos;aquest sistema suposa una gran millora en l&apos;accés a la informació sol·licitada.</search_description>
			<url>http://vivisimo.com</url>
			<search_url>http://vivisimo.com/search?tb=homepage&amp;v%3Asources=Web&amp;query={$formKeywords}</search_url>
		</search>
	</context>
</version>